Workbook

Sheet PASH.r1
A1: Samples | B1: Time.raw | C1: Time | D1: Strain | E1: Light | F1: Substrate | G1: HCO3 | H1: NO2 | I1: NH4 | J1: TIN | K1: S2O3 | L1: HCO3_raw | M1: NO2_Raw | N1: NH4_Raw | O1: S_Raw | P1: NH4_1 | Q1: NH4_2 | R1: NH4_3 | S1: OD600.raw1 | T1: OD600.raw2 | U1: OD600.raw3
A2: P1-D-3.29 | B2: 48 | C2: 0 | D2: Paracoccus | E2: Dark | F2: NH4-HCO3 | G2: =30*(L2-0.0549)/0.0239 -> 92.216952 | H2: =(3.9165*M2-0.5231)*30 -> -0.78460053 | I2: =(11.007*N2-0.65)*20 -> 30.301538 | J2: =H2+I2 -> 29.516937 | K2: =(0.3548*O2 + 0.0099)*30 -> 6.9519652 | L2: 0.12836617 | M2: 0.12688539 | N2: =AVERAGE(P2:R2) -> 0.1967 | O2: 0.6252316 | P2: 0.1964 | Q2: 0.197
A3: P2 | B3: 48 | C3: 0 | D3: Paracoccus | E3: Dark | F3: NH4-HCO3 | G3: =30*(L3-0.0549)/0.0239 -> 88.213117 | H3: =(3.9165*M3-0.5231)*30 -> -3.9435 | I3: =(11.007*N3-0.65)*20 -> 27.428711 | J3: =H3+I3 -> 23.485211 | K3: =(0.3548*O3 + 0.0099)*30 -> 7.0515705 | L3: 0.12517645 | M3: 0.1 | N3: =AVERAGE(P3:R3) -> 0.18365 | O3: 0.63458949 | P3: 0.1826 | Q3: 0.1847
A4: P3 | B4: 48 | C4: 0 | D4: Paracoccus | E4: Dark | F4: NH4-HCO3 | G4: =30*(L4-0.0549)/0.0239 -> 91.181488 | H4: =(3.9165*M4-0.5231)*30 -> -10.779679 | I4: =(11.007*N4-0.65)*20 -> 26.063843 | J4: =H4+I4 -> 15.284164 | K4: =(0.3548*O4 + 0.0099)*30 -> 6.9966132 | L4: 0.12754125 | M4: 0.04181728 | N4: =AVERAGE(P4:R4) -> 0.17745 | O4: 0.62942627 | P4: 0.1782 | Q4: 0.1767
A5: A1 | B5: 48 | C5: 0 | D5: Aliidiomarina | E5: Dark | F5: NH4-HCO3 | G5: =30*(L5-0.0549)/0.0239 -> 93.923263 | H5: =(3.9165*M5-0.5231)*30 -> -0.061916216 | I5: =(11.007*N5-0.65)*20 -> 23.334107 | J5: =H5+I5 -> 23.272191 | K5: =(0.3548*O5 + 0.0099)*30 -> 7.2069003 | L5: 0.12972553 | M5: 0.13303616 | N5: =AVERAGE(P5:R5) -> 0.16505 | O5: 0.64918267 | P5: 0.165 | Q5: 0.1651
A6: A2 | B6: 48 | C6: 0 | D6: Aliidiomarina | E6: Dark | F6: NH4-HCO3 | G6: =30*(L6-0.0549)/0.0239 -> 100.86378 | H6: =(3.9165*M6-0.5231)*30 -> -3.9435 | I6: =(11.007*N6-0.65)*20 -> 22.288442 | J6: =H6+I6 -> 18.344942 | K6: =(0.3548*O6 + 0.0099)*30 -> 7.1787638 | L6: 0.13525481 | M6: 0.1 | N6: =AVERAGE(P6:R6) -> 0.1603 | O6: 0.64653926 | P6: 0.1592 | Q6: 0.1614
A7: A3 | B7: 48 | C7: 0 | D7: Aliidiomarina | E7: Dark | F7: NH4-HCO3 | G7: =30*(L7-0.0549)/0.0239 -> 93.54486 | H7: =(3.9165*M7-0.5231)*30 -> -0.068714281 | I7: =(11.007*N7-0.65)*20 -> 27.153536 | J7: =H7+I7 -> 27.084822 | K7: =(0.3548*O7 + 0.0099)*30 -> 7.3368125 | L7: 0.12942407 | M7: 0.1329783 | N7: =AVERAGE(P7:R7) -> 0.1824 | O7: 0.66138787 | P7: 0.1823 | Q7: 0.1825
A8: S1 | B8: 48 | C8: 0 | D8: SynCom | E8: Dark | F8: NH4-HCO3 | G8: =30*(L8-0.0549)/0.0239 -> 91.212494 | H8: =(3.9165*M8-0.5231)*30 -> 0.77411434 | I8: =(11.007*N8-0.65)*20 -> 27.362669 | J8: =H8+I8 -> 28.136783 | K8: =(0.3548*O8 + 0.0099)*30 -> 7.3501958 | L8: 0.12756595 | M8: 0.14015162 | N8: =AVERAGE(P8:R8) -> 0.18335 | O8: 0.66264522 | P8: 0.1946 | Q8: 0.1721
A9: S2 | B9: 48 | C9: 0 | D9: SynCom | E9: Dark | F9: NH4-HCO3 | G9: =30*(L9-0.0549)/0.0239 -> 102.43378 | H9: =(3.9165*M9-0.5231)*30 -> -2.822673 | I9: =(11.007*N9-0.65)*20 -> 27.076487 | J9: =H9+I9 -> 24.253814 | K9: =(0.3548*O9 + 0.0099)*30 -> 7.1809441 | L9: 0.13650558 | M9: 0.10953936 | N9: =AVERAGE(P9:R9) -> 0.18205 | O9: 0.64674409 | P9: 0.1833 | Q9: 0.1808
A10: S3 | B10: 48 | C10: 0 | D10: SynCom | E10: Dark | F10: NH4-HCO3 | G10: =30*(L10-0.0549)/0.0239 -> 99.101772 | H10: =(3.9165*M10-0.5231)*30 -> 0.082443921 | I10: =(11.007*N10-0.65)*20 -> 24.720989 | J10: =H10+I10 -> 24.803433 | K10: =(0.3548*O10 + 0.0099)*30 -> 7.2046695 | L10: 0.13385108 | M10: 0.13426481 | N10: =AVERAGE(P10:R10) -> 0.17135 | O10: 0.64897308 | P10: 0.1727 | Q10: 0.17
A11: P1-I | B11: 48 | C11: 0 | D11: Paracoccus | E11: IR | F11: NH4-HCO3 | G11: =30*(L11-0.0549)/0.0239 -> 100.23247 | H11: =(3.9165*M11-0.5231)*30 -> -0.06056533 | I11: =(11.007*N11-0.65)*20 -> 32.546966 | J11: =H11+I11 -> 32.486401 | K11: =(0.3548*O11 + 0.0099)*30 -> 6.9854292 | L11: 0.13475187 | M11: 0.13304766 | N11: =AVERAGE(P11:R11) -> 0.2069 | O11: 0.62837553 | P11: 0.1959 | Q11: 0.2179
A12: P2 | B12: 48 | C12: 0 | D12: Paracoccus | E12: IR | F12: NH4-HCO3 | G12: =30*(L12-0.0549)/0.0239 -> 98.256178 | H12: =(3.9165*M12-0.5231)*30 -> -12.388083 | I12: =(11.007*N12-0.65)*20 -> 25.733633 | J12: =H12+I12 -> 13.34555 | K12: =(0.3548*O12 + 0.0099)*30 -> 7.0763265 | L12: 0.13317742 | M12: 0.028128153 | N12: =AVERAGE(P12:R12) -> 0.17595 | O12: 0.63691531 | P12: 0.1771 | Q12: 0.1748
A13: P3 | B13: 48 | C13: 0 | D13: Paracoccus | E13: IR | F13: NH4-HCO3 | G13: =30*(L13-0.0549)/0.0239 -> 98.73075 | H13: =(3.9165*M13-0.5231)*30 -> -12.554143 | I13: =(11.007*N13-0.65)*20 -> 26.085857 | J13: =H13+I13 -> 13.531714 | K13: =(0.3548*O13 + 0.0099)*30 -> 6.9908027 | L13: 0.1335555 | M13: 0.026714812 | N13: =AVERAGE(P13:R13) -> 0.17755 | O13: 0.62888037 | P13: 0.1808 | Q13: 0.1743
... A31: H3-I | B31: 48 | C31: 0 | D31: Halomonas | E31: IR | F31: NO2 | G31: =30*(L31-0.0549)/0.0239 -> 108.36708 | H31: =(3.9165*M31-0.5231)*30 -> 32.455689 | I31: =(11.007*N31-0.65)*20 -> 27.879998 | J31: =H31+I31 -> 60.335687 | K31: =(0.3548*O31 + 0.0099)*30 -> 7.4790143 | L31: 0.14123244 | M31: 0.40979352 | N31: =AVERAGE(P31:R31) -> 0.1857 | O31: 0.67474768 | P31: 0.1757 | Q31: 0.1957
A32: P1-D-3.31 | B32: 96 | C32: =B32-48 -> 48 | D32: Paracoccus | E32: Dark | F32: NH4-HCO3 | G32: =30*(L32-0.0549)/0.0239 -> 84.233628 | H32: =(3.9165*M32-0.5231)*30 -> -3.9435 | I32: =(11.007*N32-0.65)*20 -> 43.884176 | J32: =H32+I32 -> 39.940676 | K32: =(0.3548*O32 + 0.0099)*30 -> 5.9371857 | L32: 0.12200612 | M32: 0.1 | N32: =AVERAGE(P32:R32) -> 0.2584 | O32: 0.52989344 | P32: 0.2584
A33: P2 | B33: 96 | C33: =B33-48 -> 48 | D33: Paracoccus | E33: Dark | F33: NH4-HCO3 | G33: =30*(L33-0.0549)/0.0239 -> 72.110771 | H33: =(3.9165*M33-0.5231)*30 -> -3.9435 | I33: =(11.007*N33-0.65)*20 -> 48.705242 | J33: =H33+I33 -> 44.761742 | K33: =(0.3548*O33 + 0.0099)*30 -> 6.1888985 | L33: 0.11234825 | M33: 0.1 | N33: =AVERAGE(P33:R33) -> 0.2803 | O33: 0.55354177 | P33: 0.2803
A34: P3 | B34: 96 | C34: =B34-48 -> 48 | D34: Paracoccus | E34: Dark | F34: NH4-HCO3 | G34: =30*(L34-0.0549)/0.0239 -> 78.70551 | H34: =(3.9165*M34-0.5231)*30 -> -3.9435 | I34: =(11.007*N34-0.65)*20 -> 39.657488 | J34: =H34+I34 -> 35.713988 | K34: =(0.3548*O34 + 0.0099)*30 -> 6.32357 | L34: 0.11760206 | M34: 0.1 | N34: =AVERAGE(P34:R34) -> 0.2392 | O34: 0.5661941 | P34: 0.2392
A35: A1 | B35: 96 | C35: =B35-48 -> 48 | D35: Aliidiomarina | E35: Dark | F35: NH4-HCO3 | G35: =30*(L35-0.0549)/0.0239 -> 47.222154 | H35: =(3.9165*M35-0.5231)*30 -> -3.9435 | I35: =(11.007*N35-0.65)*20 -> 46.283702 | J35: =H35+I35 -> 42.340202 | K35: =(0.3548*O35 + 0.0099)*30 -> 4.7192518 | L35: 0.092520316 | M35: 0.1 | N35: =AVERAGE(P35:R35) -> 0.2693 | O35: 0.41546898 | P35: 0.2693
A36: A2 | B36: 96 | C36: =B36-48 -> 48 | D36: Aliidiomarina | E36: Dark | F36: NH4-HCO3 | G36: =30*(L36-0.0549)/0.0239 -> 80.712119 | H36: =(3.9165*M36-0.5231)*30 -> -3.9435 | I36: =(11.007*N36-0.65)*20 -> 47.120234 | J36: =H36+I36 -> 43.176734 | K36: =(0.3548*O36 + 0.0099)*30 -> 6.9471768 | L36: 0.11920065 | M36: 0.1 | N36: =AVERAGE(P36:R36) -> 0.2731 | O36: 0.62478174 | P36: 0.2731
A37: A3 | B37: 96 | C37: =B37-48 -> 48 | D37: Aliidiomarina | E37: Dark | F37: NH4-HCO3 | G37: =30*(L37-0.0549)/0.0239 -> 84.123105 | H37: =(3.9165*M37-0.5231)*30 -> -3.9435 | I37: =(11.007*N37-0.65)*20 -> 42.761462 | J37: =H37+I37 -> 38.817962 | K37: =(0.3548*O37 + 0.0099)*30 -> 7.0409296 | L37: 0.12191807 | M37: 0.1 | N37: =AVERAGE(P37:R37) -> 0.2533 | O37: 0.63358978 | P37: 0.2533
A38: S1 | B38: 96 | C38: =B38-48 -> 48 | D38: SynCom | E38: Dark | F38: NH4-HCO3 | G38: =30*(L38-0.0549)/0.0239 -> 79.162023 | H38: =(3.9165*M38-0.5231)*30 -> -1.4811051 | I38: =(11.007*N38-0.65)*20 -> 37.279976 | J38: =H38+I38 -> 35.798871 | K38: =(0.3548*O38 + 0.0099)*30 -> 6.885246 | L38: 0.11796574 | M38: 0.12095744 | N38: =AVERAGE(P38:R38) -> 0.2284 | O38: 0.61896336 | P38: 0.2284
A39: S2 | B39: 96 | C39: =B39-48 -> 48 | D39: SynCom | E39: Dark | F39: NH4-HCO3 | G39: =30*(L39-0.0549)/0.0239 -> 88.625741 | H39: =(3.9165*M39-0.5231)*30 -> -0.31119714 | I39: =(11.007*N39-0.65)*20 -> 44.808764 | J39: =H39+I39 -> 44.497567 | K39: =(0.3548*O39 + 0.0099)*30 -> 6.909748 | L39: 0.12550517 | M39: 0.13091453 | N39: =AVERAGE(P39:R39) -> 0.2626 | O39: 0.62126532 | P39: 0.2626
A40: S3 | B40: 96 | C40: =B40-48 -> 48 | D40: SynCom | E40: Dark | F40: NH4-HCO3 | G40: =30*(L40-0.0549)/0.0239 -> 85.244312 | H40: =(3.9165*M40-0.5231)*30 -> -3.9435 | I40: =(11.007*N40-0.65)*20 -> 43.311812 | J40: =H40+I40 -> 39.368312 | K40: =(0.3548*O40 + 0.0099)*30 -> 6.8640842 | L40: 0.1228113 | M40: 0.1 | N40: =AVERAGE(P40:R40) -> 0.2558 | O40: 0.61697522 | P40: 0.2558
A41: P1-I | B41: 96 | C41: =B41-48 -> 48 | D41: Paracoccus | E41: IR | F41: NH4-HCO3 | G41: =30*(L41-0.0549)/0.0239 -> 95.040467 | H41: =(3.9165*M41-0.5231)*30 -> 17.78902 | I41: =(11.007*N41-0.65)*20 -> 41.220482 | J41: =H41+I41 -> 59.009502 | K41: =(0.3548*O41 + 0.0099)*30 -> 6.4904854 | L41: 0.13061557 | M41: 0.28496549 | N41: =AVERAGE(P41:R41) -> 0.2463 | O41: 0.58187574 | P41: 0.2463
A42: P2 | B42: 96 | C42: =B42-48 -> 48 | D42: Paracoccus | E42: IR | F42: NH4-HCO3 | G42: =30*(L42-0.0549)/0.0239 -> 88.503019 | H42: =(3.9165*M42-0.5231)*30 -> -0.81193488 | I42: =(11.007*N42-0.65)*20 -> 41.638748 | J42: =H42+I42 -> 40.826813 | K42: =(0.3548*O42 + 0.0099)*30 -> 6.5062559 | L42: 0.1254074 | M42: 0.12665275 | N42: =AVERAGE(P42:R42) -> 0.2482 | O42: 0.58335737 | P42: 0.2482
A43: P3 | B43: 96 | C43: =B43-48 -> 48 | D43: Paracoccus | E43: IR | F43: NH4-HCO3 | G43: =30*(L43-0.0549)/0.0239 -> 82.833656 | H43: =(3.9165*M43-0.5231)*30 -> -11.383437 | I43: =(11.007*N43-0.65)*20 -> 42.541322 | J43: =H43+I43 -> 31.157885 | K43: =(0.3548*O43 + 0.0099)*30 -> 6.6404367 | L43: 0.12089081 | M43: 0.036678696 | N43: =AVERAGE(P43:R43) -> 0.2523 | O43: 0.59596361 | P43: 0.2523
... A61: H3-I | B61: 96 | C61: =B61-48 -> 48 | D61: Halomonas | E61: IR | F61: NO2 | G61: =30*(L61-0.0549)/0.0239 -> 70.320244 | H61: =(3.9165*M61-0.5231)*30 -> 31.971267 | I61: =(11.007*N61-0.65)*20 -> 50.862614 | J61: =H61+I61 -> 82.833881 | K61: =(0.3548*O61 + 0.0099)*30 -> 6.7664741 | L61: 0.11092179 | M61: 0.4056706 | N61: =AVERAGE(P61:R61) -> 0.2901 | O61: 0.60780478 | P61: 0.2901
A62: P1-D-4.2 | B62: =B32+48 -> 144 | C62: =B62-48 -> 96 | D62: Paracoccus | E62: Dark | F62: NH4-HCO3 | G62: =30*(L62-0.0549)/0.0239 -> 82.762709 | H62: =(3.9165*M62-0.5231)*30 -> -3.9435 | I62: =(11.007*N62-0.65)*20 -> 26.449088 | J62: =H62+I62 -> 22.505588 | K62: =(0.3548*O62 + 0.0099)*30 -> 6.2444176 | L62: 0.12083429 | M62: 0.1 | N62: =AVERAGE(P62:R62) -> 0.1792 | O62: 0.55875776 | P62: 0.1792
A63: P2 | B63: =B33+48 -> 144 | C63: =B63-48 -> 96 | D63: Paracoccus | E63: Dark | F63: NH4-HCO3 | G63: =30*(L63-0.0549)/0.0239 -> 45.080972 | H63: =(3.9165*M63-0.5231)*30 -> -3.9435 | I63: =(11.007*N63-0.65)*20 -> 16.366676 | J63: =H63+I63 -> 12.423176 | K63: =(0.3548*O63 + 0.0099)*30 -> 5.4949952 | L63: 0.090814508 | M63: 0.1 | N63: =AVERAGE(P63:R63) -> 0.1334 | O63: 0.48834979 | P63: 0.1334
A64: P3 | B64: =B34+48 -> 144 | C64: =B64-48 -> 96 | D64: Paracoccus | E64: Dark | F64: NH4-HCO3 | G64: =30*(L64-0.0549)/0.0239 -> 57.739802 | H64: =(3.9165*M64-0.5231)*30 -> -3.9435 | I64: =(11.007*N64-0.65)*20 -> 22.33247 | J64: =H64+I64 -> 18.38897 | K64: =(0.3548*O64 + 0.0099)*30 -> 5.9907867 | L64: 0.10089938 | M64: 0.1 | N64: =AVERAGE(P64:R64) -> 0.1605 | O64: 0.53492923 | P64: 0.1605
A65: A1 | B65: =B35+48 -> 144 | C65: =B65-48 -> 96 | D65: Aliidiomarina | E65: Dark | F65: NH4-HCO3 | G65: =30*(L65-0.0549)/0.0239 -> 22.657313 | H65: =(3.9165*M65-0.5231)*30 -> -3.9435 | I65: =(11.007*N65-0.65)*20 -> 25.08422 | J65: =H65+I65 -> 21.14072 | K65: =(0.3548*O65 + 0.0099)*30 -> 1.992886 | L65: 0.072950326 | M65: 0.1 | N65: =AVERAGE(P65:R65) -> 0.173 | O65: 0.15932789 | P65: 0.173
A66: A2 | B66: =B36+48 -> 144 | C66: =B66-48 -> 96 | D66: Aliidiomarina | E66: Dark | F66: NH4-HCO3 | G66: =30*(L66-0.0549)/0.0239 -> 44.095761 | H66: =(3.9165*M66-0.5231)*30 -> -3.9435 | I66: =(11.007*N66-0.65)*20 -> 24.665954 | J66: =H66+I66 -> 20.722454 | K66: =(0.3548*O66 + 0.0099)*30 -> 4.1757459 | L66: 0.090029623 | M66: 0.1 | N66: =AVERAGE(P66:R66) -> 0.1711 | O66: 0.36440679 | P66: 0.1711
A67: A3 | B67: =B37+48 -> 144 | C67: =B67-48 -> 96 | D67: Aliidiomarina | E67: Dark | F67: NH4-HCO3 | G67: =30*(L67-0.0549)/0.0239 -> 46.344076 | H67: =(3.9165*M67-0.5231)*30 -> -3.9435 | I67: =(11.007*N67-0.65)*20 -> 29.619104 | J67: =H67+I67 -> 25.675604 | K67: =(0.3548*O67 + 0.0099)*30 -> 5.0230628 | L67: 0.09182078 | M67: 0.1 | N67: =AVERAGE(P67:R67) -> 0.1936 | O67: 0.44401191 | P67: 0.1936
A68: S1 | B68: =B38+48 -> 144 | C68: =B68-48 -> 96 | D68: SynCom | E68: Dark | F68: NH4-HCO3 | G68: =30*(L68-0.0549)/0.0239 -> 70.904705 | H68: =(3.9165*M68-0.5231)*30 -> -3.9435 | I68: =(11.007*N68-0.65)*20 -> 18.36995 | J68: =H68+I68 -> 14.42645 | K68: =(0.3548*O68 + 0.0099)*30 -> 6.7527328 | L68: 0.11138741 | M68: 0.1 | N68: =AVERAGE(P68:R68) -> 0.1425 | O68: 0.60651379 | P68: 0.1425
A69: S2 | B69: =B39+48 -> 144 | C69: =B69-48 -> 96 | D69: SynCom | E69: Dark | F69: NH4-HCO3 | G69: =30*(L69-0.0549)/0.0239 -> 37.41366 | H69: =(3.9165*M69-0.5231)*30 -> -3.9435 | I69: =(11.007*N69-0.65)*20 -> 24.687968 | J69: =H69+I69 -> 20.744468 | K69: =(0.3548*O69 + 0.0099)*30 -> 3.8593612 | L69: 0.084706216 | M69: 0.1 | N69: =AVERAGE(P69:R69) -> 0.1712 | O69: 0.33468256 | P69: 0.1712
A70: S3 | B70: =B40+48 -> 144 | C70: =B70-48 -> 96 | D70: SynCom | E70: Dark | F70: NH4-HCO3 | G70: =30*(L70-0.0549)/0.0239 -> 79.253849 | H70: =(3.9165*M70-0.5231)*30 -> -3.9435 | I70: =(11.007*N70-0.65)*20 -> 23.191016 | J70: =H70+I70 -> 19.247516 | K70: =(0.3548*O70 + 0.0099)*30 -> 6.4521232 | L70: 0.1180389 | M70: 0.1 | N70: =AVERAGE(P70:R70) -> 0.1644 | O70: 0.57827163 | P70: 0.1644
A71: P1-I | B71: =B41+48 -> 144 | C71: =B71-48 -> 96 | D71: Paracoccus | E71: IR | F71: NH4-HCO3 | G71: =30*(L71-0.0549)/0.0239 -> 82.841598 | H71: =(3.9165*M71-0.5231)*30 -> -1.3338594 | I71: =(11.007*N71-0.65)*20 -> 24.357758 | J71: =H71+I71 -> 23.023899 | K71: =(0.3548*O71 + 0.0099)*30 -> 6.2241591 | L71: 0.12089714 | M71: 0.12221065 | N71: =AVERAGE(P71:R71) -> 0.1697 | O71: 0.55685448 | P71: 0.1697
A72: P2 | B72: =B42+48 -> 144 | C72: =B72-48 -> 96 | D72: Paracoccus | E72: IR | F72: NH4-HCO3 | G72: =30*(L72-0.0549)/0.0239 -> 76.466033 | H72: =(3.9165*M72-0.5231)*30 -> -3.9435 | I72: =(11.007*N72-0.65)*20 -> 20.923574 | J72: =H72+I72 -> 16.980074 | K72: =(0.3548*O72 + 0.0099)*30 -> 6.2778434 | L72: 0.11581794 | M72: 0.1 | N72: =AVERAGE(P72:R72) -> 0.1541 | O72: 0.5618981 | P72: 0.1541
A73: P3 | B73: =B43+48 -> 144 | C73: =B73-48 -> 96 | D73: Paracoccus | E73: IR | F73: NH4-HCO3 | G73: =30*(L73-0.0549)/0.0239 -> 64.154152 | H73: =(3.9165*M73-0.5231)*30 -> -1.293843 | I73: =(11.007*N73-0.65)*20 -> 24.842066 | J73: =H73+I73 -> 23.548223 | K73: =(0.3548*O73 + 0.0099)*30 -> 5.74128 | L73: 0.10600947 | M73: 0.12255123 | N73: =AVERAGE(P73:R73) -> 0.1719 | O73: 0.51148816 | P73: 0.1719
... A81: P2-NO2 | B81: =B51+48 -> 144 | C81: =B81-48 -> 96 | D81: Paracoccus | E81: IR | F81: NO2 | G81: =30*(L81-0.0549)/0.0239 -> 30.71681 | H81: =(3.9165*M81-0.5231)*30 -> 34.446601 | I81: =(11.007*N81-0.65)*20 -> 23.080946 | J81: =H81+I81 -> 57.527547 | K81: =(0.3548*O81 + 0.0099)*30 -> 2.2957607 | L81: 0.079371058 | M81: 0.42673817 | N81: =AVERAGE(P81:R81) -> 0.1639 | O81: 0.18778285 | P81: 0.1639
A82: P3-NO2 | B82: =B53+48 -> 144 | C82: =B82-48 -> 96 | D82: Paracoccus | E82: IR | F82: NO2 | G82: =30*(L82-0.0549)/0.0239 -> 58.066279 | H82: =(3.9165*M82-0.5231)*30 -> 33.794585 | I82: =(11.007*N82-0.65)*20 -> 27.461732 | J82: =H82+I82 -> 61.256317 | K82: =(0.3548*O82 + 0.0099)*30 -> 5.4504907 | L82: 0.10115947 | M82: 0.42118886 | N82: =AVERAGE(P82:R82) -> 0.1838 | O82: 0.48416861 | P82: 0.1838
A83: S1-NO2-I | B83: =B54+48 -> 144 | C83: =B83-48 -> 96 | D83: SynCom | E83: IR | F83: NO2 | G83: =30*(L83-0.0549)/0.0239 -> 41.446253 | H83: =(3.9165*M83-0.5231)*30 -> 31.850117 | I83: =(11.007*N83-0.65)*20 -> 18.524048 | J83: =H83+I83 -> 50.374165 | K83: =(0.3548*O83 + 0.0099)*30 -> 3.6480178 | L83: 0.087918848 | M83: 0.40463949 | N83: =AVERAGE(P83:R83) -> 0.1432 | O83: 0.31482693 | P83: 0.1432
A84: S2-NO2 | B84: =B55+48 -> 144 | C84: =B84-48 -> 96 | D84: SynCom | E84: IR | F84: NO2 | G84: =30*(L84-0.0549)/0.0239 -> 58.512317 | H84: =(3.9165*M84-0.5231)*30 -> 32.85119 | I84: =(11.007*N84-0.65)*20 -> 22.66268 | J84: =H84+I84 -> 55.51387 | K84: =(0.3548*O84 + 0.0099)*30 -> 5.9391383 | L84: 0.10151481 | M84: 0.41315962 | N84: =AVERAGE(P84:R84) -> 0.162 | O84: 0.53007687 | P84: 0.162
A85: S3-NO2 | B85: =B56+48 -> 144 | C85: =B85-48 -> 96 | D85: SynCom | E85: IR | F85: NO2 | G85: =30*(L85-0.0549)/0.0239 -> 65.652401 | H85: =(3.9165*M85-0.5231)*30 -> 32.693602 | I85: =(11.007*N85-0.65)*20 -> 26.096864 | J85: =H85+I85 -> 58.790466 | K85: =(0.3548*O85 + 0.0099)*30 -> 6.5934905 | L85: 0.10720308 | M85: 0.41181839 | N85: =AVERAGE(P85:R85) -> 0.1776 | O85: 0.59155304 | P85: 0.1776
A86: H1-D | B86: =B57+48 -> 144 | C86: =B86-48 -> 96 | D86: Halomonas | E86: Dark | F86: NO2 | G86: =30*(L86-0.0549)/0.0239 -> 76.507449 | H86: =(3.9165*M86-0.5231)*30 -> 25.483201 | I86: =(11.007*N86-0.65)*20 -> 15.023822 | J86: =H86+I86 -> 40.507023 | K86: =(0.3548*O86 + 0.0099)*30 -> 6.6576365 | L86: 0.11585093 | M86: 0.35045067 | N86: =AVERAGE(P86:R86) -> 0.1273 | O86: 0.59757953 | P86: 0.1273
A87: H2-D | B87: =B58+48 -> 144 | C87: =B87-48 -> 96 | D87: Halomonas | E87: Dark | F87: NO2 | G87: =30*(L87-0.0549)/0.0239 -> 81.042292 | H87: =(3.9165*M87-0.5231)*30 -> 32.291768 | I87: =(11.007*N87-0.65)*20 -> 19.668776 | J87: =H87+I87 -> 51.960544 | K87: =(0.3548*O87 + 0.0099)*30 -> 6.6336231 | L87: 0.11946369 | M87: 0.40839838 | N87: =AVERAGE(P87:R87) -> 0.1484 | O87: 0.59532348 | P87: 0.1484
A88: H3-D | B88: =B59+48 -> 144 | C88: =B88-48 -> 96 | D88: Halomonas | E88: Dark | F88: NO2 | G88: =30*(L88-0.0549)/0.0239 -> 71.623732 | H88: =(3.9165*M88-0.5231)*30 -> 31.421406 | I88: =(11.007*N88-0.65)*20 -> 18.347936 | J88: =H88+I88 -> 49.769342 | K88: =(0.3548*O88 + 0.0099)*30 -> 6.659993 | L88: 0.11196024 | M88: 0.40099073 | N88: =AVERAGE(P88:R88) -> 0.1424 | O88: 0.59780092 | P88: 0.1424
A89: H1-I | B89: =B60+48 -> 144 | C89: =B89-48 -> 96 | D89: Halomonas | E89: IR | F89: NO2 | G89: =30*(L89-0.0549)/0.0239 -> 71.12038 | H89: =(3.9165*M89-0.5231)*30 -> 30.029819 | I89: =(11.007*N89-0.65)*20 -> 18.303908 | J89: =H89+I89 -> 48.333727 | K89: =(0.3548*O89 + 0.0099)*30 -> 6.6151321 | L89: 0.11155924 | M89: 0.38914693 | N89: =AVERAGE(P89:R89) -> 0.1422 | O89: 0.59358625 | P89: 0.1422
A90: H2-I | B90: =B61+48 -> 144 | C90: =B90-48 -> 96 | D90: Halomonas | E90: IR | F90: NO2 | G90: =30*(L90-0.0549)/0.0239 -> 78.20352 | H90: =(3.9165*M90-0.5231)*30 -> 31.716257 | I90: =(11.007*N90-0.65)*20 -> 25.458458 | J90: =H90+I90 -> 57.174715 | K90: =(0.3548*O90 + 0.0099)*30 -> 6.5714399 | L90: 0.11720214 | M90: 0.40350021 | N90: =AVERAGE(P90:R90) -> 0.1747 | O90: 0.58948139 | P90: 0.1747
A91: H3-I | B91: 144 | C91: =B91-48 -> 96 | D91: Halomonas | E91: IR | F91: NO2 | G91: =30*(L91-0.0549)/0.0239 -> 96.153524 | H91: =(3.9165*M91-0.5231)*30 -> 31.748253 | I91: =(11.007*N91-0.65)*20 -> 20.065028 | J91: =H91+I91 -> 51.813281 | K91: =(0.3548*O91 + 0.0099)*30 -> 6.592489 | L91: 0.13150231 | M91: 0.40377253 | N91: =AVERAGE(P91:R91) -> 0.1502 | O91: 0.59145894 | P91: 0.1502
A92: P1-D-4.2' | B92: =B63+2 -> 146 | C92: =B92-48 -> 98 | D92: Paracoccus | E92: Dark | F92: NH4-HCO3 | G92: =30*(L92-0.0549)/0.0239 -> 82.402115 | H92: =(3.9165*M92-0.5231)*30 -> 26.910292 | I92: =(11.007*N92-0.65)*20 -> 12.228044 | J92: =H92+I92 -> 39.138336 | K92: =(0.3548*O92 + 0.0099)*30 -> 6.1532577 | L92: 0.12054702 | M92: 0.36259664 | N92: =AVERAGE(P92:R92) -> 0.1146 | O92: 0.55019332 | P92: 0.1146 | S92: 0.2798 | T92: 0.3033
A93: P2 | B93: =B64+2 -> 146 | C93: =B93-48 -> 98 | D93: Paracoccus | E93: Dark | F93: NH4-HCO3 | G93: =30*(L93-0.0549)/0.0239 -> 46.898227 | H93: =(3.9165*M93-0.5231)*30 -> -8.6521318 | I93: =(11.007*N93-0.65)*20 -> 20.549336 | J93: =H93+I93 -> 11.897204 | K93: =(0.3548*O93 + 0.0099)*30 -> 5.5257778 | L93: 0.092262254 | M93: 0.059924833 | N93: =AVERAGE(P93:R93) -> 0.1524 | O93: 0.4912418 | P93: 0.1524 | S93: 0.284 | T93: 0.2764
A94: P3 | B94: =B65+2 -> 146 | C94: =B94-48 -> 98 | D94: Paracoccus | E94: Dark | F94: NH4-HCO3 | G94: =30*(L94-0.0549)/0.0239 -> 68.973616 | H94: =(3.9165*M94-0.5231)*30 -> -3.9435 | I94: =(11.007*N94-0.65)*20 -> 13.74701 | J94: =H94+I94 -> 9.80351 | K94: =(0.3548*O94 + 0.0099)*30 -> 5.6571171 | L94: 0.10984898 | M94: 0.1 | N94: =AVERAGE(P94:R94) -> 0.1215 | O94: 0.50358108 | P94: 0.1215 | S94: 0.2869 | T94: 0.2974
A95: A1 | B95: =B66+2 -> 146 | C95: =B95-48 -> 98 | D95: Aliidiomarina | E95: Dark | F95: NH4-HCO3 | G95: =30*(L95-0.0549)/0.0239 -> 26.619407 | H95: =(3.9165*M95-0.5231)*30 -> -5.4729895 | I95: =(11.007*N95-0.65)*20 -> 27.94604 | J95: =H95+I95 -> 22.47305 | K95: =(0.3548*O95 + 0.0099)*30 -> 1.4894528 | L95: 0.076106794 | M95: 0.086982514 | N95: =AVERAGE(P95:R95) -> 0.186 | O95: 0.11203051 | P95: 0.186 | S95: 0.3186 | T95: 0.3485
A96: A2 | B96: =B67+2 -> 146 | C96: =B96-48 -> 98 | D96: Aliidiomarina | E96: Dark | F96: NH4-HCO3 | G96: =30*(L96-0.0549)/0.0239 -> 58.824791 | H96: =(3.9165*M96-0.5231)*30 -> -3.9435 | I96: =(11.007*N96-0.65)*20 -> 18.502034 | J96: =H96+I96 -> 14.558534 | K96: =(0.3548*O96 + 0.0099)*30 -> 3.0853486 | L96: 0.10176375 | M96: 0.1 | N96: =AVERAGE(P96:R96) -> 0.1431 | O96: 0.26196435 | P96: 0.1431 | S96: 0.3443 | T96: 0.3416
A97: A3 | B97: =B68+2 -> 146 | C97: =B97-48 -> 98 | D97: Aliidiomarina | E97: Dark | F97: NH4-HCO3 | G97: =30*(L97-0.0549)/0.0239 -> 51.86879 | H97: =(3.9165*M97-0.5231)*30 -> -10.784818 | I97: =(11.007*N97-0.65)*20 -> 16.762928 | J97: =H97+I97 -> 5.9781104 | K97: =(0.3548*O97 + 0.0099)*30 -> 3.8198332 | L97: 0.096222136 | M97: 0.041773543 | N97: =AVERAGE(P97:R97) -> 0.1352 | O97: 0.33096892 | P97: 0.1352 | S97: 0.3009 | T97: 0.3319
A98: S1 | B98: =B69+2 -> 146 | C98: =B98-48 -> 98 | D98: SynCom | E98: Dark | F98: NH4-HCO3 | G98: =30*(L98-0.0549)/0.0239 -> 53.980584 | H98: =(3.9165*M98-0.5231)*30 -> -3.9435 | I98: =(11.007*N98-0.65)*20 -> 23.587268 | J98: =H98+I98 -> 19.643768 | K98: =(0.3548*O98 + 0.0099)*30 -> 5.990837 | L98: 0.097904532 | M98: 0.1 | N98: =AVERAGE(P98:R98) -> 0.1662 | O98: 0.53493396 | P98: 0.1662 | S98: 0.3786 | T98: 0.3849
A99: S2 | B99: =B70+2 -> 146 | C99: =B99-48 -> 98 | D99: SynCom | E99: Dark | F99: NH4-HCO3 | G99: =30*(L99-0.0549)/0.0239 -> 36.549224 | H99: =(3.9165*M99-0.5231)*30 -> -3.9435 | I99: =(11.007*N99-0.65)*20 -> 17.313278 | J99: =H99+I99 -> 13.369778 | K99: =(0.3548*O99 + 0.0099)*30 -> 3.8663027 | L99: 0.084017548 | M99: 0.1 | N99: =AVERAGE(P99:R99) -> 0.1377 | O99: 0.33533471 | P99: 0.1377 | S99: 0.3656 | T99: 0.3958
A100: S3 | B100: =B71+2 -> 146 | C100: =B100-48 -> 98 | D100: SynCom | E100: Dark | F100: NH4-HCO3 | G100: =30*(L100-0.0549)/0.0239 -> 85.998626 | H100: =(3.9165*M100-0.5231)*30 -> -1.2779747 | I100: =(11.007*N100-0.65)*20 -> 19.998986 | J100: =H100+I100 -> 18.721011 | K100: =(0.3548*O100 + 0.0099)*30 -> 7.1582066 | L100: 0.12341224 | M100: 0.12268629 | N100: =AVERAGE(P100:R100) -> 0.1499 | O100: 0.64460791 | P100: 0.1499 | S100: 0.4285 | T100: 0.5686
A101: P1-I | B101: =B72+2 -> 146 | C101: =B101-48 -> 98 | D101: Paracoccus | E101: IR | F101: NH4-HCO3 | G101: =30*(L101-0.0549)/0.0239 -> 95.542784 | H101: =(3.9165*M101-0.5231)*30 -> 65.63198 | I101: =(11.007*N101-0.65)*20 -> 8.881916 | J101: =H101+I101 -> 74.513896 | K101: =(0.3548*O101 + 0.0099)*30 -> 5.9526066 | L101: 0.13101575 | M101: 0.69215694 | N101: =AVERAGE(P101:R101) -> 0.0994 | O101: 0.53134222 | P101: 0.0994 | S101: 0.2919 | T101: 0.2601
A102: P2 | B102: =B73+2 -> 146 | C102: =B102-48 -> 98 | D102: Paracoccus | E102: IR | F102: NH4-HCO3 | G102: =30*(L102-0.0549)/0.0239 -> 77.061024 | H102: =(3.9165*M102-0.5231)*30 -> -10.704162 | I102: =(11.007*N102-0.65)*20 -> 22.574624 | J102: =H102+I102 -> 11.870462 | K102: =(0.3548*O102 + 0.0099)*30 -> 5.869356 | L102: 0.11629195 | M102: 0.042460003 | N102: =AVERAGE(P102:R102) -> 0.1616 | O102: 0.52352085 | P102: 0.1616 | S102: 0.2854 | T102: 0.2749
A103: P3 | B103: =B74+2 -> 146 | C103: =B103-48 -> 98 | D103: Paracoccus | E103: IR | F103: NH4-HCO3 | G103: =30*(L103-0.0549)/0.0239 -> 68.420097 | H103: =(3.9165*M103-0.5231)*30 -> -1.5827798 | I103: =(11.007*N103-0.65)*20 -> 20.087042 | J103: =H103+I103 -> 18.504262 | K103: =(0.3548*O103 + 0.0099)*30 -> 5.4113609 | L103: 0.10940801 | M103: 0.12009209 | N103: =AVERAGE(P103:R103) -> 0.1503 | O103: 0.48049238 | P103: 0.1503 | S103: 0.2888 | T103: 0.2957
... A111: P2-NO2 | B111: =B82+2 -> 146 | C111: =B111-48 -> 98 | D111: Paracoccus | E111: IR | F111: NO2 | G111: =30*(L111-0.0549)/0.0239 -> 22.67706 | H111: =(3.9165*M111-0.5231)*30 -> 33.877604 | I111: =(11.007*N111-0.65)*20 -> 17.04911 | J111: =H111+I111 -> 50.926714 | K111: =(0.3548*O111 + 0.0099)*30 -> 2.6053813 | L111: 0.072966058 | M111: 0.42189543 | N111: =AVERAGE(P111:R111) -> 0.1365 | O111: 0.2168716 | P111: 0.1365 | S111: 0.3234 | T111: 0.3181
A112: P3-NO2 | B112: =B82+2 -> 146 | C112: =B112-48 -> 98 | D112: Paracoccus | E112: IR | F112: NO2 | G112: =30*(L112-0.0549)/0.0239 -> 57.95941 | H112: =(3.9165*M112-0.5231)*30 -> 35.180573 | I112: =(11.007*N112-0.65)*20 -> 16.344662 | J112: =H112+I112 -> 51.525235 | K112: =(0.3548*O112 + 0.0099)*30 -> 4.9740249 | L112: 0.10107433 | M112: 0.432985 | N112: =AVERAGE(P112:R112) -> 0.1333 | O112: 0.43940482 | P112: 0.1333 | S112: 0.2897 | T112: 0.2987
A113: S1-NO2-I | B113: =B83+2 -> 146 | C113: =B113-48 -> 98 | D113: SynCom | E113: IR | F113: NO2 | G113: =30*(L113-0.0549)/0.0239 -> 48.344627 | H113: =(3.9165*M113-0.5231)*30 -> 33.419696 | I113: =(11.007*N113-0.65)*20 -> 24.005534 | J113: =H113+I113 -> 57.42523 | K113: =(0.3548*O113 + 0.0099)*30 -> 4.2405293 | L113: 0.093414553 | M113: 0.41799818 | N113: =AVERAGE(P113:R113) -> 0.1681 | O113: 0.37049317 | P113: 0.1681 | S113: 0.4566 | T113: 0.4603
A114: S2-NO2 | B114: =B84+2 -> 146 | C114: =B114-48 -> 98 | D114: SynCom | E114: IR | F114: NO2 | G114: =30*(L114-0.0549)/0.0239 -> 62.294357 | H114: =(3.9165*M114-0.5231)*30 -> 34.155259 | I114: =(11.007*N114-0.65)*20 -> 24.930122 | J114: =H114+I114 -> 59.085381 | K114: =(0.3548*O114 + 0.0099)*30 -> 5.5491918 | L114: 0.10452784 | M114: 0.42425855 | N114: =AVERAGE(P114:R114) -> 0.1723 | O114: 0.49344155 | P114: 0.1723 | S114: 0.4135 | T114: 0.415
A115: S3-NO2 | B115: =B85+2 -> 146 | C115: =B115-48 -> 98 | D115: SynCom | E115: IR | F115: NO2 | G115: =30*(L115-0.0549)/0.0239 -> 73.838025 | H115: =(3.9165*M115-0.5231)*30 -> 33.117091 | I115: =(11.007*N115-0.65)*20 -> 19.822874 | J115: =H115+I115 -> 52.939965 | K115: =(0.3548*O115 + 0.0099)*30 -> 6.1454801 | L115: 0.11372429 | M115: 0.41542271 | N115: =AVERAGE(P115:R115) -> 0.1491 | O115: 0.54946262 | P115: 0.1491 | S115: 0.453 | T115: 0.478
A116: H1-D | B116: =B86+2 -> 146 | C116: =B116-48 -> 98 | D116: Halomonas | E116: Dark | F116: NO2 | G116: =30*(L116-0.0549)/0.0239 -> 67.624917 | H116: =(3.9165*M116-0.5231)*30 -> 34.257119 | I116: =(11.007*N116-0.65)*20 -> 17.401334 | J116: =H116+I116 -> 51.658453 | K116: =(0.3548*O116 + 0.0099)*30 -> 6.8683201 | L116: 0.10877452 | M116: 0.42512549 | N116: =AVERAGE(P116:R116) -> 0.1381 | O116: 0.61737318 | P116: 0.1381 | S116: 0.5482 | T116: 0.5307
A117: H2-D | B117: =B87+2 -> 146 | C117: =B117-48 -> 98 | D117: Halomonas | E117: Dark | F117: NO2 | G117: =30*(L117-0.0549)/0.0239 -> 74.529552 | H117: =(3.9165*M117-0.5231)*30 -> 33.84847 | I117: =(11.007*N117-0.65)*20 -> 13.592912 | J117: =H117+I117 -> 47.441382 | K117: =(0.3548*O117 + 0.0099)*30 -> 6.7923332 | L117: 0.11427521 | M117: 0.42164747 | N117: =AVERAGE(P117:R117) -> 0.1208 | O117: 0.61023424 | P117: 0.1208 | S117: 0.4715 | T117: 0.4895
A118: H3-D | B118: =B88+2 -> 146 | C118: =B118-48 -> 98 | D118: Halomonas | E118: Dark | F118: NO2 | G118: =30*(L118-0.0549)/0.0239 -> 73.771878 | H118: =(3.9165*M118-0.5231)*30 -> 33.342187 | I118: =(11.007*N118-0.65)*20 -> 26.07485 | J118: =H118+I118 -> 59.417037 | K118: =(0.3548*O118 + 0.0099)*30 -> 6.8100694 | L118: 0.1136716 | M118: 0.4173385 | N118: =AVERAGE(P118:R118) -> 0.1775 | O118: 0.61190054 | P118: 0.1775 | S118: 0.5351 | T118: 0.5471
A119: H1-I | B119: =B89+2 -> 146 | C119: =B119-48 -> 98 | D119: Halomonas | E119: IR | F119: NO2 | G119: =30*(L119-0.0549)/0.0239 -> 78.376482 | H119: =(3.9165*M119-0.5231)*30 -> 34.14327 | I119: =(11.007*N119-0.65)*20 -> 14.73764 | J119: =H119+I119 -> 48.88091 | K119: =(0.3548*O119 + 0.0099)*30 -> 6.7963481 | L119: 0.11733993 | M119: 0.42415652 | N119: =AVERAGE(P119:R119) -> 0.126 | O119: 0.61061143 | P119: 0.126 | S119: 0.5435 | T119: 0.5442
A120: H2-I | B120: =B90+2 -> 146 | C120: =B120-48 -> 98 | D120: Halomonas | E120: IR | F120: NO2 | G120: =30*(L120-0.0549)/0.0239 -> 69.422151 | H120: =(3.9165*M120-0.5231)*30 -> 31.703651 | I120: =(11.007*N120-0.65)*20 -> 13.614926 | J120: =H120+I120 -> 45.318577 | K120: =(0.3548*O120 + 0.0099)*30 -> 6.7564438 | L120: 0.11020631 | M120: 0.40339292 | N120: =AVERAGE(P120:R120) -> 0.1209 | O120: 0.60686244 | P120: 0.1209 | S120: 0.5352 | T120: 0.526
A121: H3-I | B121: =B91+2 -> 146 | C121: =B121-48 -> 98 | D121: Halomonas | E121: IR | F121: NO2 | G121: =30*(L121-0.0549)/0.0239 -> 74.818199 | H121: =(3.9165*M121-0.5231)*30 -> 32.237996 | I121: =(11.007*N121-0.65)*20 -> 26.250962 | J121: =H121+I121 -> 58.488958 | K121: =(0.3548*O121 + 0.0099)*30 -> 6.7431429 | L121: 0.11450517 | M121: 0.40794073 | N121: =AVERAGE(P121:R121) -> 0.1783 | O121: 0.60561282 | P121: 0.1783 | S121: 0.5423 | T121: 0.5547
A122: P1-D-4.3 | B122: =B92+48 -> 194 | C122: =B122-48 -> 146 | D122: Paracoccus | E122: Dark | F122: NH4-HCO3 | G122: =30*(L122-0.0549)/0.0239 -> 77.251201 | H122: =(3.9165*M122-0.5231)*30 -> -3.8589653 | I122: =(11.007*N122-0.65)*20 -> 52.733804 | J122: =H122+I122 -> 48.874839 | K122: =(0.3548*O122 + 0.0099)*30 -> 3.9795548 | L122: 0.11644346 | M122: 0.10071947 | N122: =AVERAGE(P122:R122) -> 0.2986 | O122: 0.34597471 | P122: 0.2986
A123: P2 | B123: =B93+48 -> 194 | C123: =B123-48 -> 146 | D123: Paracoccus | E123: Dark | F123: NH4-HCO3 | G123: =30*(L123-0.0549)/0.0239 -> 28.117229 | H123: =(3.9165*M123-0.5231)*30 -> -3.9435 | I123: =(11.007*N123-0.65)*20 -> 29.398964 | J123: =H123+I123 -> 25.455464 | K123: =(0.3548*O123 + 0.0099)*30 -> 2.2108903 | L123: 0.077300059 | M123: 0.1 | N123: =AVERAGE(P123:R123) -> 0.1926 | O123: 0.17980931 | P123: 0.1926
A124: P3 | B124: =B94+48 -> 194 | C124: =B124-48 -> 146 | D124: Paracoccus | E124: Dark | F124: NH4-HCO3 | G124: =30*(L124-0.0549)/0.0239 -> 69.581081 | H124: =(3.9165*M124-0.5231)*30 -> -3.9435 | I124: =(11.007*N124-0.65)*20 -> 27.109508 | J124: =H124+I124 -> 23.166008 | K124: =(0.3548*O124 + 0.0099)*30 -> 3.5620398 | L124: 0.11033293 | M124: 0.1 | N124: =AVERAGE(P124:R124) -> 0.1822 | O124: 0.30674932 | P124: 0.1822
A125: A1 | B125: =B95+48 -> 194 | C125: =B125-48 -> 146 | D125: Aliidiomarina | E125: Dark | F125: NH4-HCO3 | G125: =30*(L125-0.0549)/0.0239 -> 33.753354 | H125: =(3.9165*M125-0.5231)*30 -> -0.2053691 | I125: =(11.007*N125-0.65)*20 -> 31.182098 | J125: =H125+I125 -> 30.976729 | K125: =(0.3548*O125 + 0.0099)*30 -> 0.76396703 | L125: 0.081790172 | M125: 0.13181523 | N125: =AVERAGE(P125:R125) -> 0.2007 | O125: 0.043871385 | P125: 0.2007
A126: A2 | B126: =B96+48 -> 194 | C126: =B126-48 -> 146 | D126: Aliidiomarina | E126: Dark | F126: NH4-HCO3 | G126: =30*(L126-0.0549)/0.0239 -> 49.121635 | H126: =(3.9165*M126-0.5231)*30 -> -3.9435 | I126: =(11.007*N126-0.65)*20 -> 35.342744 | J126: =H126+I126 -> 31.399244 | K126: =(0.3548*O126 + 0.0099)*30 -> 0.96912713 | L126: 0.094033569 | M126: 0.1 | N126: =AVERAGE(P126:R126) -> 0.2196 | O126: 0.063146104 | P126: 0.2196
A127: A3 | B127: =B97+48 -> 194 | C127: =B127-48 -> 146 | D127: Aliidiomarina | E127: Dark | F127: NH4-HCO3 | G127: =30*(L127-0.0549)/0.0239 -> 54.241985 | H127: =(3.9165*M127-0.5231)*30 -> -3.9435 | I127: =(11.007*N127-0.65)*20 -> 37.015808 | J127: =H127+I127 -> 33.072308 | K127: =(0.3548*O127 + 0.0099)*30 -> 1.0894868 | L127: 0.098112782 | M127: 0.1 | N127: =AVERAGE(P127:R127) -> 0.2272 | O127: 0.074453847 | P127: 0.2272
A128: S1 | B128: =B98+48 -> 194 | C128: =B128-48 -> 146 | D128: SynCom | E128: Dark | F128: NH4-HCO3 | G128: =30*(L128-0.0549)/0.0239 -> 70.261109 | H128: =(3.9165*M128-0.5231)*30 -> -12.324675 | I128: =(11.007*N128-0.65)*20 -> 27.527774 | J128: =H128+I128 -> 15.203099 | K128: =(0.3548*O128 + 0.0099)*30 -> 3.2797231 | L128: 0.11087468 | M128: 0.028667817 | N128: =AVERAGE(P128:R128) -> 0.1841 | O128: 0.28022577 | P128: 0.1841
A129: S2 | B129: =B99+48 -> 194 | C129: =B129-48 -> 146 | D129: SynCom | E129: Dark | F129: NH4-HCO3 | G129: =30*(L129-0.0549)/0.0239 -> 42.966891 | H129: =(3.9165*M129-0.5231)*30 -> -3.9435 | I129: =(11.007*N129-0.65)*20 -> 27.043466 | J129: =H129+I129 -> 23.099966 | K129: =(0.3548*O129 + 0.0099)*30 -> 2.798059 | L129: 0.08913029 | M129: 0.1 | N129: =AVERAGE(P129:R129) -> 0.1819 | O129: 0.2349736 | P129: 0.1819
A130: S3 | B130: =B100+48 -> 194 | C130: =B130-48 -> 146 | D130: SynCom | E130: Dark | F130: NH4-HCO3 | G130: =30*(L130-0.0549)/0.0239 -> 77.75651 | H130: =(3.9165*M130-0.5231)*30 -> -3.9435 | I130: =(11.007*N130-0.65)*20 -> 30.059384 | J130: =H130+I130 -> 26.115884 | K130: =(0.3548*O130 + 0.0099)*30 -> 3.0915712 | L130: 0.11684602 | M130: 0.1 | N130: =AVERAGE(P130:R130) -> 0.1956 | O130: 0.26254896 | P130: 0.1956
A131: P1-I | B131: =B101+48 -> 194 | C131: =B131-48 -> 146 | D131: Paracoccus | E131: IR | F131: NH4-HCO3 | G131: =30*(L131-0.0549)/0.0239 -> 63.672533 | H131: =(3.9165*M131-0.5231)*30 -> -3.9435 | I131: =(11.007*N131-0.65)*20 -> 27.659858 | J131: =H131+I131 -> 23.716358 | K131: =(0.3548*O131 + 0.0099)*30 -> 3.1827386 | L131: 0.10562578 | M131: 0.1 | N131: =AVERAGE(P131:R131) -> 0.1847 | O131: 0.27111411 | P131: 0.1847
A132: P2 | B132: =B102+48 -> 194 | C132: =B132-48 -> 146 | D132: Paracoccus | E132: IR | F132: NH4-HCO3 | G132: =30*(L132-0.0549)/0.0239 -> 64.617907 | H132: =(3.9165*M132-0.5231)*30 -> -3.9435 | I132: =(11.007*N132-0.65)*20 -> 29.112782 | J132: =H132+I132 -> 25.169282 | K132: =(0.3548*O132 + 0.0099)*30 -> 3.8432396 | L132: 0.10637893 | M132: 0.1 | N132: =AVERAGE(P132:R132) -> 0.1913 | O132: 0.33316794 | P132: 0.1913
A133: P3 | B133: =B103+48 -> 194 | C133: =B133-48 -> 146 | D133: Paracoccus | E133: IR | F133: NH4-HCO3 | G133: =30*(L133-0.0549)/0.0239 -> 60.255172 | H133: =(3.9165*M133-0.5231)*30 -> -5.3938818 | I133: =(11.007*N133-0.65)*20 -> 29.81723 | J133: =H133+I133 -> 24.423348 | K133: =(0.3548*O133 + 0.0099)*30 -> 2.9453187 | L133: 0.10290329 | M133: 0.0876558 | N133: =AVERAGE(P133:R133) -> 0.1945 | O133: 0.2488086 | P133: 0.1945
... A151: H3-I | B151: =B121+48 -> 194 | C151: =B151-48 -> 146 | D151: Halomonas | E151: IR | F151: NO2 | G151: =30*(L151-0.0549)/0.0239 -> 58.358871 | H151: =(3.9165*M151-0.5231)*30 -> 30.832131 | I151: =(11.007*N151-0.65)*20 -> 23.191016 | J151: =H151+I151 -> 54.023147 | K151: =(0.3548*O151 + 0.0099)*30 -> 6.5797381 | L151: 0.10139257 | M151: 0.39597542 | N151: =AVERAGE(P151:R151) -> 0.1644 | O151: 0.590261 | P151: 0.1644
A152: P1-D-4.6 | B152: =B122+72 -> 266 | C152: =B152-48 -> 218 | D152: Paracoccus | E152: Dark | F152: NH4-HCO3 | G152: =30*(L152-0.0549)/0.0239 -> 80.091292 | H152: =(3.9165*M152-0.5231)*30 -> -3.9435 | I152: =(11.007*N152-0.65)*20 -> 35.32073 | K152: =(0.3548*O152 + 0.0099)*30 -> 0.71350859 | L152: 0.11870606 | M152: 0.1 | N152: =AVERAGE(P152:R152) -> 0.2195 | O152: 0.039130833 | P152: 0.2195
A153: P2 | B153: =B123+72 -> 266 | C153: =B153-48 -> 218 | D153: Paracoccus | E153: Dark | F153: NH4-HCO3 | G153: =30*(L153-0.0549)/0.0239 -> 9.1158314 | H153: =(3.9165*M153-0.5231)*30 -> -3.9435 | I153: =(11.007*N153-0.65)*20 -> 28.980698 | K153: 0 | L153: 0.062162279 | M153: 0.1 | N153: =AVERAGE(P153:R153) -> 0.1907 | O153: n.a. | P153: 0.1907
A154: P3 | B154: =B124+72 -> 266 | C154: =B154-48 -> 218 | D154: Paracoccus | E154: Dark | F154: NH4-HCO3 | G154: =30*(L154-0.0549)/0.0239 -> 39.240211 | H154: =(3.9165*M154-0.5231)*30 -> -3.9435 | I154: =(11.007*N154-0.65)*20 -> 27.549788 | K154: =(0.3548*O154 + 0.0099)*30 -> 0.30256255 | L154: 0.086161368 | M154: 0.1 | N154: =AVERAGE(P154:R154) -> 0.1842 | O154: 0.0005226 | P154: 0.1842
A155: A1 | B155: =B125+72 -> 266 | C155: =B155-48 -> 218 | D155: Aliidiomarina | E155: Dark | F155: NH4-HCO3 | G155: =30*(L155-0.0549)/0.0239 -> 32.355218 | H155: =(3.9165*M155-0.5231)*30 -> -3.9435 | I155: =(11.007*N155-0.65)*20 -> 30.653762 | K155: 0 | L155: 0.080676324 | M155: 0.1 | N155: =AVERAGE(P155:R155) -> 0.1983 | O155: n.a. | P155: 0.1983
A156: A2 | B156: =B126+72 -> 266 | C156: =B156-48 -> 218 | D156: Aliidiomarina | E156: Dark | F156: NH4-HCO3 | G156: =30*(L156-0.0549)/0.0239 -> 60.932253 | H156: =(3.9165*M156-0.5231)*30 -> -3.9435 | I156: =(11.007*N156-0.65)*20 -> 33.66968 | K156: =(0.3548*O156 + 0.0099)*30 -> 1.0950864 | L156: 0.10344269 | M156: 0.1 | N156: =AVERAGE(P156:R156) -> 0.212 | O156: 0.074979933 | P156: 0.212
A157: A3 | B157: =B127+72 -> 266 | C157: =B157-48 -> 218 | D157: Aliidiomarina | E157: Dark | F157: NH4-HCO3 | G157: =30*(L157-0.0549)/0.0239 -> 69.513953 | H157: =(3.9165*M157-0.5231)*30 -> -3.9435 | I157: =(11.007*N157-0.65)*20 -> 40.185824 | K157: =(0.3548*O157 + 0.0099)*30 -> 0.82473218 | L157: 0.11027945 | M157: 0.1 | N157: =AVERAGE(P157:R157) -> 0.2416 | O157: 0.04958025 | P157: 0.2416
A158: S1 | B158: =B128+72 -> 266 | C158: =B158-48 -> 218 | D158: SynCom | E158: Dark | F158: NH4-HCO3 | G158: =30*(L158-0.0549)/0.0239 -> 79.983758 | H158: =(3.9165*M158-0.5231)*30 -> -3.9435 | I158: =(11.007*N158-0.65)*20 -> 30.191468 | K158: =(0.3548*O158 + 0.0099)*30 -> 3.9599203 | L158: 0.11862039 | M158: 0.1 | N158: =AVERAGE(P158:R158) -> 0.1962 | O158: 0.34413005 | P158: 0.1962
A159: S2 | B159: =B129+72 -> 266 | C159: =B159-48 -> 218 | D159: SynCom | E159: Dark | F159: NH4-HCO3 | G159: =30*(L159-0.0549)/0.0239 -> 15.730881 | H159: =(3.9165*M159-0.5231)*30 -> -3.9435 | I159: =(11.007*N159-0.65)*20 -> 33.163358 | K159: =(0.3548*O159 + 0.0099)*30 -> 0.4908723 | L159: 0.067432269 | M159: 0.1 | N159: =AVERAGE(P159:R159) -> 0.2097 | O159: 0.018214233 | P159: 0.2097
A160: S3 | B160: =B130+72 -> 266 | C160: =B160-48 -> 218 | D160: SynCom | E160: Dark | F160: NH4-HCO3 | G160: =30*(L160-0.0549)/0.0239 -> 38.077155 | H160: =(3.9165*M160-0.5231)*30 -> -3.9435 | I160: =(11.007*N160-0.65)*20 -> 31.46828 | K160: 0 | L160: 0.0852348 | M160: 0.1 | N160: =AVERAGE(P160:R160) -> 0.202 | O160: n.a. | P160: 0.202
A161: P1-I | B161: =B131+72 -> 266 | C161: =B161-48 -> 218 | D161: Paracoccus | E161: IR | F161: NH4-HCO3 | G161: =30*(L161-0.0549)/0.0239 -> 37.172241 | H161: =(3.9165*M161-0.5231)*30 -> -3.9435 | I161: =(11.007*N161-0.65)*20 -> 34.726352 | K161: 0 | L161: 0.084513885 | M161: 0.1 | N161: =AVERAGE(P161:R161) -> 0.2168 | O161: n.a. | P161: 0.2168
A162: P2 | B162: =B132+72 -> 266 | C162: =B162-48 -> 218 | D162: Paracoccus | E162: IR | F162: NH4-HCO3 | G162: =30*(L162-0.0549)/0.0239 -> 50.24358 | H162: =(3.9165*M162-0.5231)*30 -> -3.9435 | I162: =(11.007*N162-0.65)*20 -> 39.657488 | K162: =(0.3548*O162 + 0.0099)*30 -> 2.1768129 | L162: 0.094927385 | M162: 0.1 | N162: =AVERAGE(P162:R162) -> 0.2392 | O162: 0.17660775 | P162: 0.2392
A163: P3 | B163: =B133+72 -> 266 | C163: =B163-48 -> 218 | D163: Paracoccus | E163: IR | F163: NH4-HCO3 | G163: =30*(L163-0.0549)/0.0239 -> 29.198382 | H163: =(3.9165*M163-0.5231)*30 -> -3.9435 | I163: =(11.007*N163-0.65)*20 -> 35.012534 | K163: =(0.3548*O163 + 0.0099)*30 -> 0.4852104 | L163: 0.078161378 | M163: 0.1 | N163: =AVERAGE(P163:R163) -> 0.2181 | O163: 0.0176823 | P163: 0.2181
A164: A1 | B164: =B134+72 -> 266 | C164: =B164-48 -> 218 | D164: Aliidiomarina | E164: IR | F164: NH4-HCO3 | G164: =30*(L164-0.0549)/0.0239 -> 58.647281 | H164: =(3.9165*M164-0.5231)*30 -> -3.9435 | I164: =(11.007*N164-0.65)*20 -> 36.31136 | K164: =(0.3548*O164 + 0.0099)*30 -> 1.4014445 | L164: 0.10162233 | M164: 0.1 | N164: =AVERAGE(P164:R164) -> 0.224 | O164: 0.10376217 | P164: 0.224
A165: A2 | B165: =B135+72 -> 266 | C165: =B165-48 -> 218 | D165: Aliidiomarina | E165: IR | F165: NH4-HCO3 | G165: =30*(L165-0.0549)/0.0239 -> 60.856233 | H165: =(3.9165*M165-0.5231)*30 -> -3.9435 | I165: =(11.007*N165-0.65)*20 -> 37.125878 | K165: =(0.3548*O165 + 0.0099)*30 -> 0.78844395 | L165: 0.10338213 | M165: 0.1 | N165: =AVERAGE(P165:R165) -> 0.2277 | O165: 0.046170983 | P165: 0.2277
...

Sheet PASH.r2
A1: Samples | B1: Time.raw | C1: Time | D1: Strain | E1: Light | F1: Substrate | G1: HCO3 | H1: NO2 | I1: NH4 | J1: Abs697 | K1: TIN | L1: CH3COO | M1: S2O3 | N1: OD600 | O1: Growth | P1: HCO3_raw | Q1: NO2_Raw | R1: NH4_Raw | S1: Acetate_Raw | T1: S_Raw | U1: Abs697_raw | V1: NH4_1 | W1: NH4_2 | X1: NH4_3 | Y1: OD600.raw1 | Z1: OD600.raw2 | AA1: OD600.raw3
A2: P1-D-4.6' | B2: =PASH.r1!B152+2 -> 268 | C2: 0 | D2: Paracoccus | E2: Dark | F2: NH4-HCO3 | G2: =30*(P2-0.0549)/0.0239 -> 257.91261 | H2: =(3.9165*Q2-0.5231)*30 -> -3.9435 | I2: =(11.007*R2-0.65)*20 -> 64.92956 | K2: =H2+I2 -> 60.98606 | L2: =(S2*0.0433 - 0.0001)*30 -> 0.00030472787 | M2: =(0.3548*T2 + 0.0099)*30 -> 9.9088153 | P2: 0.26037038 | Q2: 0.1 | R2: =AVERAGE(V2:X2) -> 0.354 | S2: 0.0025440553 | T2: 0.90302662 | V2: 0.354
A3: P2 | B3: =PASH.r1!B153+2 -> 268 | C3: 0 | D3: Paracoccus | E3: Dark | F3: NH4-HCO3 | G3: =30*(P3-0.0549)/0.0239 -> 255.74329 | H3: =(3.9165*Q3-0.5231)*30 -> -3.9435 | I3: =(11.007*R3-0.65)*20 -> 42.299168 | K3: =H3+I3 -> 38.355668 | L3: =(S3*0.0433 - 0.0001)*30 -> -0.0001106764 | M3: =(0.3548*T3 + 0.0099)*30 -> 10.446678 | P3: 0.25864216 | Q3: 0.1 | R3: =AVERAGE(V3:X3) -> 0.2512 | S3: 0.0022242676 | T3: 0.95355863 | V3: 0.2512
A4: P3 | B4: =PASH.r1!B154+2 -> 268 | C4: 0 | D4: Paracoccus | E4: Dark | F4: NH4-HCO3 | G4: =30*(P4-0.0549)/0.0239 -> 235.14289 | H4: =(3.9165*Q4-0.5231)*30 -> -3.9435 | I4: =(11.007*R4-0.65)*20 -> 43.267784 | K4: =H4+I4 -> 39.324284 | L4: =(S4*0.0433 - 0.0001)*30 -> 0.0002015869 | M4: =(0.3548*T4 + 0.0099)*30 -> 10.186637 | P4: 0.24223051 | Q4: 0.1 | R4: =AVERAGE(V4:X4) -> 0.2556 | S4: 0.002464655 | T4: 0.92912789 | V4: 0.2556
A5: A1 | B5: =PASH.r1!B155+2 -> 268 | C5: 0 | D5: Aliidiomarina | E5: Dark | F5: NH4-HCO3 | G5: =30*(P5-0.0549)/0.0239 -> 227.33158 | H5: =(3.9165*Q5-0.5231)*30 -> -5.4688679 | I5: =(11.007*R5-0.65)*20 -> 42.14507 | K5: =H5+I5 -> 36.676202 | L5: =(S5*0.0433 - 0.0001)*30 -> -6.2847806e-05 | M5: =(0.3548*T5 + 0.0099)*30 -> 10.017376 | P5: 0.23600749 | Q5: 0.087017593 | R5: =AVERAGE(V5:X5) -> 0.2505 | S5: 0.0022610871 | T5: 0.91322588 | V5: 0.2505
A6: A2 | B6: =PASH.r1!B156+2 -> 268 | C6: 0 | D6: Aliidiomarina | E6: Dark | F6: NH4-HCO3 | G6: =30*(P6-0.0549)/0.0239 -> 246.04196 | H6: =(3.9165*Q6-0.5231)*30 -> -6.0215652 | I6: =(11.007*R6-0.65)*20 -> 41.616734 | K6: =H6+I6 -> 35.595169 | L6: =(S6*0.0433 - 0.0001)*30 -> -0.00011909059 | M6: =(0.3548*T6 + 0.0099)*30 -> 10.36199 | P6: 0.25091342 | Q6: 0.082313586 | R6: =AVERAGE(V6:X6) -> 0.2481 | S6: 0.0022177902 | T6: 0.94560225 | V6: 0.2481
A7: A3 | B7: =PASH.r1!B157+2 -> 268 | C7: 0 | D7: Aliidiomarina | E7: Dark | F7: NH4-HCO3 | G7: =30*(P7-0.0549)/0.0239 -> 249.05955 | H7: =(3.9165*Q7-0.5231)*30 -> -3.9435 | I7: =(11.007*R7-0.65)*20 -> 43.267784 | K7: =H7+I7 -> 39.324284 | L7: =(S7*0.0433 - 0.0001)*30 -> 1.6745752e-05 | M7: =(0.3548*T7 + 0.0099)*30 -> 10.567046 | P7: 0.25331744 | Q7: 0.1 | R7: =AVERAGE(V7:X7) -> 0.2556 | S7: 0.0023223601 | T7: 0.96486717 | V7: 0.2556
A8: S1 | B8: =PASH.r1!B158+2 -> 268 | C8: 0 | D8: SynCom | E8: Dark | F8: NH4-HCO3 | G8: =30*(P8-0.0549)/0.0239 -> 270.71183 | H8: =(3.9165*Q8-0.5231)*30 -> -3.9435 | I8: =(11.007*R8-0.65)*20 -> 38.644844 | K8: =H8+I8 -> 34.701344 | L8: =(S8*0.0433 - 0.0001)*30 -> -0.00031304318 | M8: =(0.3548*T8 + 0.0099)*30 -> 14.722158 | P8: 0.27056709 | Q8: 0.1 | R8: =AVERAGE(V8:X8) -> 0.2346 | S8: 0.002068481 | T8: 1.3552384 | V8: 0.2346
A9: S2 | B9: =PASH.r1!B159+2 -> 268 | C9: 0 | D9: SynCom | E9: Dark | F9: NH4-HCO3 | G9: =30*(P9-0.0549)/0.0239 -> 214.32828 | H9: =(3.9165*Q9-0.5231)*30 -> -3.9435 | I9: =(11.007*R9-0.65)*20 -> 40.097768 | K9: =H9+I9 -> 36.154268 | L9: =(S9*0.0433 - 0.0001)*30 -> 0.00051106071 | M9: =(0.3548*T9 + 0.0099)*30 -> 10.424448 | P9: 0.2256482 | Q9: 0.1 | R9: =AVERAGE(V9:X9) -> 0.2412 | S9: 0.0027028951 | T9: 0.95147017 | V9: 0.2412
A10: S3 | B10: =PASH.r1!B160+2 -> 268 | C10: 0 | D10: SynCom | E10: Dark | F10: NH4-HCO3 | G10: =30*(P10-0.0549)/0.0239 -> 253.14722 | H10: =(3.9165*Q10-0.5231)*30 -> -3.9435 | I10: =(11.007*R10-0.65)*20 -> 42.717434 | K10: =H10+I10 -> 38.773934 | L10: =(S10*0.0433 - 0.0001)*30 -> 0.0073022488 | M10: =(0.3548*T10 + 0.0099)*30 -> 9.95687 | P10: 0.25657395 | Q10: 0.1 | R10: =AVERAGE(V10:X10) -> 0.2531 | S10: 0.0079309075 | T10: 0.90754133 | V10: 0.2531
A11: P1-I | B11: =PASH.r1!B161+2 -> 268 | C11: 0 | D11: Paracoccus | E11: IR | F11: NH4-HCO3 | G11: =30*(P11-0.0549)/0.0239 -> 234.05189 | H11: =(3.9165*Q11-0.5231)*30 -> -3.9435 | I11: =(11.007*R11-0.65)*20 -> 42.827504 | K11: =H11+I11 -> 38.884004 | L11: =(S11*0.0433 - 0.0001)*30 -> 0.025555324 | M11: =(0.3548*T11 + 0.0099)*30 -> 9.4656082 | P11: 0.24136134 | Q11: 0.1 | R11: =AVERAGE(V11:X11) -> 0.2536 | S11: 0.021982544 | T11: 0.86138747 | V11: 0.2536
A12: P2 | B12: =PASH.r1!B162+2 -> 268 | C12: 0 | D12: Paracoccus | E12: IR | F12: NH4-HCO3 | G12: =30*(P12-0.0549)/0.0239 -> 243.87826 | H12: =(3.9165*Q12-0.5231)*30 -> -3.9435 | I12: =(11.007*R12-0.65)*20 -> 44.280428 | K12: =H12+I12 -> 40.336928 | L12: =(S12*0.0433 - 0.0001)*30 -> 0.007972519 | M12: =(0.3548*T12 + 0.0099)*30 -> 12.169156 | P12: 0.24918968 | Q12: 0.1 | R12: =AVERAGE(V12:X12) -> 0.2602 | S12: 0.0084468968 | T12: 1.1153848 | V12: 0.2602
A13: P3 | B13: =PASH.r1!B163+2 -> 268 | C13: 0 | D13: Paracoccus | E13: IR | F13: NH4-HCO3 | G13: =30*(P13-0.0549)/0.0239 -> 253.78978 | H13: =(3.9165*Q13-0.5231)*30 -> -3.9435 | I13: =(11.007*R13-0.65)*20 -> 41.396594 | K13: =H13+I13 -> 37.453094 | L13: =(S13*0.0433 - 0.0001)*30 -> 0.004222895 | M13: =(0.3548*T13 + 0.0099)*30 -> 10.393181 | P13: 0.25708586 | Q13: 0.1 | R13: =AVERAGE(V13:X13) -> 0.2471 | S13: 0.0055603503 | T13: 0.9485326 | V13: 0.2471
... A31: H3-I | B31: =PASH.r1!B181+2 -> 268 | C31: 0 | D31: Halomonas | E31: IR | F31: NO2 | G31: =30*(P31-0.0549)/0.0239 -> 307.27614 | H31: =(3.9165*Q31-0.5231)*30 -> 37.209016 | I31: =(11.007*R31-0.65)*20 -> 46.019534 | K31: =H31+I31 -> 83.22855 | L31: =(S31*0.0433 - 0.0001)*30 -> -0.00025337513 | M31: =(0.3548*T31 + 0.0099)*30 -> 18.376095 | P31: 0.29969666 | Q31: 0.45024908 | R31: =AVERAGE(V31:X31) -> 0.2681 | S31: 0.0021144148 | T31: 1.6985245 | V31: 0.2681
A32: P1-D-4.7 | B32: =B2+24 -> 292 | C32: =B32-268 -> 24 | D32: Paracoccus | E32: Dark | F32: NH4-HCO3 | G32: =30*(P32-0.0549)/0.0239 -> 272.01414 | H32: =(3.9165*Q32-0.5231)*30 -> 3.2836693 | L32: =(S32*0.0433 - 0.0001)*30 -> 0.00013209272 | M32: =(0.3548*T32 + 0.0099)*30 -> 7.2672481 | P32: 0.2716046 | Q32: 0.16151044 | R32: =AVERAGE(V32:X32) -> 0.169 | S32: 0.0024111568 | T32: 0.65485232 | W32: 0.169
A33: P2 | B33: =B3+24 -> 292 | C33: =B33-268 -> 24 | D33: Paracoccus | E33: Dark | F33: NH4-HCO3 | G33: =30*(P33-0.0549)/0.0239 -> 227.8055 | H33: =(3.9165*Q33-0.5231)*30 -> 19.135788 | L33: =(S33*0.0433 - 0.0001)*30 -> -0.00083789742 | M33: =(0.3548*T33 + 0.0099)*30 -> 11.255597 | P33: 0.23638505 | Q33: 0.29642783 | R33: =AVERAGE(V33:X33) -> 0.1347 | S33: 0.0016644362 | T33: 1.0295562 | W33: 0.1347
A34: P3 | B34: =B4+24 -> 292 | C34: =B34-268 -> 24 | D34: Paracoccus | E34: Dark | F34: NH4-HCO3 | G34: =30*(P34-0.0549)/0.0239 -> 215.41169 | H34: =(3.9165*Q34-0.5231)*30 -> 22.239944 | L34: =(S34*0.0433 - 0.0001)*30 -> -0.0010657008 | M34: =(0.3548*T34 + 0.0099)*30 -> 10.51058 | P34: 0.22651131 | Q34: 0.3228473 | R34: =AVERAGE(V34:X34) -> 0.1453 | S34: 0.0014890679 | T34: 0.95956217 | W34: 0.1453
A35: A1 | B35: =B5+24 -> 292 | C35: =B35-268 -> 24 | D35: Aliidiomarina | E35: Dark | F35: NH4-HCO3 | G35: =30*(P35-0.0549)/0.0239 -> 235.1892 | H35: =(3.9165*Q35-0.5231)*30 -> -3.051356 | L35: =(S35*0.0433 - 0.0001)*30 -> 0.00026595921 | M35: =(0.3548*T35 + 0.0099)*30 -> 7.931315 | P35: 0.2422674 | Q35: 0.10759304 | R35: =AVERAGE(V35:X35) -> 0.1374 | S35: 0.0025142103 | T35: 0.71724117 | W35: 0.1374
A36: A2 | B36: =B6+24 -> 292 | C36: =B36-268 -> 24 | D36: Aliidiomarina | E36: Dark | F36: NH4-HCO3 | G36: =30*(P36-0.0549)/0.0239 -> 238.84263 | H36: =(3.9165*Q36-0.5231)*30 -> -3.9435 | L36: =(S36*0.0433 - 0.0001)*30 -> 0.0011786314 | M36: =(0.3548*T36 + 0.0099)*30 -> 9.1005761 | P36: 0.24517796 | Q36: 0.1 | R36: =AVERAGE(V36:X36) -> 0.136 | S36: 0.0032168063 | T36: 0.82709283 | W36: 0.136
A37: A3 | B37: =B7+24 -> 292 | C37: =B37-268 -> 24 | D37: Aliidiomarina | E37: Dark | F37: NH4-HCO3 | G37: =30*(P37-0.0549)/0.0239 -> 248.90427 | H37: =(3.9165*Q37-0.5231)*30 -> -3.9435 | L37: =(S37*0.0433 - 0.0001)*30 -> 0.0016584166 | M37: =(0.3548*T37 + 0.0099)*30 -> 9.6195346 | P37: 0.25319374 | Q37: 0.1 | R37: =AVERAGE(V37:X37) -> 0.1415 | S37: 0.0035861559 | T37: 0.8758488 | W37: 0.1415
A38: S1 | B38: =B8+24 -> 292 | C38: =B38-268 -> 24 | D38: SynCom | E38: Dark | F38: NH4-HCO3 | G38: =30*(P38-0.0549)/0.0239 -> 268.65068 | H38: =(3.9165*Q38-0.5231)*30 -> -3.9435 | L38: =(S38*0.0433 - 0.0001)*30 -> 0.0031622475 | M38: =(0.3548*T38 + 0.0099)*30 -> 14.661905 | P38: 0.26892504 | Q38: 0.1 | R38: =AVERAGE(V38:X38) -> 0.101 | S38: 0.0047438395 | T38: 1.3495777 | W38: 0.101
A39: S2 | B39: =B9+24 -> 292 | C39: =B39-268 -> 24 | D39: SynCom | E39: Dark | F39: NH4-HCO3 | G39: =30*(P39-0.0549)/0.0239 -> 200.35633 | H39: =(3.9165*Q39-0.5231)*30 -> -3.9435 | L39: =(S39*0.0433 - 0.0001)*30 -> 0.0032823273 | M39: =(0.3548*T39 + 0.0099)*30 -> 7.1048447 | P39: 0.21451721 | Q39: 0.1 | R39: =AVERAGE(V39:X39) -> 0.125 | S39: 0.0048362797 | T39: 0.63959458 | W39: 0.125
A40: S3 | B40: =B10+24 -> 292 | C40: =B40-268 -> 24 | D40: SynCom | E40: Dark | F40: NH4-HCO3 | G40: =30*(P40-0.0549)/0.0239 -> 203.31707 | H40: =(3.9165*Q40-0.5231)*30 -> -3.9435 | L40: =(S40*0.0433 - 0.0001)*30 -> 0.0012023097 | M40: =(0.3548*T40 + 0.0099)*30 -> 6.9747185 | P40: 0.21687593 | Q40: 0.1 | R40: =AVERAGE(V40:X40) -> 0.1296 | S40: 0.0032350344 | T40: 0.62736927 | W40: 0.1296
A41: P1-I | B41: =B11+24 -> 292 | C41: =B41-268 -> 24 | D41: Paracoccus | E41: IR | F41: NH4-HCO3 | G41: =30*(P41-0.0549)/0.0239 -> 210.92287 | H41: =(3.9165*Q41-0.5231)*30 -> -5.3127452 | L41: =(S41*0.0433 - 0.0001)*30 -> 0.00038696833 | M41: =(0.3548*T41 + 0.0099)*30 -> 8.0236478 | P41: 0.22293522 | Q41: 0.088346354 | R41: =AVERAGE(V41:X41) -> 0.1263 | S41: 0.0026073659 | T41: 0.7259158 | W41: 0.1263
A42: P2 | B42: =B12+24 -> 292 | C42: =B42-268 -> 24 | D42: Paracoccus | E42: IR | F42: NH4-HCO3 | G42: =30*(P42-0.0549)/0.0239 -> 230.17005 | H42: =(3.9165*Q42-0.5231)*30 -> -5.5676726 | L42: =(S42*0.0433 - 0.0001)*30 -> 0.0035792158 | M42: =(0.3548*T42 + 0.0099)*30 -> 9.6648412 | P42: 0.23826881 | Q42: 0.086176666 | R42: =AVERAGE(V42:X42) -> 0.133 | S42: 0.0050648312 | T42: 0.88010533 | W42: 0.133
A43: P3 | B43: =B13+24 -> 292 | C43: =B43-268 -> 24 | D43: Paracoccus | E43: IR | F43: NH4-HCO3 | G43: =30*(P43-0.0549)/0.0239 -> 220.97402 | H43: =(3.9165*Q43-0.5231)*30 -> -3.9435 | L43: =(S43*0.0433 - 0.0001)*30 -> 0.00017657646 | M43: =(0.3548*T43 + 0.0099)*30 -> 8.5763038 | P43: 0.23094263 | Q43: 0.1 | R43: =AVERAGE(V43:X43) -> 0.1368 | S43: 0.0024454014 | T43: 0.77783763 | W43: 0.1368
... A61: H3-I | B61: =B31+24 -> 292 | C61: =B61-268 -> 24 | D61: Halomonas | E61: IR | F61: NO2 | G61: =30*(P61-0.0549)/0.0239 -> 310.12287 | H61: =(3.9165*Q61-0.5231)*30 -> 38.564773 | L61: =(S61*0.0433 - 0.0001)*30 -> 0.024909618 | M61: =(0.3548*T61 + 0.0099)*30 -> 16.911635 | P61: 0.30196455 | Q61: 0.46178793 | R61: =AVERAGE(V61:X61) -> 0.0949 | S61: 0.021485464 | T61: 1.5609391 | W61: 0.0949
A62: P1-D-4.9 | B62: =B32+48 -> 340 | C62: =B62-268 -> 72 | D62: Paracoccus | E62: Dark | F62: NH4-HCO3 | G62: =30*(P62-0.0549)/0.0239 -> 240.99337 | H62: =(3.9165*Q62-0.5231)*30 -> -3.9435 | I62: =(11.007*R62-0.65)*20 -> 62.243852 | J62: =(1.584*U62 - 0.0774)*40 -> 8.955072 | K62: =H62+I62 -> 58.300352 | L62: =(S62*0.0433 - 0.0001)*30 -> 0.0034822035 | M62: =(0.3548*T62 + 0.0099)*30 -> 1.3860405 | P62: 0.24689139 | Q62: 0.1 | R62: =AVERAGE(V62:X62) -> 0.3418 | S62: 0.004990149 | T62: 0.10231497 | U62: 0.1902 | V62: 0.3418
A63: P2 | B63: =B33+48 -> 340 | C63: =B63-268 -> 72 | D63: Paracoccus | E63: Dark | F63: NH4-HCO3 | G63: =30*(P63-0.0549)/0.0239 -> 149.32878 | H63: =(3.9165*Q63-0.5231)*30 -> -3.9435 | I63: =(11.007*R63-0.65)*20 -> 41.066384 | J63: =(1.584*U63 - 0.0774)*40 -> 10.025856 | K63: =H63+I63 -> 37.122884 | L63: =(S63*0.0433 - 0.0001)*30 -> 0.0053819428 | M63: =(0.3548*T63 + 0.0099)*30 -> 0.88400702 | P63: 0.17386526 | Q63: 0.1 | R63: =AVERAGE(V63:X63) -> 0.2456 | S63: 0.0064526119 | T63: 0.0551491 | U63: 0.2071 | V63: 0.2456
A64: P3 | B64: =B34+48 -> 340 | C64: =B64-268 -> 72 | D64: Paracoccus | E64: Dark | F64: NH4-HCO3 | G64: =30*(P64-0.0549)/0.0239 -> 161.96809 | H64: =(3.9165*Q64-0.5231)*30 -> -3.9435 | I64: =(11.007*R64-0.65)*20 -> 42.167084 | J64: =(1.584*U64 - 0.0774)*40 -> 13.307904 | K64: =H64+I64 -> 38.223584 | L64: =(S64*0.0433 - 0.0001)*30 -> 0.0027052503 | M64: 0 | P64: 0.18393458 | Q64: 0.1 | R64: =AVERAGE(V64:X64) -> 0.2506 | S64: 0.0043920326 | T64: n.a. | U64: 0.2589 | V64: 0.2506
A65: A1 | B65: =B35+48 -> 340 | C65: =B65-268 -> 72 | D65: Aliidiomarina | E65: Dark | F65: NH4-HCO3 | G65: =30*(P65-0.0549)/0.0239 -> 171.92344 | H65: =(3.9165*Q65-0.5231)*30 -> -3.9435 | I65: =(11.007*R65-0.65)*20 -> 40.516034 | J65: =(1.584*U65 - 0.0774)*40 -> 10.798848 | K65: =H65+I65 -> 36.572534 | L65: =(S65*0.0433 - 0.0001)*30 -> 0.00015261371 | M65: =(0.3548*T65 + 0.0099)*30 -> 0.53972702 | P65: 0.19186568 | Q65: 0.1 | R65: =AVERAGE(V65:X65) -> 0.2431 | S65: 0.0024269544 | T65: 0.022804117 | U65: 0.2193 | V65: 0.2431
A66: A2 | B66: =B36+48 -> 340 | C66: =B66-268 -> 72 | D66: Aliidiomarina | E66: Dark | F66: NH4-HCO3 | G66: =30*(P66-0.0549)/0.0239 -> 219.67863 | H66: =(3.9165*Q66-0.5231)*30 -> -0.8400486 | I66: =(11.007*R66-0.65)*20 -> 40.71416 | J66: =(1.584*U66 - 0.0774)*40 -> 10.760832 | K66: =H66+I66 -> 39.874111 | L66: =(S66*0.0433 - 0.0001)*30 -> 0.00013831454 | M66: =(0.3548*T66 + 0.0099)*30 -> 3.4486856 | P66: 0.22991065 | Q66: 0.12641348 | R66: =AVERAGE(V66:X66) -> 0.244 | S66: 0.0024159465 | T66: 0.29609973 | U66: 0.2187 | V66: 0.244
A67: A3 | B67: =B37+48 -> 340 | C67: =B67-268 -> 72 | D67: Aliidiomarina | E67: Dark | F67: NH4-HCO3 | G67: =30*(P67-0.0549)/0.0239 -> 219.36214 | H67: =(3.9165*Q67-0.5231)*30 -> -3.9435 | I67: =(11.007*R67-0.65)*20 -> 40.05374 | J67: =(1.584*U67 - 0.0774)*40 -> 10.253952 | K67: =H67+I67 -> 36.11024 | L67: =(S67*0.0433 - 0.0001)*30 -> 0.01145749 | M67: =(0.3548*T67 + 0.0099)*30 -> 1.9490366 | P67: 0.22965851 | Q67: 0.1 | R67: =AVERAGE(V67:X67) -> 0.241 | S67: 0.011129707 | T67: 0.15520825 | U67: 0.2107 | V67: 0.241
A68: S1 | B68: =B38+48 -> 340 | C68: =B68-268 -> 72 | D68: SynCom | E68: Dark | F68: NH4-HCO3 | G68: =30*(P68-0.0549)/0.0239 -> 320.06979 | H68: =(3.9165*Q68-0.5231)*30 -> -3.9435 | I68: =(11.007*R68-0.65)*20 -> 33.735722 | J68: =(1.584*U68 - 0.0774)*40 -> 3.689856 | K68: =H68+I68 -> 29.792222 | L68: =(S68*0.0433 - 0.0001)*30 -> 0.0085982998 | M68: =(0.3548*T68 + 0.0099)*30 -> 17.146655 | P68: 0.30988893 | Q68: 0.1 | R68: =AVERAGE(V68:X68) -> 0.2123 | S68: 0.0089286373 | T68: 1.5830191 | U68: 0.1071 | V68: 0.2123
A69: S2 | B69: =B39+48 -> 340 | C69: =B69-268 -> 72 | D69: SynCom | E69: Dark | F69: NH4-HCO3 | G69: =30*(P69-0.0549)/0.0239 -> 184.76364 | H69: =(3.9165*Q69-0.5231)*30 -> -3.9435 | I69: =(11.007*R69-0.65)*20 -> 39.591446 | J69: =(1.584*U69 - 0.0774)*40 -> 9.873792 | K69: =H69+I69 -> 35.647946 | L69: =(S69*0.0433 - 0.0001)*30 -> 0.0040342508 | M69: =(0.3548*T69 + 0.0099)*30 -> 3.64151 | P69: 0.20209504 | Q69: 0.1 | R69: =AVERAGE(V69:X69) -> 0.2389 | S69: 0.0054151277 | T69: 0.31421552 | U69: 0.2047 | V69: 0.2389
A70: S3 | B70: =B40+48 -> 340 | C70: =B70-268 -> 72 | D70: SynCom | E70: Dark | F70: NH4-HCO3 | G70: =30*(P70-0.0549)/0.0239 -> 182.72658 | H70: =(3.9165*Q70-0.5231)*30 -> -4.77865 | I70: =(11.007*R70-0.65)*20 -> 40.912286 | J70: =(1.584*U70 - 0.0774)*40 -> 11.217024 | K70: =H70+I70 -> 36.133636 | L70: =(S70*0.0433 - 0.0001)*30 -> 0.0033267329 | M70: =(0.3548*T70 + 0.0099)*30 -> 0.52207909 | P70: 0.20047217 | Q70: 0.092892038 | R70: =AVERAGE(V70:X70) -> 0.2449 | S70: 0.0048704641 | T70: 0.0211461 | U70: 0.2259 | V70: 0.2449
A71: P1-I | B71: =B41+48 -> 340 | C71: =B71-268 -> 72 | D71: Paracoccus | E71: IR | F71: NH4-HCO3 | G71: =30*(P71-0.0549)/0.0239 -> 179.39992 | H71: =(3.9165*Q71-0.5231)*30 -> -5.4335059 | I71: =(11.007*R71-0.65)*20 -> 42.80549 | J71: =(1.584*U71 - 0.0774)*40 -> 11.236032 | K71: =H71+I71 -> 37.371984 | L71: =(S71*0.0433 - 0.0001)*30 -> 0.00074486149 | M71: 0 | P71: 0.19782194 | Q71: 0.087318559 | R71: =AVERAGE(V71:X71) -> 0.2535 | S71: 0.0028828803 | T71: n.a. | U71: 0.2262 | V71: 0.2535
A72: P2 | B72: =B42+48 -> 340 | C72: =B72-268 -> 72 | D72: Paracoccus | E72: IR | F72: NH4-HCO3 | G72: =30*(P72-0.0549)/0.0239 -> 190.71698 | H72: =(3.9165*Q72-0.5231)*30 -> -3.9435 | I72: =(11.007*R72-0.65)*20 -> 41.616734 | J72: =(1.584*U72 - 0.0774)*40 -> 8.239104 | K72: =H72+I72 -> 37.673234 | L72: =(S72*0.0433 - 0.0001)*30 -> 0.00063667989 | M72: =(0.3548*T72 + 0.0099)*30 -> 3.5971481 | P72: 0.20683786 | Q72: 0.1 | R72: =AVERAGE(V72:X72) -> 0.2481 | S72: 0.0027995996 | T72: 0.31004773 | U72: 0.1789 | V72: 0.2481
A73: P3 | B73: =B43+48 -> 340 | C73: =B73-268 -> 72 | D73: Paracoccus | E73: IR | F73: NH4-HCO3 | G73: =30*(P73-0.0549)/0.0239 -> 175.81672 | H73: =(3.9165*Q73-0.5231)*30 -> -4.3357217 | I73: =(11.007*R73-0.65)*20 -> 41.70479 | J73: =(1.584*U73 - 0.0774)*40 -> 12.642624 | K73: =H73+I73 -> 37.369068 | L73: =(S73*0.0433 - 0.0001)*30 -> -0.00039008745 | M73: =(0.3548*T73 + 0.0099)*30 -> 0.5774066 | P73: 0.19496732 | Q73: 0.096661801 | R73: =AVERAGE(V73:X73) -> 0.2485 | S73: 0.0020091706 | T73: 0.0263441 | U73: 0.2484 | V73: 0.2485
A74: A1 | B74: =B44+48 -> 340 | C74: =B74-268 -> 72 | D74: Aliidiomarina | E74: IR | F74: NH4-HCO3 | G74: =30*(P74-0.0549)/0.0239 -> 224.9524 | H74: =(3.9165*Q74-0.5231)*30 -> -3.9435 | I74: =(11.007*R74-0.65)*20 -> 41.220482 | J74: =(1.584*U74 - 0.0774)*40 -> 14.049216 | K74: =H74+I74 -> 37.276982 | L74: =(S74*0.0433 - 0.0001)*30 -> 0.00022443291 | M74: =(0.3548*T74 + 0.0099)*30 -> 2.9244586 | P74: 0.23411208 | Q74: 0.1 | R74: =AVERAGE(V74:X74) -> 0.2463 | S74: 0.0024822424 | T74: 0.2468488 | U74: 0.2706 | V74: 0.2463
A75: A2 | B75: =B45+48 -> 340 | C75: =B75-268 -> 72 | D75: Aliidiomarina | E75: IR | F75: NH4-HCO3 | G75: =30*(P75-0.0549)/0.0239 -> 240.10448 | H75: =(3.9165*Q75-0.5231)*30 -> -3.9435 | I75: =(11.007*R75-0.65)*20 -> 40.626104 | J75: =(1.584*U75 - 0.0774)*40 -> 5.216832 | K75: =H75+I75 -> 36.682604 | L75: =(S75*0.0433 - 0.0001)*30 -> 0.00018540029 | M75: =(0.3548*T75 + 0.0099)*30 -> 5.4304353 | P75: 0.24618324 | Q75: 0.1 | R75: =AVERAGE(V75:X75) -> 0.2436 | S75: 0.0024521942 | T75: 0.48228442 | U75: 0.1312 | V75: 0.2436
A76: A3 | B76: =B46+48 -> 340 | C76: =B76-268 -> 72 | D76: Aliidiomarina | E76: IR | F76: NH4-HCO3 | G76: =30*(P76-0.0549)/0.0239 -> 258.63835 | H76: =(3.9165*Q76-0.5231)*30 -> -5.0658723 | I76: =(11.007*R76-0.65)*20 -> 37.874354 | J76: =(1.584*U76 - 0.0774)*40 -> 1.903104 | K76: =H76+I76 -> 32.808482 | L76: =(S76*0.0433 - 0.0001)*30 -> -1.0083422e-05 | M76: =(0.3548*T76 + 0.0099)*30 -> 10.890305 | P76: 0.26094856 | Q76: 0.090447489 | R76: =AVERAGE(V76:X76) -> 0.2311 | S76: 0.0023017064 | T76: 0.99523718 | U76: 0.0789 | V76: 0.2311
A77: S1 | B77: =B47+48 -> 340 | C77: =B77-268 -> 72 | D77: SynCom | E77: IR | F77: NH4-HCO3 | G77: =30*(P77-0.0549)/0.0239 -> 193.52442 | H77: =(3.9165*Q77-0.5231)*30 -> -3.9435 | I77: =(11.007*R77-0.65)*20 -> 40.251866 | J77: =(1.584*U77 - 0.0774)*40 -> 12.953088 | K77: =H77+I77 -> 36.308366 | L77: =(S77*0.0433 - 0.0001)*30 -> 0.0017007001 | M77: =(0.3548*T77 + 0.0099)*30 -> 4.2362493 | P77: 0.20907445 | Q77: 0.1 | R77: =AVERAGE(V77:X77) -> 0.2419 | S77: 0.0036187068 | T77: 0.37009107 | U77: 0.2533 | V77: 0.2419
A78: S2 | B78: =B48+48 -> 340 | C78: =B78-268 -> 72 | D78: SynCom | E78: IR | F78: NH4-HCO3 | G78: =30*(P78-0.0549)/0.0239 -> 187.81369 | H78: =(3.9165*Q78-0.5231)*30 -> -5.297326 | I78: =(11.007*R78-0.65)*20 -> 40.317908 | J78: =(1.584*U78 - 0.0774)*40 -> 11.394432 | K78: =H78+I78 -> 35.020582 | L78: =(S78*0.0433 - 0.0001)*30 -> 0.015819151 | M78: =(0.3548*T78 + 0.0099)*30 -> 3.0264132 | P78: 0.20452491 | Q78: 0.088477586 | R78: =AVERAGE(V78:X78) -> 0.2422 | S78: 0.014487414 | T78: 0.2564274 | U78: 0.2287 | V78: 0.2422
A79: S3 | B79: =B49+48 -> 340 | C79: =B79-268 -> 72 | D79: SynCom | E79: IR | F79: NH4-HCO3 | G79: =30*(P79-0.0549)/0.0239 -> 204.70062 | H79: =(3.9165*Q79-0.5231)*30 -> -3.9435 | I79: =(11.007*R79-0.65)*20 -> 44.742722 | J79: =(1.584*U79 - 0.0774)*40 -> 5.96448 | K79: =H79+I79 -> 40.799222 | L79: =(S79*0.0433 - 0.0001)*30 -> 0.023438713 | M79: =(0.3548*T79 + 0.0099)*30 -> 5.7015031 | P79: 0.21797816 | Q79: 0.1 | R79: =AVERAGE(V79:X79) -> 0.2623 | S79: 0.020353128 | T79: 0.50775113 | U79: 0.143 | V79: 0.2623
A80: P1-NO2-I | B80: =B50+48 -> 340 | C80: =B80-268 -> 72 | D80: Paracoccus | E80: IR | F80: NO2 | G80: =30*(P80-0.0549)/0.0239 -> 233.42893 | H80: =(3.9165*Q80-0.5231)*30 -> -3.9435 | I80: =(11.007*R80-0.65)*20 -> 71.401676 | J80: =(1.584*U80 - 0.0774)*40 -> 16.108416 | K80: =H80+I80 -> 67.458176 | L80: =(S80*0.0433 - 0.0001)*30 -> 0.0053718214 | M80: =(0.3548*T80 + 0.0099)*30 -> 0.47904682 | P80: 0.24086505 | Q80: 0.1 | R80: =AVERAGE(V80:X80) -> 0.3834 | S80: 0.0064448201 | T80: 0.017103233 | U80: 0.3031 | V80: 0.3834
A81: P2-NO2 | B81: =B51+48 -> 340 | C81: =B81-268 -> 72 | D81: Paracoccus | E81: IR | F81: NO2 | G81: =30*(P81-0.0549)/0.0239 -> 211.55334 | H81: =(3.9165*Q81-0.5231)*30 -> 39.92755 | I81: =(11.007*R81-0.65)*20 -> 43.179728 | J81: =(1.584*U81 - 0.0774)*40 -> 13.56768 | K81: =H81+I81 -> 83.107278 | L81: =(S81*0.0433 - 0.0001)*30 -> 0.0047875118 | M81: 0 | P81: 0.2234375 | Q81: 0.47338653 | R81: =AVERAGE(V81:X81) -> 0.2552 | S81: 0.0059950052 | T81: n.a. | U81: 0.263 | V81: 0.2552
A82: P3-NO2 | B82: =B52+48 -> 340 | C82: =B82-268 -> 72 | D82: Paracoccus | E82: IR | F82: NO2 | G82: =30*(P82-0.0549)/0.0239 -> 229.79047 | H82: =(3.9165*Q82-0.5231)*30 -> -5.0904427 | I82: =(11.007*R82-0.65)*20 -> 42.69542 | J82: =(1.584*U82 - 0.0774)*40 -> 14.587776 | K82: =H82+I82 -> 37.604977 | L82: =(S82*0.0433 - 0.0001)*30 -> 0.019843489 | M82: =(0.3548*T82 + 0.0099)*30 -> 4.2315688 | P82: 0.23796641 | Q82: 0.09023837 | R82: =AVERAGE(V82:X82) -> 0.253 | S82: 0.017585442 | T82: 0.36965133 | U82: 0.2791 | V82: 0.253
A83: S1-NO2-I | B83: =B53+48 -> 340 | C83: =B83-268 -> 72 | D83: SynCom | E83: IR | F83: NO2 | G83: =30*(P83-0.0549)/0.0239 -> 230.55695 | H83: =(3.9165*Q83-0.5231)*30 -> -3.9435 | I83: =(11.007*R83-0.65)*20 -> 39.415334 | J83: =(1.584*U83 - 0.0774)*40 -> 8.676288 | K83: =H83+I83 -> 35.471834 | L83: =(S83*0.0433 - 0.0001)*30 -> 0.0072836964 | M83: =(0.3548*T83 + 0.0099)*30 -> 4.8653225 | P83: 0.23857704 | Q83: 0.1 | R83: =AVERAGE(V83:X83) -> 0.2381 | S83: 0.0079166254 | T83: 0.42919227 | U83: 0.1858 | V83: 0.2381
A84: S2-NO2 | B84: =B54+48 -> 340 | C84: =B84-268 -> 72 | D84: SynCom | E84: IR | F84: NO2 | G84: =30*(P84-0.0549)/0.0239 -> 220.64152 | H84: =(3.9165*Q84-0.5231)*30 -> -3.9435 | I84: =(11.007*R84-0.65)*20 -> 40.449992 | J84: =(1.584*U84 - 0.0774)*40 -> 9.081792 | K84: =H84+I84 -> 36.506492 | L84: =(S84*0.0433 - 0.0001)*30 -> 0.0045738181 | M84: =(0.3548*T84 + 0.0099)*30 -> 5.242746 | P84: 0.23067774 | Q84: 0.1 | R84: =AVERAGE(V84:X84) -> 0.2428 | S84: 0.005830499 | T84: 0.46465107 | U84: 0.1922 | V84: 0.2428
A85: S3-NO2 | B85: =B55+48 -> 340 | C85: =B85-268 -> 72 | D85: SynCom | E85: IR | F85: NO2 | G85: =30*(P85-0.0549)/0.0239 -> 226.05101 | H85: =(3.9165*Q85-0.5231)*30 -> -5.4218643 | I85: =(11.007*R85-0.65)*20 -> 42.409238 | J85: =(1.584*U85 - 0.0774)*40 -> 7.022592 | K85: =H85+I85 -> 36.987374 | L85: =(S85*0.0433 - 0.0001)*30 -> 0.0034731242 | M85: =(0.3548*T85 + 0.0099)*30 -> 4.9561192 | P85: 0.2349873 | Q85: 0.087417641 | R85: =AVERAGE(V85:X85) -> 0.2517 | S85: 0.0049831595 | T85: 0.43772258 | U85: 0.1597 | V85: 0.2517
A86: H1-D | B86: =B56+48 -> 340 | C86: =B86-268 -> 72 | D86: Halomonas | E86: Dark | F86: NO2 | G86: =30*(P86-0.0549)/0.0239 -> 284.028 | H86: =(3.9165*Q86-0.5231)*30 -> 34.827142 | I86: =(11.007*R86-0.65)*20 -> 39.06311 | J86: =(1.584*U86 - 0.0774)*40 -> 0.921024 | K86: =H86+I86 -> 73.890252 | L86: =(S86*0.0433 - 0.0001)*30 -> 0.0042933407 | M86: =(0.3548*T86 + 0.0099)*30 -> 13.492152 | P86: 0.28117564 | Q86: 0.42997695 | R86: =AVERAGE(V86:X86) -> 0.2365 | S86: 0.005614581 | T86: 1.2396798 | U86: 0.0634 | V86: 0.2365
A87: H2-D | B87: =B57+48 -> 340 | C87: =B87-268 -> 72 | D87: Halomonas | E87: Dark | F87: NO2 | G87: =30*(P87-0.0549)/0.0239 -> 307.14419 | H87: =(3.9165*Q87-0.5231)*30 -> 44.069359 | I87: =(11.007*R87-0.65)*20 -> 38.600816 | J87: =(1.584*U87 - 0.0774)*40 -> 7.763904 | K87: =H87+I87 -> 82.670175 | L87: =(S87*0.0433 - 0.0001)*30 -> 0.0032871257 | M87: =(0.3548*T87 + 0.0099)*30 -> 13.415399 | P87: 0.29959153 | Q87: 0.50863746 | R87: =AVERAGE(V87:X87) -> 0.2344 | S87: 0.0048399736 | T87: 1.2324689 | U87: 0.1714 | V87: 0.2344
A88: H3-D | B88: =B58+48 -> 340 | C88: =B88-268 -> 72 | D88: Halomonas | E88: Dark | F88: NO2 | G88: =30*(P88-0.0549)/0.0239 -> 306.1223 | H88: =(3.9165*Q88-0.5231)*30 -> 42.594505 | I88: =(11.007*R88-0.65)*20 -> 37.103864 | J88: =(1.584*U88 - 0.0774)*40 -> 6.388992 | K88: =H88+I88 -> 79.698369 | L88: =(S88*0.0433 - 0.0001)*30 -> 0.0039747273 | M88: =(0.3548*T88 + 0.0099)*30 -> 14.367925 | P88: 0.29877743 | Q88: 0.49608498 | R88: =AVERAGE(V88:X88) -> 0.2276 | S88: 0.0053693051 | T88: 1.3219584 | U88: 0.1497 | V88: 0.2276
A89: H1-I | B89: =B59+48 -> 340 | C89: =B89-268 -> 72 | D89: Halomonas | E89: IR | F89: NO2 | G89: =30*(P89-0.0549)/0.0239 -> 344.23052 | H89: =(3.9165*Q89-0.5231)*30 -> 44.572143 | I89: =(11.007*R89-0.65)*20 -> 35.738996 | J89: =(1.584*U89 - 0.0774)*40 -> 6.243264 | K89: =H89+I89 -> 80.311139 | L89: =(S89*0.0433 - 0.0001)*30 -> 0.0042367811 | M89: =(0.3548*T89 + 0.0099)*30 -> 17.849078 | P89: 0.32913698 | Q89: 0.51291666 | R89: =AVERAGE(V89:X89) -> 0.2214 | S89: 0.0055710401 | T89: 1.6490115 | U89: 0.1474 | V89: 0.2214
A90: H2-I | B90: =B60+48 -> 340 | C90: =B90-268 -> 72 | D90: Halomonas | E90: IR | F90: NO2 | G90: =30*(P90-0.0549)/0.0239 -> 318.84739 | H90: =(3.9165*Q90-0.5231)*30 -> 36.039836 | I90: =(11.007*R90-0.65)*20 -> 34.242044 | J90: =(1.584*U90 - 0.0774)*40 -> 5.799744 | K90: =H90+I90 -> 70.28188 | L90: =(S90*0.0433 - 0.0001)*30 -> 0.004840574 | M90: =(0.3548*T90 + 0.0099)*30 -> 18.105101 | P90: 0.30891508 | Q90: 0.44029819 | R90: =AVERAGE(V90:X90) -> 0.2146 | S90: 0.0060358537 | T90: 1.6730647 | U90: 0.1404 | V90: 0.2146
A91: H3-I | B91: =B61+48 -> 340 | C91: =B91-268 -> 72 | D91: Halomonas | E91: IR | F91: NO2 | G91: =30*(P91-0.0549)/0.0239 -> 350.4444 | H91: =(3.9165*Q91-0.5231)*30 -> 42.373468 | I91: =(11.007*R91-0.65)*20 -> 41.198468 | J91: =(1.584*U91 - 0.0774)*40 -> 5.9328 | K91: =H91+I91 -> 83.571936 | L91: =(S91*0.0433 - 0.0001)*30 -> 0.0038947388 | M91: =(0.3548*T91 + 0.0099)*30 -> 19.487089 | P91: 0.33408737 | Q91: 0.49420373 | R91: =AVERAGE(V91:X91) -> 0.2462 | S91: 0.0053077281 | T91: 1.8029021 | U91: 0.1425 | V91: 0.2462
A92: P1-D-4.21 | B92: 450 | C92: =B92-268 -> 182 | D92: Paracoccus | E92: Dark | F92: NH4-HCO3 | I92: =J92 -> 16.273152 | J92: =(1.584*U92 - 0.0774)*40 -> 16.273152 | N92: =AVERAGE(Y92:AA92) -> 0.2616 | O92: =N92-PASH.r1!#REF! -> #REF! | U92: 0.3057 | Y92: 0.2047 | Z92: 0.3185
A93: P2 | B93: 450 | C93: =B93-268 -> 182 | D93: Paracoccus | E93: Dark | F93: NH4-HCO3 | I93: =J93 -> 15.392448 | J93: =(1.584*U93 - 0.0774)*40 -> 15.392448 | N93: =AVERAGE(Y93:AA93) -> 0.2561 | O93: =N93-PASH.r1!#REF! -> #REF! | U93: 0.2918 | Y93: 0.2554 | Z93: 0.2568
A94: P3 | B94: 450 | C94: =B94-268 -> 182 | D94: Paracoccus | E94: Dark | F94: NH4-HCO3 | I94: =J94 -> 12.940416 | J94: =(1.584*U94 - 0.0774)*40 -> 12.940416 | N94: =AVERAGE(Y94:AA94) -> 0.24955 | O94: =N94-PASH.r1!#REF! -> #REF! | U94: 0.2531 | Y94: 0.2479 | Z94: 0.2512
A95: A1 | B95: 450 | C95: =B95-268 -> 182 | D95: Aliidiomarina | E95: Dark | F95: NH4-HCO3 | I95: =J95 -> 13.516992 | J95: =(1.584*U95 - 0.0774)*40 -> 13.516992 | N95: =AVERAGE(Y95:AA95) -> 0.22435 | O95: =N95-PASH.r1!#REF! -> #REF! | U95: 0.2622 | Y95: 0.2267 | Z95: 0.222
A96: A2 | B96: 450 | C96: =B96-268 -> 182 | D96: Aliidiomarina | E96: Dark | F96: NH4-HCO3 | I96: =J96 -> 15.937344 | J96: =(1.584*U96 - 0.0774)*40 -> 15.937344 | N96: =AVERAGE(Y96:AA96) -> 0.24645 | O96: =N96-PASH.r1!#REF! -> #REF! | U96: 0.3004 | Y96: 0.2435 | Z96: 0.2494
A97: A3 | B97: 450 | C97: =B97-268 -> 182 | D97: Aliidiomarina | E97: Dark | F97: NH4-HCO3 | I97: =J97 -> 12.93408 | J97: =(1.584*U97 - 0.0774)*40 -> 12.93408 | N97: =AVERAGE(Y97:AA97) -> 0.2159 | O97: =N97-PASH.r1!#REF! -> #REF! | U97: 0.253 | Y97: 0.2169 | Z97: 0.2149
A98: S1 | B98: 450 | C98: =B98-268 -> 182 | D98: SynCom | E98: Dark | F98: NH4-HCO3 | I98: =J98 -> 1.288512 | J98: =(1.584*U98 - 0.0774)*40 -> 1.288512 | N98: =AVERAGE(Y98:AA98) -> 0.2682 | O98: =N98-PASH.r1!#REF! -> #REF! | U98: 0.0692 | Y98: 0.2707 | Z98: 0.2657
A99: S2 | B99: 450 | C99: =B99-268 -> 182 | D99: SynCom | E99: Dark | F99: NH4-HCO3 | I99: =J99 -> 10.355328 | J99: =(1.584*U99 - 0.0774)*40 -> 10.355328 | N99: =AVERAGE(Y99:AA99) -> 0.26025 | O99: =N99-PASH.r1!#REF! -> #REF! | U99: 0.2123 | Y99: 0.259 | Z99: 0.2615
A100: S3 | B100: 450 | C100: =B100-268 -> 182 | D100: SynCom | E100: Dark | F100: NH4-HCO3 | I100: =J100 -> 12.287808 | J100: =(1.584*U100 - 0.0774)*40 -> 12.287808 | N100: =AVERAGE(Y100:AA100) -> 0.32145 | O100: =N100-PASH.r1!#REF! -> #REF! | U100: 0.2428 | Y100: 0.3232 | Z100: 0.3197
A101: P1-I | B101: 450 | C101: =B101-268 -> 182 | D101: Paracoccus | E101: IR | F101: NH4-HCO3 | I101: =J101 -> 16.444224 | J101: =(1.584*U101 - 0.0774)*40 -> 16.444224 | N101: =AVERAGE(Y101:AA101) -> 0.24285 | O101: =N101-PASH.r1!#REF! -> #REF! | U101: 0.3084 | Y101: 0.2433 | Z101: 0.2424
A102: P2 | B102: 450 | C102: =B102-268 -> 182 | D102: Paracoccus | E102: IR | F102: NH4-HCO3 | I102: =J102 -> 17.109504 | J102: =(1.584*U102 - 0.0774)*40 -> 17.109504 | N102: =AVERAGE(Y102:AA102) -> 0.2231 | O102: =N102-PASH.r1!#REF! -> #REF! | U102: 0.3189 | Y102: 0.2235 | Z102: 0.2227
A103: P3 | B103: 450 | C103: =B103-268 -> 182 | D103: Paracoccus | E103: IR | F103: NH4-HCO3 | I103: =J103 -> 15.493824 | J103: =(1.584*U103 - 0.0774)*40 -> 15.493824 | N103: =AVERAGE(Y103:AA103) -> 0.2464 | O103: =N103-PASH.r1!#REF! -> #REF! | U103: 0.2934 | Y103: 0.2442 | Z103: 0.2486
... A119: H1-I | B119: 450 | C119: =B119-268 -> 182 | D119: Halomonas | E119: IR | F119: NO2 | I119: =J119 -> 15.550848 | J119: =(1.584*U119 - 0.0774)*40 -> 15.550848 | N119: =AVERAGE(Y119:AA119) -> 0.4098 | O119: =N119-PASH.r1!#REF! -> #REF! | U119: 0.2943 | Y119: 0.4066 | Z119: 0.413
A120: H2-I | B120: 450 | C120: =B120-268 -> 182 | D120: Halomonas | E120: IR | F120: NO2 | J120: =(1.584*U120 - 0.0774)*40 -> 16.906752 | N120: =AVERAGE(Y120:AA120) -> 0.41435 | O120: =N120-PASH.r1!#REF! -> #REF! | U120: 0.3157 | Y120: 0.4154 | Z120: 0.4133
A121: H3-I | B121: 450 | C121: =B121-268 -> 182 | D121: Halomonas | E121: IR | F121: NO2 | I121: =J121 -> 4.146048 | J121: =(1.584*U121 - 0.0774)*40 -> 4.146048 | N121: =AVERAGE(Y121:AA121) -> 0.53095 | O121: =N121-PASH.r1!#REF! -> #REF! | U121: 0.1143 | Y121: 0.4585 | Z121: 0.6034
