Workbook

Sheet r1
A1: Sample | B1: Time | C1: OD600 | D1: Group | E1: Substrate
A2: pd.1_Dark | B2: ='r1.raw.P'!B3 -> 0 | C2: ='r1.raw.P'!C3 -> 0.1255 | D2: pd_Dark | E2: Dark
A3: pd.1_Dark | B3: ='r1.raw.P'!B4 -> 30 | C3: ='r1.raw.P'!C4 -> 0.1248 | D3: pd_Dark | E3: Dark
A4: pd.1_Dark | B4: ='r1.raw.P'!B5 -> 60 | C4: ='r1.raw.P'!C5 -> 0.1248 | D4: pd_Dark | E4: Dark
A5: pd.1_Dark | B5: ='r1.raw.P'!B6 -> 90 | C5: ='r1.raw.P'!C6 -> 0.1247 | D5: pd_Dark | E5: Dark
A6: pd.1_Dark | B6: ='r1.raw.P'!B7 -> 120 | C6: ='r1.raw.P'!C7 -> 0.1237 | D6: pd_Dark | E6: Dark
A7: pd.1_Dark | B7: ='r1.raw.P'!B8 -> 150 | C7: ='r1.raw.P'!C8 -> 0.1232 | D7: pd_Dark | E7: Dark
A8: pd.1_Dark | B8: ='r1.raw.P'!B9 -> 180 | C8: ='r1.raw.P'!C9 -> 0.1215 | D8: pd_Dark | E8: Dark
A9: pd.1_Dark | B9: ='r1.raw.P'!B10 -> 210 | C9: ='r1.raw.P'!C10 -> 0.1212 | D9: pd_Dark | E9: Dark
A10: pd.1_Dark | B10: ='r1.raw.P'!B11 -> 240 | C10: ='r1.raw.P'!C11 -> 0.1204 | D10: pd_Dark | E10: Dark
A11: pd.1_Dark | B11: ='r1.raw.P'!B12 -> 270 | C11: ='r1.raw.P'!C12 -> 0.1201 | D11: pd_Dark | E11: Dark
A12: pd.1_Dark | B12: ='r1.raw.P'!B13 -> 300 | C12: ='r1.raw.P'!C13 -> 0.1195 | D12: pd_Dark | E12: Dark
A13: pd.1_Dark | B13: ='r1.raw.P'!B14 -> 330 | C13: ='r1.raw.P'!C14 -> 0.1189 | D13: pd_Dark | E13: Dark
... A50: pd.1_Dark | B50: ='r1.raw.P'!B51 -> 1430 | C50: ='r1.raw.P'!C51 -> 0.1113 | D50: pd_Dark | E50: Dark
A51: pd.2_Dark | B51: ='r1.raw.P'!B3 -> 0 | C51: ='r1.raw.P'!D3 -> 0.1264 | D51: pd_Dark | E51: Dark
A52: pd.2_Dark | B52: ='r1.raw.P'!B4 -> 30 | C52: ='r1.raw.P'!D4 -> 0.1289 | D52: pd_Dark | E52: Dark
A53: pd.2_Dark | B53: ='r1.raw.P'!B5 -> 60 | C53: ='r1.raw.P'!D5 -> 0.1252 | D53: pd_Dark | E53: Dark
A54: pd.2_Dark | B54: ='r1.raw.P'!B6 -> 90 | C54: ='r1.raw.P'!D6 -> 0.1249 | D54: pd_Dark | E54: Dark
A55: pd.2_Dark | B55: ='r1.raw.P'!B7 -> 120 | C55: ='r1.raw.P'!D7 -> 0.124 | D55: pd_Dark | E55: Dark
A56: pd.2_Dark | B56: ='r1.raw.P'!B8 -> 150 | C56: ='r1.raw.P'!D8 -> 0.1235 | D56: pd_Dark | E56: Dark
A57: pd.2_Dark | B57: ='r1.raw.P'!B9 -> 180 | C57: ='r1.raw.P'!D9 -> 0.1227 | D57: pd_Dark | E57: Dark
A58: pd.2_Dark | B58: ='r1.raw.P'!B10 -> 210 | C58: ='r1.raw.P'!D10 -> 0.1213 | D58: pd_Dark | E58: Dark
A59: pd.2_Dark | B59: ='r1.raw.P'!B11 -> 240 | C59: ='r1.raw.P'!D11 -> 0.1209 | D59: pd_Dark | E59: Dark
A60: pd.2_Dark | B60: ='r1.raw.P'!B12 -> 270 | C60: ='r1.raw.P'!D12 -> 0.1209 | D60: pd_Dark | E60: Dark
A61: pd.2_Dark | B61: ='r1.raw.P'!B13 -> 300 | C61: ='r1.raw.P'!D13 -> 0.1205 | D61: pd_Dark | E61: Dark
A62: pd.2_Dark | B62: ='r1.raw.P'!B14 -> 330 | C62: ='r1.raw.P'!D14 -> 0.1194 | D62: pd_Dark | E62: Dark
... A99: pd.2_Dark | B99: ='r1.raw.P'!B51 -> 1430 | C99: ='r1.raw.P'!D51 -> 0.1087 | D99: pd_Dark | E99: Dark
A100: pd.3_Dark | B100: ='r1.raw.P'!B3 -> 0 | C100: ='r1.raw.P'!E3 -> 0.124 | D100: pd_Dark | E100: Dark
A101: pd.3_Dark | B101: ='r1.raw.P'!B4 -> 30 | C101: ='r1.raw.P'!E4 -> 0.1258 | D101: pd_Dark | E101: Dark
A102: pd.3_Dark | B102: ='r1.raw.P'!B5 -> 60 | C102: ='r1.raw.P'!E5 -> 0.1259 | D102: pd_Dark | E102: Dark
A103: pd.3_Dark | B103: ='r1.raw.P'!B6 -> 90 | C103: ='r1.raw.P'!E6 -> 0.1244 | D103: pd_Dark | E103: Dark
A104: pd.3_Dark | B104: ='r1.raw.P'!B7 -> 120 | C104: ='r1.raw.P'!E7 -> 0.1229 | D104: pd_Dark | E104: Dark
A105: pd.3_Dark | B105: ='r1.raw.P'!B8 -> 150 | C105: ='r1.raw.P'!E8 -> 0.122 | D105: pd_Dark | E105: Dark
A106: pd.3_Dark | B106: ='r1.raw.P'!B9 -> 180 | C106: ='r1.raw.P'!E9 -> 0.1215 | D106: pd_Dark | E106: Dark
A107: pd.3_Dark | B107: ='r1.raw.P'!B10 -> 210 | C107: ='r1.raw.P'!E10 -> 0.1206 | D107: pd_Dark | E107: Dark
A108: pd.3_Dark | B108: ='r1.raw.P'!B11 -> 240 | C108: ='r1.raw.P'!E11 -> 0.1202 | D108: pd_Dark | E108: Dark
A109: pd.3_Dark | B109: ='r1.raw.P'!B12 -> 270 | C109: ='r1.raw.P'!E12 -> 0.1195 | D109: pd_Dark | E109: Dark
A110: pd.3_Dark | B110: ='r1.raw.P'!B13 -> 300 | C110: ='r1.raw.P'!E13 -> 0.1191 | D110: pd_Dark | E110: Dark
A111: pd.3_Dark | B111: ='r1.raw.P'!B14 -> 330 | C111: ='r1.raw.P'!E14 -> 0.1185 | D111: pd_Dark | E111: Dark
... A148: pd.3_Dark | B148: ='r1.raw.P'!B51 -> 1430 | C148: ='r1.raw.P'!E51 -> 0.1071 | D148: pd_Dark | E148: Dark
A149: mz.1_Dark | B149: ='r1.raw.P'!B3 -> 0 | C149: ='r1.raw.P'!F3 -> 0.1996 | D149: pa_Dark | E149: Dark
A150: mz.1_Dark | B150: ='r1.raw.P'!B4 -> 30 | C150: ='r1.raw.P'!F4 -> 0.1763 | D150: pa_Dark | E150: Dark
A151: mz.1_Dark | B151: ='r1.raw.P'!B5 -> 60 | C151: ='r1.raw.P'!F5 -> 0.1477 | D151: pa_Dark | E151: Dark
A152: mz.1_Dark | B152: ='r1.raw.P'!B6 -> 90 | C152: ='r1.raw.P'!F6 -> 0.1402 | D152: pa_Dark | E152: Dark
A153: mz.1_Dark | B153: ='r1.raw.P'!B7 -> 120 | C153: ='r1.raw.P'!F7 -> 0.1371 | D153: pa_Dark | E153: Dark
A154: mz.1_Dark | B154: ='r1.raw.P'!B8 -> 150 | C154: ='r1.raw.P'!F8 -> 0.1357 | D154: pa_Dark | E154: Dark
A155: mz.1_Dark | B155: ='r1.raw.P'!B9 -> 180 | C155: ='r1.raw.P'!F9 -> 0.1357 | D155: pa_Dark | E155: Dark
A156: mz.1_Dark | B156: ='r1.raw.P'!B10 -> 210 | C156: ='r1.raw.P'!F10 -> 0.134 | D156: pa_Dark | E156: Dark
A157: mz.1_Dark | B157: ='r1.raw.P'!B11 -> 240 | C157: ='r1.raw.P'!F11 -> 0.1324 | D157: pa_Dark | E157: Dark
A158: mz.1_Dark | B158: ='r1.raw.P'!B12 -> 270 | C158: ='r1.raw.P'!F12 -> 0.1306 | D158: pa_Dark | E158: Dark
A159: mz.1_Dark | B159: ='r1.raw.P'!B13 -> 300 | C159: ='r1.raw.P'!F13 -> 0.1306 | D159: pa_Dark | E159: Dark
A160: mz.1_Dark | B160: ='r1.raw.P'!B14 -> 330 | C160: ='r1.raw.P'!F14 -> 0.1291 | D160: pa_Dark | E160: Dark
... A197: mz.1_Dark | B197: ='r1.raw.P'!B51 -> 1430 | C197: ='r1.raw.P'!F51 -> 0.1537 | D197: pa_Dark | E197: Dark
A198: mz.2_Dark | B198: ='r1.raw.P'!B3 -> 0 | C198: ='r1.raw.P'!G3 -> 0.1338 | D198: pa_Dark | E198: Dark
A199: mz.2_Dark | B199: ='r1.raw.P'!B4 -> 30 | C199: ='r1.raw.P'!G4 -> 0.1336 | D199: pa_Dark | E199: Dark
A200: mz.2_Dark | B200: ='r1.raw.P'!B5 -> 60 | C200: ='r1.raw.P'!G5 -> 0.1313 | D200: pa_Dark | E200: Dark
A201: mz.2_Dark | B201: ='r1.raw.P'!B6 -> 90 | C201: ='r1.raw.P'!G6 -> 0.131 | D201: pa_Dark | E201: Dark
A202: mz.2_Dark | B202: ='r1.raw.P'!B7 -> 120 | C202: ='r1.raw.P'!G7 -> 0.1308 | D202: pa_Dark | E202: Dark
A203: mz.2_Dark | B203: ='r1.raw.P'!B8 -> 150 | C203: ='r1.raw.P'!G8 -> 0.1292 | D203: pa_Dark | E203: Dark
A204: mz.2_Dark | B204: ='r1.raw.P'!B9 -> 180 | C204: ='r1.raw.P'!G9 -> 0.1289 | D204: pa_Dark | E204: Dark
A205: mz.2_Dark | B205: ='r1.raw.P'!B10 -> 210 | C205: ='r1.raw.P'!G10 -> 0.1277 | D205: pa_Dark | E205: Dark
A206: mz.2_Dark | B206: ='r1.raw.P'!B11 -> 240 | C206: ='r1.raw.P'!G11 -> 0.126 | D206: pa_Dark | E206: Dark
A207: mz.2_Dark | B207: ='r1.raw.P'!B12 -> 270 | C207: ='r1.raw.P'!G12 -> 0.1247 | D207: pa_Dark | E207: Dark
A208: mz.2_Dark | B208: ='r1.raw.P'!B13 -> 300 | C208: ='r1.raw.P'!G13 -> 0.1239 | D208: pa_Dark | E208: Dark
A209: mz.2_Dark | B209: ='r1.raw.P'!B14 -> 330 | C209: ='r1.raw.P'!G14 -> 0.1233 | D209: pa_Dark | E209: Dark
... A246: mz.2_Dark | B246: ='r1.raw.P'!B51 -> 1430 | C246: ='r1.raw.P'!G51 -> 0.1184 | D246: pa_Dark | E246: Dark
A247: mz.3_Dark | B247: ='r1.raw.P'!B3 -> 0 | C247: ='r1.raw.P'!H3 -> 0.14 | D247: pa_Dark | E247: Dark
A248: mz.3_Dark | B248: ='r1.raw.P'!B4 -> 30 | C248: ='r1.raw.P'!H4 -> 0.1437 | D248: pa_Dark | E248: Dark
A249: mz.3_Dark | B249: ='r1.raw.P'!B5 -> 60 | C249: ='r1.raw.P'!H5 -> 0.1371 | D249: pa_Dark | E249: Dark
A250: mz.3_Dark | B250: ='r1.raw.P'!B6 -> 90 | C250: ='r1.raw.P'!H6 -> 0.1364 | D250: pa_Dark | E250: Dark
A251: mz.3_Dark | B251: ='r1.raw.P'!B7 -> 120 | C251: ='r1.raw.P'!H7 -> 0.1369 | D251: pa_Dark | E251: Dark
A252: mz.3_Dark | B252: ='r1.raw.P'!B8 -> 150 | C252: ='r1.raw.P'!H8 -> 0.1333 | D252: pa_Dark | E252: Dark
A253: mz.3_Dark | B253: ='r1.raw.P'!B9 -> 180 | C253: ='r1.raw.P'!H9 -> 0.1302 | D253: pa_Dark | E253: Dark
A254: mz.3_Dark | B254: ='r1.raw.P'!B10 -> 210 | C254: ='r1.raw.P'!H10 -> 0.1284 | D254: pa_Dark | E254: Dark
A255: mz.3_Dark | B255: ='r1.raw.P'!B11 -> 240 | C255: ='r1.raw.P'!H11 -> 0.1252 | D255: pa_Dark | E255: Dark
A256: mz.3_Dark | B256: ='r1.raw.P'!B12 -> 270 | C256: ='r1.raw.P'!H12 -> 0.1243 | D256: pa_Dark | E256: Dark
A257: mz.3_Dark | B257: ='r1.raw.P'!B13 -> 300 | C257: ='r1.raw.P'!H13 -> 0.1235 | D257: pa_Dark | E257: Dark
A258: mz.3_Dark | B258: ='r1.raw.P'!B14 -> 330 | C258: ='r1.raw.P'!H14 -> 0.1232 | D258: pa_Dark | E258: Dark
... A295: mz.3_Dark | B295: ='r1.raw.P'!B51 -> 1430 | C295: ='r1.raw.P'!H51 -> 0.1333 | D295: pa_Dark | E295: Dark
A296: am.1_Dark | B296: ='r1.raw.P'!B3 -> 0 | C296: ='r1.raw.P'!I3 -> 0.1712 | D296: am_Dark | E296: Dark
A297: am.1_Dark | B297: ='r1.raw.P'!B4 -> 30 | C297: ='r1.raw.P'!I4 -> 0.1653 | D297: am_Dark | E297: Dark
A298: am.1_Dark | B298: ='r1.raw.P'!B5 -> 60 | C298: ='r1.raw.P'!I5 -> 0.1451 | D298: am_Dark | E298: Dark
A299: am.1_Dark | B299: ='r1.raw.P'!B6 -> 90 | C299: ='r1.raw.P'!I6 -> 0.1517 | D299: am_Dark | E299: Dark
A300: am.1_Dark | B300: ='r1.raw.P'!B7 -> 120 | C300: ='r1.raw.P'!I7 -> 0.1562 | D300: am_Dark | E300: Dark
A301: am.1_Dark | B301: ='r1.raw.P'!B8 -> 150 | C301: ='r1.raw.P'!I8 -> 0.1362 | D301: am_Dark | E301: Dark
A302: am.1_Dark | B302: ='r1.raw.P'!B9 -> 180 | C302: ='r1.raw.P'!I9 -> 0.1423 | D302: am_Dark | E302: Dark
A303: am.1_Dark | B303: ='r1.raw.P'!B10 -> 210 | C303: ='r1.raw.P'!I10 -> 0.147 | D303: am_Dark | E303: Dark
A304: am.1_Dark | B304: ='r1.raw.P'!B11 -> 240 | C304: ='r1.raw.P'!I11 -> 0.1484 | D304: am_Dark | E304: Dark
A305: am.1_Dark | B305: ='r1.raw.P'!B12 -> 270 | C305: ='r1.raw.P'!I12 -> 0.145 | D305: am_Dark | E305: Dark
A306: am.1_Dark | B306: ='r1.raw.P'!B13 -> 300 | C306: ='r1.raw.P'!I13 -> 0.1395 | D306: am_Dark | E306: Dark
A307: am.1_Dark | B307: ='r1.raw.P'!B14 -> 330 | C307: ='r1.raw.P'!I14 -> 0.1418 | D307: am_Dark | E307: Dark
... A344: am.1_Dark | B344: ='r1.raw.P'!B51 -> 1430 | C344: ='r1.raw.P'!I51 -> 0.1864 | D344: am_Dark | E344: Dark
A345: am.2_Dark | B345: ='r1.raw.P'!B3 -> 0 | C345: ='r1.raw.P'!J3 -> 0.1247 | D345: am_Dark | E345: Dark
A346: am.2_Dark | B346: ='r1.raw.P'!B4 -> 30 | C346: ='r1.raw.P'!J4 -> 0.1227 | D346: am_Dark | E346: Dark
A347: am.2_Dark | B347: ='r1.raw.P'!B5 -> 60 | C347: ='r1.raw.P'!J5 -> 0.1234 | D347: am_Dark | E347: Dark
A348: am.2_Dark | B348: ='r1.raw.P'!B6 -> 90 | C348: ='r1.raw.P'!J6 -> 0.1219 | D348: am_Dark | E348: Dark
A349: am.2_Dark | B349: ='r1.raw.P'!B7 -> 120 | C349: ='r1.raw.P'!J7 -> 0.1217 | D349: am_Dark | E349: Dark
A350: am.2_Dark | B350: ='r1.raw.P'!B8 -> 150 | C350: ='r1.raw.P'!J8 -> 0.1201 | D350: am_Dark | E350: Dark
A351: am.2_Dark | B351: ='r1.raw.P'!B9 -> 180 | C351: ='r1.raw.P'!J9 -> 0.1207 | D351: am_Dark | E351: Dark
A352: am.2_Dark | B352: ='r1.raw.P'!B10 -> 210 | C352: ='r1.raw.P'!J10 -> 0.1193 | D352: am_Dark | E352: Dark
...

Sheet r1.raw.P
A1: Data-Time | B1: Time | C1: Dark | L1: IR | V1: RAW
A2: Data-Time | B2: Time 1 | C2: Dark-P-C1 | D2: Dark-P-C2 | E2: Dark-P-C3 | F2: Dark-P-Ac1 | G2: Dark-P-Ac2 | H2: Dark-P-Ac3 | I2: Dark-P-S1 | J2: Dark-P-S2 | K2: Dark-P-S3 | L2: IR-P-C1 | M2: IR-P-C2 | N2: IR-P-C3 | O2: IR-P-Ac1 | P2: IR-P-Ac2 | Q2: IR-P-Ac3 | R2: IR-P-S1 | S2: IR-P-S2 | T2: IR-P-S3 | U2: Tips | V2: C-D | Y2: C-I | AB2: Ac-D | AE2: Ac-I | AH2: S-D | AK2: S-I
A3: 46074.929 | B3: 0 | C3: 0.1255 | D3: 0.1264 | E3: 0.124 | F3: 0.1996 | G3: 0.1338 | H3: 0.14 | I3: 0.1712 | J3: 0.1247 | K3: 0.1271 | L3: 0.1525 | M3: 0.1378 | N3: 0.1595 | O3: 0.1273 | P3: 0.1376 | Q3: 0.1222 | R3: 0.1274 | S3: 0.1308 | T3: 0.1251 | V3: 0.1255 | W3: 0.1264 | X3: 0.124 | Y3: 0.1525 | Z3: 0.1378 | AA3: 0.1595 | AB3: 0.1996 | AC3: 0.1338 | AD3: 0.14 | AE3: 0.1273 | AF3: 0.1376 | AG3: 0.1222 | AH3: 0.1712 | AI3: 0.1247 | AJ3: 0.1271 | AK3: 0.1274 | AL3: 0.1308 | AM3: 0.1251
B4: 30 | C4: 0.1248 | D4: 0.1289 | E4: 0.1258 | F4: 0.1763 | G4: 0.1336 | H4: 0.1437 | I4: 0.1653 | J4: 0.1227 | K4: 0.1289 | L4: 0.1451 | M4: 0.1408 | N4: 0.1634 | O4: 0.1265 | P4: 0.1307 | Q4: 0.1255 | R4: 0.1281 | S4: 0.1285 | T4: 0.1341 | V4: 0.1248 | W4: 0.1289 | X4: 0.1258 | Y4: 0.1451 | Z4: 0.1408 | AA4: 0.1634 | AB4: 0.1763 | AC4: 0.1336 | AD4: 0.1437 | AE4: 0.1265 | AF4: 0.1307 | AG4: 0.1255 | AH4: 0.1653 | AI4: 0.1227 | AJ4: 0.1289 | AK4: 0.1281 | AL4: 0.1285 | AM4: 0.1341
B5: =B4+30 -> 60 | C5: 0.1248 | D5: 0.1252 | E5: 0.1259 | F5: 0.1477 | G5: 0.1313 | H5: 0.1371 | I5: 0.1451 | J5: 0.1234 | K5: 0.1275 | L5: 0.1466 | M5: 0.1384 | N5: 0.1591 | O5: 0.1242 | P5: 0.1314 | Q5: 0.128 | R5: 0.1265 | S5: 0.1262 | T5: 0.1312 | V5: 0.1248 | W5: 0.1252 | X5: 0.1259 | Y5: 0.1466 | Z5: 0.1384 | AA5: 0.1591 | AB5: 0.1477 | AC5: 0.1313 | AD5: 0.1371 | AE5: 0.1242 | AF5: 0.1314 | AG5: 0.128 | AH5: 0.1451 | AI5: 0.1234 | AJ5: 0.1275 | AK5: 0.1265 | AL5: 0.1262 | AM5: 0.1312
B6: =B5+30 -> 90 | C6: 0.1247 | D6: 0.1249 | E6: 0.1244 | F6: 0.1402 | G6: 0.131 | H6: 0.1364 | I6: 0.1517 | J6: 0.1219 | K6: 0.1251 | L6: 0.1429 | M6: 0.1383 | N6: 0.1546 | O6: 0.1243 | P6: 0.1282 | Q6: 0.1251 | R6: 0.1263 | S6: 0.1258 | T6: 0.128 | V6: 0.1247 | W6: 0.1249 | X6: 0.1244 | Y6: 0.1429 | Z6: 0.1383 | AA6: 0.1546 | AB6: 0.1402 | AC6: 0.131 | AD6: 0.1364 | AE6: 0.1243 | AF6: 0.1282 | AG6: 0.1251 | AH6: 0.1517 | AI6: 0.1219 | AJ6: 0.1251 | AK6: 0.1263 | AL6: 0.1258 | AM6: 0.128
B7: =B6+30 -> 120 | C7: 0.1237 | D7: 0.124 | E7: 0.1229 | F7: 0.1371 | G7: 0.1308 | H7: 0.1369 | I7: 0.1562 | J7: 0.1217 | K7: 0.1245 | L7: 0.141 | M7: 0.1361 | N7: 0.1518 | O7: 0.1239 | P7: 0.1277 | Q7: 0.1254 | R7: 0.1262 | S7: 0.1257 | T7: 0.1265 | V7: 0.1237 | W7: 0.124 | X7: 0.1229 | Y7: 0.141 | Z7: 0.1361 | AA7: 0.1518 | AB7: 0.1371 | AC7: 0.1308 | AD7: 0.1369 | AE7: 0.1239 | AF7: 0.1277 | AG7: 0.1254 | AH7: 0.1562 | AI7: 0.1217 | AJ7: 0.1245 | AK7: 0.1262 | AL7: 0.1257 | AM7: 0.1265
B8: =B7+30 -> 150 | C8: 0.1232 | D8: 0.1235 | E8: 0.122 | F8: 0.1357 | G8: 0.1292 | H8: 0.1333 | I8: 0.1362 | J8: 0.1201 | K8: 0.1242 | L8: 0.1394 | M8: 0.1356 | N8: 0.1494 | O8: 0.1225 | P8: 0.1257 | Q8: 0.1233 | R8: 0.125 | S8: 0.1244 | T8: 0.1252 | V8: 0.1232 | W8: 0.1235 | X8: 0.122 | Y8: 0.1394 | Z8: 0.1356 | AA8: 0.1494 | AB8: 0.1357 | AC8: 0.1292 | AD8: 0.1333 | AE8: 0.1225 | AF8: 0.1257 | AG8: 0.1233 | AH8: 0.1362 | AI8: 0.1201 | AJ8: 0.1242 | AK8: 0.125 | AL8: 0.1244 | AM8: 0.1252
B9: =B8+30 -> 180 | C9: 0.1215 | D9: 0.1227 | E9: 0.1215 | F9: 0.1357 | G9: 0.1289 | H9: 0.1302 | I9: 0.1423 | J9: 0.1207 | K9: 0.1231 | L9: 0.138 | M9: 0.1334 | N9: 0.1474 | O9: 0.1218 | P9: 0.125 | Q9: 0.1228 | R9: 0.1242 | S9: 0.1259 | T9: 0.1253 | V9: 0.1215 | W9: 0.1227 | X9: 0.1215 | Y9: 0.138 | Z9: 0.1334 | AA9: 0.1474 | AB9: 0.1357 | AC9: 0.1289 | AD9: 0.1302 | AE9: 0.1218 | AF9: 0.125 | AG9: 0.1228 | AH9: 0.1423 | AI9: 0.1207 | AJ9: 0.1231 | AK9: 0.1242 | AL9: 0.1259 | AM9: 0.1253
B10: =B9+30 -> 210 | C10: 0.1212 | D10: 0.1213 | E10: 0.1206 | F10: 0.134 | G10: 0.1277 | H10: 0.1284 | I10: 0.147 | J10: 0.1193 | K10: 0.1224 | L10: 0.1377 | M10: 0.1317 | N10: 0.1457 | O10: 0.121 | P10: 0.1247 | Q10: 0.1224 | R10: 0.1233 | S10: 0.1236 | T10: 0.1256 | V10: 0.1212 | W10: 0.1213 | X10: 0.1206 | Y10: 0.1377 | Z10: 0.1317 | AA10: 0.1457 | AB10: 0.134 | AC10: 0.1277 | AD10: 0.1284 | AE10: 0.121 | AF10: 0.1247 | AG10: 0.1224 | AH10: 0.147 | AI10: 0.1193 | AJ10: 0.1224 | AK10: 0.1233 | AL10: 0.1236 | AM10: 0.1256
B11: =B10+30 -> 240 | C11: 0.1204 | D11: 0.1209 | E11: 0.1202 | F11: 0.1324 | G11: 0.126 | H11: 0.1252 | I11: 0.1484 | J11: 0.1233 | K11: 0.1216 | L11: 0.1358 | M11: 0.1305 | N11: 0.1437 | O11: 0.1199 | P11: 0.1233 | Q11: 0.1212 | R11: 0.1227 | S11: 0.1228 | T11: 0.126 | V11: 0.1204 | W11: 0.1209 | X11: 0.1202 | Y11: 0.1358 | Z11: 0.1305 | AA11: 0.1437 | AB11: 0.1324 | AC11: 0.126 | AD11: 0.1252 | AE11: 0.1199 | AF11: 0.1233 | AG11: 0.1212 | AH11: 0.1484 | AI11: 0.1233 | AJ11: 0.1216 | AK11: 0.1227 | AL11: 0.1228 | AM11: 0.126
B12: =B11+30 -> 270 | C12: 0.1201 | D12: 0.1209 | E12: 0.1195 | F12: 0.1306 | G12: 0.1247 | H12: 0.1243 | I12: 0.145 | J12: 0.1213 | K12: 0.1213 | L12: 0.135 | M12: 0.1294 | N12: 0.1415 | O12: 0.1196 | P12: 0.1222 | Q12: 0.12 | R12: 0.1219 | S12: 0.1222 | T12: 0.1244 | V12: 0.1201 | W12: 0.1209 | X12: 0.1195 | Y12: 0.135 | Z12: 0.1294 | AA12: 0.1415 | AB12: 0.1306 | AC12: 0.1247 | AD12: 0.1243 | AE12: 0.1196 | AF12: 0.1222 | AG12: 0.12 | AH12: 0.145 | AI12: 0.1213 | AJ12: 0.1213 | AK12: 0.1219 | AL12: 0.1222 | AM12: 0.1244
B13: =B12+30 -> 300 | C13: 0.1195 | D13: 0.1205 | E13: 0.1191 | F13: 0.1306 | G13: 0.1239 | H13: 0.1235 | I13: 0.1395 | J13: 0.1176 | K13: 0.1207 | L13: 0.1401 | M13: 0.1291 | N13: 0.1397 | O13: 0.1188 | P13: 0.1213 | Q13: 0.1196 | R13: 0.1217 | S13: 0.1219 | T13: 0.125 | V13: 0.1195 | W13: 0.1205 | X13: 0.1191 | Y13: 0.1401 | Z13: 0.1291 | AA13: 0.1397 | AB13: 0.1306 | AC13: 0.1239 | AD13: 0.1235 | AE13: 0.1188 | AF13: 0.1213 | AG13: 0.1196 | AH13: 0.1395 | AI13: 0.1176 | AJ13: 0.1207 | AK13: 0.1217 | AL13: 0.1219 | AM13: 0.125
B14: =B13+30 -> 330 | C14: 0.1189 | D14: 0.1194 | E14: 0.1185 | F14: 0.1291 | G14: 0.1233 | H14: 0.1232 | I14: 0.1418 | J14: 0.1173 | K14: 0.1203 | L14: 0.144 | M14: 0.1284 | N14: 0.1376 | O14: 0.1184 | P14: 0.1205 | Q14: 0.119 | R14: 0.1212 | S14: 0.1208 | T14: 0.1244 | V14: 0.1189 | W14: 0.1194 | X14: 0.1185 | Y14: 0.144 | Z14: 0.1284 | AA14: 0.1376 | AB14: 0.1291 | AC14: 0.1233 | AD14: 0.1232 | AE14: 0.1184 | AF14: 0.1205 | AG14: 0.119 | AH14: 0.1418 | AI14: 0.1173 | AJ14: 0.1203 | AK14: 0.1212 | AL14: 0.1208 | AM14: 0.1244
B15: =B14+30 -> 360 | C15: 0.1185 | D15: 0.119 | E15: 0.1186 | F15: 0.1282 | G15: 0.1229 | H15: 0.1227 | I15: 0.1454 | J15: 0.1167 | K15: 0.1197 | L15: 0.1454 | M15: 0.1281 | N15: 0.1368 | O15: 0.1181 | P15: 0.12 | Q15: 0.1183 | R15: 0.1219 | S15: 0.12 | T15: 0.1242 | V15: 0.1185 | W15: 0.119 | X15: 0.1186 | Y15: 0.1454 | Z15: 0.1281 | AA15: 0.1368 | AB15: 0.1282 | AC15: 0.1229 | AD15: 0.1227 | AE15: 0.1181 | AF15: 0.12 | AG15: 0.1183 | AH15: 0.1454 | AI15: 0.1167 | AJ15: 0.1197 | AK15: 0.1219 | AL15: 0.12 | AM15: 0.1242
B16: =B15+30 -> 390 | C16: 0.1183 | D16: 0.1187 | E16: 0.118 | F16: 0.1283 | G16: 0.1219 | H16: 0.1224 | I16: 0.1436 | J16: 0.1195 | K16: 0.119 | L16: 0.1456 | M16: 0.1291 | N16: 0.1361 | O16: 0.1178 | P16: 0.1196 | Q16: 0.1179 | R16: 0.1221 | S16: 0.1194 | T16: 0.126 | V16: 0.1183 | W16: 0.1187 | X16: 0.118 | Y16: 0.1456 | Z16: 0.1291 | AA16: 0.1361 | AB16: 0.1283 | AC16: 0.1219 | AD16: 0.1224 | AE16: 0.1178 | AF16: 0.1196 | AG16: 0.1179 | AH16: 0.1436 | AI16: 0.1195 | AJ16: 0.119 | AK16: 0.1221 | AL16: 0.1194 | AM16: 0.126
... B42: =B41+30 -> 1170 | C42: 0.1112 | D42: 0.1102 | E42: 0.1086 | F42: 0.1595 | G42: 0.1176 | H42: 0.1261 | I42: 0.1773 | J42: 0.1114 | K42: 0.1141 | L42: 0.1203 | M42: 0.1216 | N42: 0.1254 | O42: 0.1171 | P42: 0.1161 | Q42: 0.1141 | R42: 0.1126 | S42: 0.1126 | T42: 0.1153 | V42: 0.1112 | W42: 0.1102 | X42: 0.1086 | Y42: 0.1203 | Z42: 0.1216 | AA42: 0.1254 | AB42: 0.1595 | AC42: 0.1176 | AD42: 0.1261 | AE42: 0.1171 | AF42: 0.1161 | AG42: 0.1141 | AH42: 0.1773 | AI42: 0.1114 | AJ42: 0.1141 | AK42: 0.1126 | AL42: 0.1126 | AM42: 0.1153
A43: 46075.762 | B43: =B42+30 -> 1200 | C43: 0.1111 | D43: 0.1099 | E43: 0.1083 | F43: 0.1645 | G43: 0.1177 | H43: 0.1191 | I43: 0.189 | J43: 0.11 | K43: 0.1199 | L43: 0.1203 | M43: 0.121 | N43: 0.1366 | O43: 0.1168 | P43: 0.1164 | Q43: 0.1138 | R43: 0.112 | S43: 0.1127 | T43: 0.1129 | V43: 0.1111 | W43: 0.1099 | X43: 0.1083 | Y43: 0.1203 | Z43: 0.121 | AA43: 0.1366 | AB43: 0.1645 | AC43: 0.1177 | AD43: 0.1191 | AE43: 0.1168 | AF43: 0.1164 | AG43: 0.1138 | AH43: 0.189 | AI43: 0.11 | AJ43: 0.1199 | AK43: 0.112 | AL43: 0.1127 | AM43: 0.1129
A44: 46075.767 | B44: =B43+10 -> 1210 | C44: 0.1143 | D44: 0.1181 | E44: 0.1149 | F44: 0.1416 | G44: 0.1381 | H44: 0.1278 | I44: 0.169 | J44: 0.1156 | K44: 0.1228 | L44: 0.1247 | M44: 0.1314 | N44: 0.1347 | O44: 0.1204 | P44: 0.1375 | Q44: 0.1208 | R44: 0.1117 | S44: 0.1171 | T44: 0.1165 | V44: 0.1143 | W44: 0.1181 | X44: 0.1149 | Y44: 0.1247 | Z44: 0.1314 | AA44: 0.1347 | AB44: 0.1416 | AC44: 0.1381 | AD44: 0.1278 | AE44: 0.1204 | AF44: 0.1375 | AG44: 0.1208 | AH44: 0.169 | AI44: 0.1156 | AJ44: 0.1228 | AK44: 0.1117 | AL44: 0.1171 | AM44: 0.1165
A45: 46075.794 | B45: =B44+40 -> 1250 | C45: 0.1154 | D45: 0.1154 | E45: 0.1156 | F45: 0.1387 | G45: 0.1197 | H45: 0.1211 | I45: 0.1451 | J45: 0.119 | K45: 0.1167 | L45: 0.122 | M45: 0.1229 | N45: 0.1266 | O45: 0.114 | P45: 0.1198 | Q45: 0.1171 | R45: 0.1138 | S45: 0.121 | T45: 0.1135 | V45: 0.1154 | W45: 0.1154 | X45: 0.1156 | Y45: 0.122 | Z45: 0.1229 | AA45: 0.1266 | AB45: 0.1387 | AC45: 0.1197 | AD45: 0.1211 | AE45: 0.114 | AF45: 0.1198 | AG45: 0.1171 | AH45: 0.1451 | AI45: 0.119 | AJ45: 0.1167 | AK45: 0.1138 | AL45: 0.121 | AM45: 0.1135
B46: =B45+30 -> 1280 | C46: 0.1121 | D46: 0.1096 | E46: 0.1077 | F46: 0.1656 | G46: 0.12 | H46: 0.129 | I46: 0.2164 | J46: 0.1102 | K46: 0.1147 | L46: 0.1215 | M46: 0.1252 | N46: 0.1256 | O46: 0.1171 | P46: 0.1178 | Q46: 0.1153 | R46: 0.1154 | S46: 0.1119 | T46: 0.1118 | V46: 0.1121 | W46: 0.1096 | X46: 0.1077 | Y46: 0.1215 | Z46: 0.1252 | AA46: 0.1256 | AB46: 0.1656 | AC46: 0.12 | AD46: 0.129 | AE46: 0.1171 | AF46: 0.1178 | AG46: 0.1153 | AH46: 0.2164 | AI46: 0.1102 | AJ46: 0.1147 | AK46: 0.1154 | AL46: 0.1119 | AM46: 0.1118
B47: =B46+30 -> 1310 | C47: 0.1119 | D47: 0.1094 | E47: 0.1077 | F47: 0.165 | G47: 0.1191 | H47: 0.1214 | I47: 0.1853 | J47: 0.1121 | K47: 0.1178 | L47: 0.123 | M47: 0.1264 | N47: 0.1286 | O47: 0.1152 | P47: 0.1179 | Q47: 0.116 | R47: 0.1131 | S47: 0.1117 | T47: 0.1115 | V47: 0.1119 | W47: 0.1094 | X47: 0.1077 | Y47: 0.123 | Z47: 0.1264 | AA47: 0.1286 | AB47: 0.165 | AC47: 0.1191 | AD47: 0.1214 | AE47: 0.1152 | AF47: 0.1179 | AG47: 0.116 | AH47: 0.1853 | AI47: 0.1121 | AJ47: 0.1178 | AK47: 0.1131 | AL47: 0.1117 | AM47: 0.1115
B48: =B47+30 -> 1340 | C48: 0.1117 | D48: 0.109 | E48: 0.107 | F48: 0.1604 | G48: 0.1191 | H48: 0.1223 | I48: 0.1698 | J48: 0.1102 | K48: 0.1161 | L48: 0.1205 | M48: 0.1252 | N48: 0.14 | O48: 0.117 | P48: 0.1185 | Q48: 0.1193 | R48: 0.1158 | S48: 0.1118 | T48: 0.1124 | V48: 0.1117 | W48: 0.109 | X48: 0.107 | Y48: 0.1205 | Z48: 0.1252 | AA48: 0.14 | AB48: 0.1604 | AC48: 0.1191 | AD48: 0.1223 | AE48: 0.117 | AF48: 0.1185 | AG48: 0.1193 | AH48: 0.1698 | AI48: 0.1102 | AJ48: 0.1161 | AK48: 0.1158 | AL48: 0.1118 | AM48: 0.1124
B49: =B48+30 -> 1370 | C49: 0.1118 | D49: 0.109 | E49: 0.1071 | F49: 0.1678 | G49: 0.1187 | H49: 0.1216 | I49: 0.1698 | J49: 0.1117 | K49: 0.1234 | L49: 0.1229 | M49: 0.1252 | N49: 0.1405 | O49: 0.116 | P49: 0.119 | Q49: 0.1159 | R49: 0.1149 | S49: 0.1191 | T49: 0.1184 | V49: 0.1118 | W49: 0.109 | X49: 0.1071 | Y49: 0.1229 | Z49: 0.1252 | AA49: 0.1405 | AB49: 0.1678 | AC49: 0.1187 | AD49: 0.1216 | AE49: 0.116 | AF49: 0.119 | AG49: 0.1159 | AH49: 0.1698 | AI49: 0.1117 | AJ49: 0.1234 | AK49: 0.1149 | AL49: 0.1191 | AM49: 0.1184
B50: =B49+30 -> 1400 | C50: 0.1117 | D50: 0.1089 | E50: 0.1071 | F50: 0.1622 | G50: 0.1186 | H50: 0.1222 | I50: 0.1856 | J50: 0.1101 | K50: 0.1161 | L50: 0.12 | M50: 0.1249 | N50: 0.1251 | O50: 0.1143 | P50: 0.1194 | Q50: 0.1161 | R50: 0.1179 | S50: 0.1189 | T50: 0.117 | V50: 0.1117 | W50: 0.1089 | X50: 0.1071 | Y50: 0.12 | Z50: 0.1249 | AA50: 0.1251 | AB50: 0.1622 | AC50: 0.1186 | AD50: 0.1222 | AE50: 0.1143 | AF50: 0.1194 | AG50: 0.1161 | AH50: 0.1856 | AI50: 0.1101 | AJ50: 0.1161 | AK50: 0.1179 | AL50: 0.1189 | AM50: 0.117
B51: =B50+30 -> 1430 | C51: 0.1113 | D51: 0.1087 | E51: 0.1071 | F51: 0.1537 | G51: 0.1184 | H51: 0.1333 | I51: 0.1864 | J51: 0.1137 | K51: 0.1194 | L51: 0.1207 | M51: 0.1243 | N51: 0.1399 | O51: 0.1155 | P51: 0.1189 | Q51: 0.1163 | R51: 0.1162 | S51: 0.1197 | T51: 0.1128 | V51: 0.1113 | W51: 0.1087 | X51: 0.1071 | Y51: 0.1207 | Z51: 0.1243 | AA51: 0.1399 | AB51: 0.1537 | AC51: 0.1184 | AD51: 0.1333 | AE51: 0.1155 | AF51: 0.1189 | AG51: 0.1163 | AH51: 0.1864 | AI51: 0.1137 | AJ51: 0.1194 | AK51: 0.1162 | AL51: 0.1197 | AM51: 0.1128
B52: =B51+30 -> 1460 | C52: 0.1118 | D52: 0.1085 | E52: 0.107 | F52: 0.1709 | G52: 0.1187 | H52: 0.1278 | I52: 0.1984 | J52: 0.1104 | K52: 0.116 | L52: 0.1215 | M52: 0.1239 | N52: 0.1283 | O52: 0.1155 | P52: 0.1186 | Q52: 0.1154 | R52: 0.1133 | S52: 0.1189 | T52: 0.1137 | V52: 0.1118 | W52: 0.1085 | X52: 0.107 | Y52: 0.1215 | Z52: 0.1239 | AA52: 0.1283 | AB52: 0.1709 | AC52: 0.1187 | AD52: 0.1278 | AE52: 0.1155 | AF52: 0.1186 | AG52: 0.1154 | AH52: 0.1984 | AI52: 0.1104 | AJ52: 0.116 | AK52: 0.1133 | AL52: 0.1189 | AM52: 0.1137
B53: =B52+30 -> 1490 | C53: 0.1113 | D53: 0.1082 | E53: 0.1065 | F53: 0.1715 | G53: 0.1189 | H53: 0.1227 | I53: 0.1706 | J53: 0.11 | K53: 0.1204 | L53: 0.1229 | M53: 0.1232 | N53: 0.1315 | O53: 0.118 | P53: 0.1187 | Q53: 0.1161 | R53: 0.1118 | S53: 0.1151 | T53: 0.1108 | V53: 0.1113 | W53: 0.1082 | X53: 0.1065 | Y53: 0.1229 | Z53: 0.1232 | AA53: 0.1315 | AB53: 0.1715 | AC53: 0.1189 | AD53: 0.1227 | AE53: 0.118 | AF53: 0.1187 | AG53: 0.1161 | AH53: 0.1706 | AI53: 0.11 | AJ53: 0.1204 | AK53: 0.1118 | AL53: 0.1151 | AM53: 0.1108
B54: =B53+30 -> 1520 | C54: 0.1114 | D54: 0.1086 | E54: 0.1068 | F54: 0.1659 | G54: 0.119 | H54: 0.1411 | I54: 0.1891 | J54: 0.1127 | K54: 0.1163 | L54: 0.1195 | M54: 0.1231 | N54: 0.1247 | O54: 0.1143 | P54: 0.1194 | Q54: 0.1157 | R54: 0.1147 | S54: 0.1177 | T54: 0.1113 | V54: 0.1114 | W54: 0.1086 | X54: 0.1068 | Y54: 0.1195 | Z54: 0.1231 | AA54: 0.1247 | AB54: 0.1659 | AC54: 0.119 | AD54: 0.1411 | AE54: 0.1143 | AF54: 0.1194 | AG54: 0.1157 | AH54: 0.1891 | AI54: 0.1127 | AJ54: 0.1163 | AK54: 0.1147 | AL54: 0.1177 | AM54: 0.1113
B55: =B54+30 -> 1550 | C55: 0.1113 | D55: 0.1081 | E55: 0.1068 | F55: 0.1656 | G55: 0.1209 | H55: 0.1287 | I55: 0.1943 | J55: 0.1096 | K55: 0.1182 | L55: 0.121 | M55: 0.1224 | N55: 0.1252 | O55: 0.1162 | P55: 0.1197 | Q55: 0.1172 | R55: 0.1158 | S55: 0.1215 | T55: 0.1099 | V55: 0.1113 | W55: 0.1081 | X55: 0.1068 | Y55: 0.121 | Z55: 0.1224 | AA55: 0.1252 | AB55: 0.1656 | AC55: 0.1209 | AD55: 0.1287 | AE55: 0.1162 | AF55: 0.1197 | AG55: 0.1172 | AH55: 0.1943 | AI55: 0.1096 | AJ55: 0.1182 | AK55: 0.1158 | AL55: 0.1215 | AM55: 0.1099
B56: =B55+30 -> 1580 | C56: 0.1113 | D56: 0.1078 | E56: 0.1063 | F56: 0.1865 | G56: 0.1197 | H56: 0.1316 | I56: 0.1854 | J56: 0.1115 | K56: 0.1153 | L56: 0.1233 | M56: 0.1223 | N56: 0.1308 | O56: 0.1132 | P56: 0.1191 | Q56: 0.1151 | R56: 0.1106 | S56: 0.1202 | T56: 0.1159 | V56: 0.1113 | W56: 0.1078 | X56: 0.1063 | Y56: 0.1233 | Z56: 0.1223 | AA56: 0.1308 | AB56: 0.1865 | AC56: 0.1197 | AD56: 0.1316 | AE56: 0.1132 | AF56: 0.1191 | AG56: 0.1151 | AH56: 0.1854 | AI56: 0.1115 | AJ56: 0.1153 | AK56: 0.1106 | AL56: 0.1202 | AM56: 0.1159
B57: =B56+30 -> 1610 | C57: 0.1111 | D57: 0.108 | E57: 0.1063 | F57: 0.1607 | G57: 0.1282 | H57: 0.1222 | I57: 0.2079 | J57: 0.1104 | K57: 0.1166 | L57: 0.1232 | M57: 0.1222 | N57: 0.1292 | O57: 0.1145 | P57: 0.1187 | Q57: 0.115 | R57: 0.11 | S57: 0.1132 | T57: 0.1123 | V57: 0.1111 | W57: 0.108 | X57: 0.1063 | Y57: 0.1232 | Z57: 0.1222 | AA57: 0.1292 | AB57: 0.1607 | AC57: 0.1282 | AD57: 0.1222 | AE57: 0.1145 | AF57: 0.1187 | AG57: 0.115 | AH57: 0.2079 | AI57: 0.1104 | AJ57: 0.1166 | AK57: 0.11 | AL57: 0.1132 | AM57: 0.1123
... B89: =B88+30 -> 2570 | C89: 0.1095 | D89: 0.1064 | E89: 0.105 | F89: 0.1904 | G89: 0.1129 | H89: 0.1209 | I89: 0.1951 | J89: 0.1156 | K89: 0.1112 | L89: 0.1146 | M89: 0.1151 | N89: 0.12 | O89: 0.1198 | P89: 0.111 | Q89: 0.1101 | R89: 0.1055 | S89: 0.1062 | T89: 0.109 | V89: 0.1095 | W89: 0.1064 | X89: 0.105 | Y89: 0.1146 | Z89: 0.1151 | AA89: 0.12 | AB89: 0.1904 | AC89: 0.1129 | AD89: 0.1209 | AE89: 0.1198 | AF89: 0.111 | AG89: 0.1101 | AH89: 0.1951 | AI89: 0.1156 | AJ89: 0.1112 | AK89: 0.1055 | AL89: 0.1062 | AM89: 0.109
A90: 46076.732 | B90: =B89+30 -> 2600 | C90: 0.1093 | D90: 0.1061 | E90: 0.1042 | F90: 0.1794 | G90: 0.1229 | H90: 0.1338 | I90: 0.2191 | J90: 0.1134 | K90: 0.1085 | L90: 0.1145 | M90: 0.1159 | N90: 0.126 | O90: 0.1104 | P90: 0.1111 | Q90: 0.11 | R90: 0.1069 | S90: 0.1044 | T90: 0.105 | V90: 0.1093 | W90: 0.1061 | X90: 0.1042 | Y90: 0.1145 | Z90: 0.1159 | AA90: 0.126 | AB90: 0.1794 | AC90: 0.1229 | AD90: 0.1338 | AE90: 0.1104 | AF90: 0.1111 | AG90: 0.11 | AH90: 0.2191 | AI90: 0.1134 | AJ90: 0.1085 | AK90: 0.1069 | AL90: 0.1044 | AM90: 0.105
B93: △ | C93: =C90-C3 -> -0.0162 | D93: =D90-D3 -> -0.0203 | E93: =E90-E3 -> -0.0198 | F93: =F90-F3 -> -0.0202 | G93: =G90-G3 -> -0.0109 | H93: =H90-H3 -> -0.0062 | I93: =I90-I3 -> 0.0479 | J93: =J90-J3 -> -0.0113 | ... T93: =T90-T3 -> -0.0201

Sheet r1.raw.A
A1: Data-Time | B1: Time | C1: Dark | L1: IR | V1: RAW
A2: Data-Time | B2: Time 1 | C2: Dark-A-C1 | D2: Dark-A-C2 | E2: Dark-A-C3 | F2: Dark-A-Ac1 | G2: Dark-A-Ac2 | H2: Dark-A-Ac3 | I2: Dark-A-S1 | J2: Dark-A-S2 | K2: Dark-A-S3 | L2: IR-A-C1 | M2: IR-A-C2 | N2: IR-A-C3 | O2: IR-A-Ac1 | P2: IR-A-Ac2 | Q2: IR-A-Ac3 | R2: IR-A-S1 | S2: IR-A-S2 | T2: IR-A-S3 | U2: Tips | V2: C-D | Y2: C-I | AB2: Ac-D | AE2: Ac-I | AH2: S-D | AK2: S-I
A3: 46063.842 | B3: 0 | C3: 0.1165 | D3: 0.1157 | E3: 0.1159 | F3: 0.1151 | G3: 0.1147 | H3: 0.1152 | I3: 0.1157 | J3: 0.1155 | K3: 0.1192 | L3: 0.1232 | M3: 0.115 | N3: 0.1139 | O3: 0.1158 | P3: 0.1153 | Q3: 0.1158 | R3: 0.114 | S3: 0.1176 | T3: 0.1182 | V3: 0.1165 | W3: 0.1157 | X3: 0.1159 | Y3: 0.1232 | Z3: 0.115 | AA3: 0.1139 | AB3: 0.1151 | AC3: 0.1147 | AD3: 0.1152 | AE3: 0.1158 | AF3: 0.1153 | AG3: 0.1158 | AH3: 0.1157 | AI3: 0.1155 | AJ3: 0.1192 | AK3: 0.114 | AL3: 0.1176 | AM3: 0.1182
B4: 30 | C4: 0.1162 | D4: 0.115 | E4: 0.1156 | F4: 0.115 | G4: 0.1139 | H4: 0.1143 | I4: 0.115 | J4: 0.1145 | K4: 0.1184 | L4: 0.1142 | M4: 0.1147 | N4: 0.1134 | O4: 0.1152 | P4: 0.1143 | Q4: 0.1156 | R4: 0.1134 | S4: 0.1171 | T4: 0.1174 | V4: 0.1162 | W4: 0.115 | X4: 0.1156 | Y4: 0.1142 | Z4: 0.1147 | AA4: 0.1134 | AB4: 0.115 | AC4: 0.1139 | AD4: 0.1143 | AE4: 0.1152 | AF4: 0.1143 | AG4: 0.1156 | AH4: 0.115 | AI4: 0.1145 | AJ4: 0.1184 | AK4: 0.1134 | AL4: 0.1171 | AM4: 0.1174
B5: =B4+30 -> 60 | C5: 0.1155 | D5: 0.1145 | E5: 0.1151 | F5: 0.1137 | G5: 0.1127 | H5: 0.1135 | I5: 0.1147 | J5: 0.1145 | K5: 0.118 | L5: 0.1138 | M5: 0.1142 | N5: 0.1132 | O5: 0.115 | P5: 0.1139 | Q5: 0.1146 | R5: 0.1131 | S5: 0.1166 | T5: 0.1169 | V5: 0.1155 | W5: 0.1145 | X5: 0.1151 | Y5: 0.1138 | Z5: 0.1142 | AA5: 0.1132 | AB5: 0.1137 | AC5: 0.1127 | AD5: 0.1135 | AE5: 0.115 | AF5: 0.1139 | AG5: 0.1146 | AH5: 0.1147 | AI5: 0.1145 | AJ5: 0.118 | AK5: 0.1131 | AL5: 0.1166 | AM5: 0.1169
B6: =B5+30 -> 90 | C6: 0.1153 | D6: 0.1148 | E6: 0.1149 | F6: 0.1138 | G6: 0.113 | H6: 0.1135 | I6: 0.1145 | J6: 0.1142 | K6: 0.1177 | L6: 0.1138 | M6: 0.1141 | N6: 0.1131 | O6: 0.1146 | P6: 0.1137 | Q6: 0.1141 | R6: 0.1128 | S6: 0.1164 | T6: 0.1171 | V6: 0.1153 | W6: 0.1148 | X6: 0.1149 | Y6: 0.1138 | Z6: 0.1141 | AA6: 0.1131 | AB6: 0.1138 | AC6: 0.113 | AD6: 0.1135 | AE6: 0.1146 | AF6: 0.1137 | AG6: 0.1141 | AH6: 0.1145 | AI6: 0.1142 | AJ6: 0.1177 | AK6: 0.1128 | AL6: 0.1164 | AM6: 0.1171
B7: =B6+30 -> 120 | C7: 0.1151 | D7: 0.1146 | E7: 0.1152 | F7: 0.1133 | G7: 0.1131 | H7: 0.1134 | I7: 0.1145 | J7: 0.1141 | K7: 0.1175 | L7: 0.1131 | M7: 0.1137 | N7: 0.1127 | O7: 0.1139 | P7: 0.1131 | Q7: 0.1137 | R7: 0.1127 | S7: 0.1163 | T7: 0.1171 | V7: 0.1151 | W7: 0.1146 | X7: 0.1152 | Y7: 0.1131 | Z7: 0.1137 | AA7: 0.1127 | AB7: 0.1133 | AC7: 0.1131 | AD7: 0.1134 | AE7: 0.1139 | AF7: 0.1131 | AG7: 0.1137 | AH7: 0.1145 | AI7: 0.1141 | AJ7: 0.1175 | AK7: 0.1127 | AL7: 0.1163 | AM7: 0.1171
B8: =B7+30 -> 150 | C8: 0.115 | D8: 0.1142 | E8: 0.115 | F8: 0.113 | G8: 0.1119 | H8: 0.1127 | I8: 0.114 | J8: 0.114 | K8: 0.1172 | L8: 0.1132 | M8: 0.1137 | N8: 0.1122 | O8: 0.1134 | P8: 0.1128 | Q8: 0.1134 | R8: 0.1128 | S8: 0.1161 | T8: 0.1167 | V8: 0.115 | W8: 0.1142 | X8: 0.115 | Y8: 0.1132 | Z8: 0.1137 | AA8: 0.1122 | AB8: 0.113 | AC8: 0.1119 | AD8: 0.1127 | AE8: 0.1134 | AF8: 0.1128 | AG8: 0.1134 | AH8: 0.114 | AI8: 0.114 | AJ8: 0.1172 | AK8: 0.1128 | AL8: 0.1161 | AM8: 0.1167
B9: =B8+30 -> 180 | C9: 0.115 | D9: 0.1142 | E9: 0.1153 | F9: 0.1127 | G9: 0.1121 | H9: 0.1131 | I9: 0.1141 | J9: 0.1138 | K9: 0.1173 | L9: 0.1134 | M9: 0.1134 | N9: 0.1123 | O9: 0.1131 | P9: 0.1125 | Q9: 0.1129 | R9: 0.1124 | S9: 0.1161 | T9: 0.1167 | V9: 0.115 | W9: 0.1142 | X9: 0.1153 | Y9: 0.1134 | Z9: 0.1134 | AA9: 0.1123 | AB9: 0.1127 | AC9: 0.1121 | AD9: 0.1131 | AE9: 0.1131 | AF9: 0.1125 | AG9: 0.1129 | AH9: 0.1141 | AI9: 0.1138 | AJ9: 0.1173 | AK9: 0.1124 | AL9: 0.1161 | AM9: 0.1167
B10: =B9+30 -> 210 | C10: 0.115 | D10: 0.1146 | E10: 0.115 | F10: 0.1125 | G10: 0.1129 | H10: 0.113 | I10: 0.1139 | J10: 0.1134 | K10: 0.1172 | L10: 0.1132 | M10: 0.1132 | N10: 0.1121 | O10: 0.1127 | P10: 0.1117 | Q10: 0.1127 | R10: 0.1125 | S10: 0.1159 | T10: 0.1167 | V10: 0.115 | W10: 0.1146 | X10: 0.115 | Y10: 0.1132 | Z10: 0.1132 | AA10: 0.1121 | AB10: 0.1125 | AC10: 0.1129 | AD10: 0.113 | AE10: 0.1127 | AF10: 0.1117 | AG10: 0.1127 | AH10: 0.1139 | AI10: 0.1134 | AJ10: 0.1172 | AK10: 0.1125 | AL10: 0.1159 | AM10: 0.1167
B11: =B10+30 -> 240 | C11: 0.1152 | D11: 0.1146 | E11: 0.1153 | F11: 0.112 | G11: 0.1123 | H11: 0.1128 | I11: 0.1139 | J11: 0.1135 | K11: 0.1168 | L11: 0.1131 | M11: 0.1135 | N11: 0.112 | O11: 0.1128 | P11: 0.1113 | Q11: 0.1129 | R11: 0.1124 | S11: 0.1158 | T11: 0.1167 | V11: 0.1152 | W11: 0.1146 | X11: 0.1153 | Y11: 0.1131 | Z11: 0.1135 | AA11: 0.112 | AB11: 0.112 | AC11: 0.1123 | AD11: 0.1128 | AE11: 0.1128 | AF11: 0.1113 | AG11: 0.1129 | AH11: 0.1139 | AI11: 0.1135 | AJ11: 0.1168 | AK11: 0.1124 | AL11: 0.1158 | AM11: 0.1167
B12: =B11+30 -> 270 | C12: 0.1151 | D12: 0.1143 | E12: 0.1152 | F12: 0.1116 | G12: 0.1122 | H12: 0.1129 | I12: 0.1138 | J12: 0.1136 | K12: 0.117 | L12: 0.1129 | M12: 0.1136 | N12: 0.1121 | O12: 0.1128 | P12: 0.1119 | Q12: 0.1129 | R12: 0.1124 | S12: 0.1161 | T12: 0.1167 | V12: 0.1151 | W12: 0.1143 | X12: 0.1152 | Y12: 0.1129 | Z12: 0.1136 | AA12: 0.1121 | AB12: 0.1116 | AC12: 0.1122 | AD12: 0.1129 | AE12: 0.1128 | AF12: 0.1119 | AG12: 0.1129 | AH12: 0.1138 | AI12: 0.1136 | AJ12: 0.117 | AK12: 0.1124 | AL12: 0.1161 | AM12: 0.1167
B13: =B12+30 -> 300 | C13: 0.1152 | D13: 0.1144 | E13: 0.1151 | F13: 0.112 | G13: 0.112 | H13: 0.113 | I13: 0.1139 | J13: 0.1152 | K13: 0.1175 | L13: 0.1132 | M13: 0.1135 | N13: 0.1122 | O13: 0.1125 | P13: 0.1121 | Q13: 0.113 | R13: 0.1127 | S13: 0.116 | T13: 0.1168 | V13: 0.1152 | W13: 0.1144 | X13: 0.1151 | Y13: 0.1132 | Z13: 0.1135 | AA13: 0.1122 | AB13: 0.112 | AC13: 0.112 | AD13: 0.113 | AE13: 0.1125 | AF13: 0.1121 | AG13: 0.113 | AH13: 0.1139 | AI13: 0.1152 | AJ13: 0.1175 | AK13: 0.1127 | AL13: 0.116 | AM13: 0.1168
B14: =B13+30 -> 330 | C14: 0.1153 | D14: 0.1146 | E14: 0.115 | F14: 0.1118 | G14: 0.1122 | H14: 0.1132 | I14: 0.114 | J14: 0.1138 | K14: 0.1172 | L14: 0.113 | M14: 0.1133 | N14: 0.1121 | O14: 0.1125 | P14: 0.1116 | Q14: 0.1129 | R14: 0.1128 | S14: 0.1162 | T14: 0.1168 | V14: 0.1153 | W14: 0.1146 | X14: 0.115 | Y14: 0.113 | Z14: 0.1133 | AA14: 0.1121 | AB14: 0.1118 | AC14: 0.1122 | AD14: 0.1132 | AE14: 0.1125 | AF14: 0.1116 | AG14: 0.1129 | AH14: 0.114 | AI14: 0.1138 | AJ14: 0.1172 | AK14: 0.1128 | AL14: 0.1162 | AM14: 0.1168
B15: =B14+30 -> 360 | C15: 0.1154 | D15: 0.1145 | E15: 0.1149 | F15: 0.1123 | G15: 0.1125 | H15: 0.1137 | I15: 0.1142 | J15: 0.1141 | K15: 0.1176 | L15: 0.1129 | M15: 0.1139 | N15: 0.1123 | O15: 0.1124 | P15: 0.1121 | Q15: 0.1132 | R15: 0.1127 | S15: 0.116 | T15: 0.117 | V15: 0.1154 | W15: 0.1145 | X15: 0.1149 | Y15: 0.1129 | Z15: 0.1139 | AA15: 0.1123 | AB15: 0.1123 | AC15: 0.1125 | AD15: 0.1137 | AE15: 0.1124 | AF15: 0.1121 | AG15: 0.1132 | AH15: 0.1142 | AI15: 0.1141 | AJ15: 0.1176 | AK15: 0.1127 | AL15: 0.116 | AM15: 0.117
B16: =B15+30 -> 390 | C16: 0.1154 | D16: 0.1145 | E16: 0.1152 | F16: 0.1124 | G16: 0.1125 | H16: 0.1136 | I16: 0.114 | J16: 0.1136 | K16: 0.1172 | L16: 0.113 | M16: 0.1137 | N16: 0.1124 | O16: 0.1126 | P16: 0.1116 | Q16: 0.113 | R16: 0.1127 | S16: 0.1159 | T16: 0.1167 | V16: 0.1154 | W16: 0.1145 | X16: 0.1152 | Y16: 0.113 | Z16: 0.1137 | AA16: 0.1124 | AB16: 0.1124 | AC16: 0.1125 | AD16: 0.1136 | AE16: 0.1126 | AF16: 0.1116 | AG16: 0.113 | AH16: 0.114 | AI16: 0.1136 | AJ16: 0.1172 | AK16: 0.1127 | AL16: 0.1159 | AM16: 0.1167
... B42: =B41+30 -> 1170 | C42: 0.1136 | D42: 0.115 | E42: 0.116 | F42: 0.1132 | G42: 0.1139 | H42: 0.1178 | I42: 0.1131 | J42: 0.1131 | K42: 0.1167 | L42: 0.1133 | M42: 0.114 | N42: 0.113 | O42: 0.1113 | P42: 0.1112 | Q42: 0.1147 | R42: 0.1124 | S42: 0.1149 | T42: 0.1155 | V42: 0.1136 | W42: 0.115 | X42: 0.116 | Y42: 0.1133 | Z42: 0.114 | AA42: 0.113 | AB42: 0.1132 | AC42: 0.1139 | AD42: 0.1178 | AE42: 0.1113 | AF42: 0.1112 | AG42: 0.1147 | AH42: 0.1131 | AI42: 0.1131 | AJ42: 0.1167 | AK42: 0.1124 | AL42: 0.1149 | AM42: 0.1155
A43: 46075.762 | B43: =B42+30 -> 1200 | C43: 0.1136 | D43: 0.1149 | E43: 0.116 | F43: 0.1133 | G43: 0.114 | H43: 0.1181 | I43: 0.1127 | J43: 0.1129 | K43: 0.1166 | L43: 0.1134 | M43: 0.1138 | N43: 0.1129 | O43: 0.1112 | P43: 0.1113 | Q43: 0.1149 | R43: 0.1124 | S43: 0.1149 | T43: 0.1153 | V43: 0.1136 | W43: 0.1149 | X43: 0.116 | Y43: 0.1134 | Z43: 0.1138 | AA43: 0.1129 | AB43: 0.1133 | AC43: 0.114 | AD43: 0.1181 | AE43: 0.1112 | AF43: 0.1113 | AG43: 0.1149 | AH43: 0.1127 | AI43: 0.1129 | AJ43: 0.1166 | AK43: 0.1124 | AL43: 0.1149 | AM43: 0.1153
A44: 46075.767 | B44: =B43+10 -> 1210 | C44: 0.115 | D44: 0.1168 | E44: 0.1176 | F44: 0.1199 | G44: 0.1193 | H44: 0.1223 | I44: 0.1164 | J44: 0.1152 | K44: 0.1222 | L44: 0.1164 | M44: 0.1188 | N44: 0.1157 | O44: 0.1156 | P44: 0.1148 | Q44: 0.1181 | R44: 0.1133 | S44: 0.1154 | T44: 0.1166 | V44: 0.115 | W44: 0.1168 | X44: 0.1176 | Y44: 0.1164 | Z44: 0.1188 | AA44: 0.1157 | AB44: 0.1199 | AC44: 0.1193 | AD44: 0.1223 | AE44: 0.1156 | AF44: 0.1148 | AG44: 0.1181 | AH44: 0.1164 | AI44: 0.1152 | AJ44: 0.1222 | AK44: 0.1133 | AL44: 0.1154 | AM44: 0.1166
A45: 46075.794 | B45: =B44+40 -> 1250 | C45: 0.114 | D45: 0.1154 | E45: 0.1163 | F45: 0.1198 | G45: 0.1196 | H45: 0.1226 | I45: 0.1163 | J45: 0.116 | K45: 0.1215 | L45: 0.1168 | M45: 0.1185 | N45: 0.1165 | O45: 0.1157 | P45: 0.1153 | Q45: 0.1186 | R45: 0.1134 | S45: 0.115 | T45: 0.1179 | V45: 0.114 | W45: 0.1154 | X45: 0.1163 | Y45: 0.1168 | Z45: 0.1185 | AA45: 0.1165 | AB45: 0.1198 | AC45: 0.1196 | AD45: 0.1226 | AE45: 0.1157 | AF45: 0.1153 | AG45: 0.1186 | AH45: 0.1163 | AI45: 0.116 | AJ45: 0.1215 | AK45: 0.1134 | AL45: 0.115 | AM45: 0.1179
B46: =B45+30 -> 1280 | C46: 0.1139 | D46: 0.1141 | E46: 0.1162 | F46: 0.1139 | G46: 0.1148 | H46: 0.1178 | I46: 0.113 | J46: 0.1129 | K46: 0.1167 | L46: 0.1134 | M46: 0.1138 | N46: 0.1132 | O46: 0.1114 | P46: 0.1115 | Q46: 0.1148 | R46: 0.1116 | S46: 0.1146 | T46: 0.115 | V46: 0.1139 | W46: 0.1141 | X46: 0.1162 | Y46: 0.1134 | Z46: 0.1138 | AA46: 0.1132 | AB46: 0.1139 | AC46: 0.1148 | AD46: 0.1178 | AE46: 0.1114 | AF46: 0.1115 | AG46: 0.1148 | AH46: 0.113 | AI46: 0.1129 | AJ46: 0.1167 | AK46: 0.1116 | AL46: 0.1146 | AM46: 0.115
B47: =B46+30 -> 1310 | C47: 0.1135 | D47: 0.1142 | E47: 0.1164 | F47: 0.1141 | G47: 0.1148 | H47: 0.1181 | I47: 0.113 | J47: 0.1129 | K47: 0.1167 | L47: 0.1136 | M47: 0.1139 | N47: 0.1134 | O47: 0.1118 | P47: 0.1117 | Q47: 0.1151 | R47: 0.1115 | S47: 0.1143 | T47: 0.1152 | V47: 0.1135 | W47: 0.1142 | X47: 0.1164 | Y47: 0.1136 | Z47: 0.1139 | AA47: 0.1134 | AB47: 0.1141 | AC47: 0.1148 | AD47: 0.1181 | AE47: 0.1118 | AF47: 0.1117 | AG47: 0.1151 | AH47: 0.113 | AI47: 0.1129 | AJ47: 0.1167 | AK47: 0.1115 | AL47: 0.1143 | AM47: 0.1152
B48: =B47+30 -> 1340 | C48: 0.1136 | D48: 0.1142 | E48: 0.1165 | F48: 0.1142 | G48: 0.1148 | H48: 0.1183 | I48: 0.1131 | J48: 0.1129 | K48: 0.1168 | L48: 0.1136 | M48: 0.114 | N48: 0.113 | O48: 0.1118 | P48: 0.1118 | Q48: 0.1152 | R48: 0.1113 | S48: 0.1141 | T48: 0.115 | V48: 0.1136 | W48: 0.1142 | X48: 0.1165 | Y48: 0.1136 | Z48: 0.114 | AA48: 0.113 | AB48: 0.1142 | AC48: 0.1148 | AD48: 0.1183 | AE48: 0.1118 | AF48: 0.1118 | AG48: 0.1152 | AH48: 0.1131 | AI48: 0.1129 | AJ48: 0.1168 | AK48: 0.1113 | AL48: 0.1141 | AM48: 0.115
B49: =B48+30 -> 1370 | C49: 0.1135 | D49: 0.1141 | E49: 0.1148 | F49: 0.114 | G49: 0.1149 | H49: 0.1182 | I49: 0.1129 | J49: 0.1128 | K49: 0.1168 | L49: 0.1134 | M49: 0.1137 | N49: 0.1129 | O49: 0.1116 | P49: 0.1115 | Q49: 0.115 | R49: 0.1113 | S49: 0.114 | T49: 0.1161 | V49: 0.1135 | W49: 0.1141 | X49: 0.1148 | Y49: 0.1134 | Z49: 0.1137 | AA49: 0.1129 | AB49: 0.114 | AC49: 0.1149 | AD49: 0.1182 | AE49: 0.1116 | AF49: 0.1115 | AG49: 0.115 | AH49: 0.1129 | AI49: 0.1128 | AJ49: 0.1168 | AK49: 0.1113 | AL49: 0.114 | AM49: 0.1161
B50: =B49+30 -> 1400 | C50: 0.1133 | D50: 0.1139 | E50: 0.1144 | F50: 0.1141 | G50: 0.1149 | H50: 0.1183 | I50: 0.113 | J50: 0.1127 | K50: 0.1167 | L50: 0.1137 | M50: 0.1141 | N50: 0.1132 | O50: 0.1113 | P50: 0.1119 | Q50: 0.1151 | R50: 0.1111 | S50: 0.114 | T50: 0.1159 | V50: 0.1133 | W50: 0.1139 | X50: 0.1144 | Y50: 0.1137 | Z50: 0.1141 | AA50: 0.1132 | AB50: 0.1141 | AC50: 0.1149 | AD50: 0.1183 | AE50: 0.1113 | AF50: 0.1119 | AG50: 0.1151 | AH50: 0.113 | AI50: 0.1127 | AJ50: 0.1167 | AK50: 0.1111 | AL50: 0.114 | AM50: 0.1159
B51: =B50+30 -> 1430 | C51: 0.1134 | D51: 0.1138 | E51: 0.1148 | F51: 0.114 | G51: 0.1147 | H51: 0.1183 | I51: 0.1126 | J51: 0.1126 | K51: 0.1166 | L51: 0.1137 | M51: 0.1137 | N51: 0.1129 | O51: 0.1115 | P51: 0.1122 | Q51: 0.1151 | R51: 0.1112 | S51: 0.1139 | T51: 0.1151 | V51: 0.1134 | W51: 0.1138 | X51: 0.1148 | Y51: 0.1137 | Z51: 0.1137 | AA51: 0.1129 | AB51: 0.114 | AC51: 0.1147 | AD51: 0.1183 | AE51: 0.1115 | AF51: 0.1122 | AG51: 0.1151 | AH51: 0.1126 | AI51: 0.1126 | AJ51: 0.1166 | AK51: 0.1112 | AL51: 0.1139 | AM51: 0.1151
B52: =B51+30 -> 1460 | C52: 0.1132 | D52: 0.1135 | E52: 0.1147 | F52: 0.1141 | G52: 0.1147 | H52: 0.1182 | I52: 0.1126 | J52: 0.1126 | K52: 0.1164 | L52: 0.1136 | M52: 0.1137 | N52: 0.1129 | O52: 0.1115 | P52: 0.1119 | Q52: 0.115 | R52: 0.1108 | S52: 0.1137 | T52: 0.1148 | V52: 0.1132 | W52: 0.1135 | X52: 0.1147 | Y52: 0.1136 | Z52: 0.1137 | AA52: 0.1129 | AB52: 0.1141 | AC52: 0.1147 | AD52: 0.1182 | AE52: 0.1115 | AF52: 0.1119 | AG52: 0.115 | AH52: 0.1126 | AI52: 0.1126 | AJ52: 0.1164 | AK52: 0.1108 | AL52: 0.1137 | AM52: 0.1148
B53: =B52+30 -> 1490 | C53: 0.1131 | D53: 0.1137 | E53: 0.1151 | F53: 0.1145 | G53: 0.1149 | H53: 0.1183 | I53: 0.1126 | J53: 0.1123 | K53: 0.1161 | L53: 0.1135 | M53: 0.1137 | N53: 0.1129 | O53: 0.1116 | P53: 0.112 | Q53: 0.1155 | R53: 0.1109 | S53: 0.114 | T53: 0.1152 | V53: 0.1131 | W53: 0.1137 | X53: 0.1151 | Y53: 0.1135 | Z53: 0.1137 | AA53: 0.1129 | AB53: 0.1145 | AC53: 0.1149 | AD53: 0.1183 | AE53: 0.1116 | AF53: 0.112 | AG53: 0.1155 | AH53: 0.1126 | AI53: 0.1123 | AJ53: 0.1161 | AK53: 0.1109 | AL53: 0.114 | AM53: 0.1152
B54: =B53+30 -> 1520 | C54: 0.113 | D54: 0.1136 | E54: 0.1151 | F54: 0.1146 | G54: 0.1151 | H54: 0.1187 | I54: 0.1125 | J54: 0.1123 | K54: 0.1165 | L54: 0.1133 | M54: 0.1135 | N54: 0.1128 | O54: 0.1115 | P54: 0.1119 | Q54: 0.1155 | R54: 0.1108 | S54: 0.1141 | T54: 0.1156 | V54: 0.113 | W54: 0.1136 | X54: 0.1151 | Y54: 0.1133 | Z54: 0.1135 | AA54: 0.1128 | AB54: 0.1146 | AC54: 0.1151 | AD54: 0.1187 | AE54: 0.1115 | AF54: 0.1119 | AG54: 0.1155 | AH54: 0.1125 | AI54: 0.1123 | AJ54: 0.1165 | AK54: 0.1108 | AL54: 0.1141 | AM54: 0.1156
B55: =B54+30 -> 1550 | C55: 0.1129 | D55: 0.1137 | E55: 0.1155 | F55: 0.1148 | G55: 0.1153 | H55: 0.1187 | I55: 0.1124 | J55: 0.1123 | K55: 0.1161 | L55: 0.1133 | M55: 0.1136 | N55: 0.113 | O55: 0.1117 | P55: 0.1121 | Q55: 0.1155 | R55: 0.1108 | S55: 0.1138 | T55: 0.1152 | V55: 0.1129 | W55: 0.1137 | X55: 0.1155 | Y55: 0.1133 | Z55: 0.1136 | AA55: 0.113 | AB55: 0.1148 | AC55: 0.1153 | AD55: 0.1187 | AE55: 0.1117 | AF55: 0.1121 | AG55: 0.1155 | AH55: 0.1124 | AI55: 0.1123 | AJ55: 0.1161 | AK55: 0.1108 | AL55: 0.1138 | AM55: 0.1152
B56: =B55+30 -> 1580 | C56: 0.1129 | D56: 0.1138 | E56: 0.1156 | F56: 0.1147 | G56: 0.1151 | H56: 0.1189 | I56: 0.1124 | J56: 0.1122 | K56: 0.1161 | L56: 0.1134 | M56: 0.1135 | N56: 0.1127 | O56: 0.1117 | P56: 0.1121 | Q56: 0.1155 | R56: 0.1109 | S56: 0.1138 | T56: 0.1152 | V56: 0.1129 | W56: 0.1138 | X56: 0.1156 | Y56: 0.1134 | Z56: 0.1135 | AA56: 0.1127 | AB56: 0.1147 | AC56: 0.1151 | AD56: 0.1189 | AE56: 0.1117 | AF56: 0.1121 | AG56: 0.1155 | AH56: 0.1124 | AI56: 0.1122 | AJ56: 0.1161 | AK56: 0.1109 | AL56: 0.1138 | AM56: 0.1152
B57: =B56+30 -> 1610 | C57: 0.1128 | D57: 0.1138 | E57: 0.1157 | F57: 0.1148 | G57: 0.1155 | H57: 0.1189 | I57: 0.1121 | J57: 0.1121 | K57: 0.1159 | L57: 0.1133 | M57: 0.1134 | N57: 0.1127 | O57: 0.1116 | P57: 0.1121 | Q57: 0.1155 | R57: 0.1106 | S57: 0.1137 | T57: 0.1155 | V57: 0.1128 | W57: 0.1138 | X57: 0.1157 | Y57: 0.1133 | Z57: 0.1134 | AA57: 0.1127 | AB57: 0.1148 | AC57: 0.1155 | AD57: 0.1189 | AE57: 0.1116 | AF57: 0.1121 | AG57: 0.1155 | AH57: 0.1121 | AI57: 0.1121 | AJ57: 0.1159 | AK57: 0.1106 | AL57: 0.1137 | AM57: 0.1155
... B89: =B88+30 -> 2570 | C89: 0.1096 | D89: 0.112 | E89: 0.1137 | F89: 0.1142 | G89: 0.1209 | H89: 0.1232 | I89: 0.1089 | J89: 0.1089 | K89: 0.1116 | L89: 0.11 | M89: 0.1105 | N89: 0.1105 | O89: 0.109 | P89: 0.1133 | Q89: 0.1224 | R89: 0.1074 | S89: 0.1115 | T89: 0.1122 | V89: 0.1096 | W89: 0.112 | X89: 0.1137 | Y89: 0.11 | Z89: 0.1105 | AA89: 0.1105 | AB89: 0.1142 | AC89: 0.1209 | AD89: 0.1232 | AE89: 0.109 | AF89: 0.1133 | AG89: 0.1224 | AH89: 0.1089 | AI89: 0.1089 | AJ89: 0.1116 | AK89: 0.1074 | AL89: 0.1115 | AM89: 0.1122
A90: 46076.732 | B90: =B89+30 -> 2600 | C90: 0.1093 | D90: 0.1123 | E90: 0.1137 | F90: 0.1143 | G90: 0.1215 | H90: 0.1234 | I90: 0.1086 | J90: 0.1086 | K90: 0.1114 | L90: 0.1098 | M90: 0.1105 | N90: 0.1104 | O90: 0.109 | P90: 0.1136 | Q90: 0.1228 | R90: 0.1074 | S90: 0.1112 | T90: 0.1121 | V90: 0.1093 | W90: 0.1123 | X90: 0.1137 | Y90: 0.1098 | Z90: 0.1105 | AA90: 0.1104 | AB90: 0.1143 | AC90: 0.1215 | AD90: 0.1234 | AE90: 0.109 | AF90: 0.1136 | AG90: 0.1228 | AH90: 0.1086 | AI90: 0.1086 | AJ90: 0.1114 | AK90: 0.1074 | AL90: 0.1112 | AM90: 0.1121
B93: △ | C93: =C90-C3 -> -0.0072 | D93: =D90-D3 -> -0.0034 | E93: =E90-E3 -> -0.0022 | F93: =F90-F3 -> -0.0008 | G93: =G90-G3 -> 0.0068 | H93: =H90-H3 -> 0.0082 | I93: =I90-I3 -> -0.0071 | J93: =J90-J3 -> -0.0069 | ... T93: =T90-T3 -> -0.0061

Sheet r1.raw.M
A1: Data-Time | B1: Time | C1: Dark | L1: IR | V1: RAW
A2: Data-Time | B2: Time 1 | C2: Dark-M-C1 | D2: Dark-M-C2 | E2: Dark-M-C3 | F2: Dark-M-Ac1 | G2: Dark-M-Ac2 | H2: Dark-M-Ac3 | I2: Dark-M-S1 | J2: Dark-M-S2 | K2: Dark-M-S3 | L2: IR-M-C1 | M2: IR-M-C2 | N2: IR-M-C3 | O2: IR-M-Ac1 | P2: IR-M-Ac2 | Q2: IR-M-Ac3 | R2: IR-M-S1 | S2: IR-M-S2 | T2: IR-M-S3 | U2: Tips | V2: C-D | Y2: C-I | AB2: Ac-D | AE2: Ac-I | AH2: S-D | AK2: S-I
A3: 46063.842 | B3: 0 | C3: 0.1575 | D3: 0.1583 | E3: 0.1556 | F3: 0.1549 | G3: 0.1611 | H3: 0.1577 | I3: 0.1565 | J3: 0.1567 | K3: 0.1585 | L3: 0.1568 | M3: 0.1551 | N3: 0.1573 | O3: 0.1592 | P3: 0.154 | Q3: 0.1559 | R3: 0.1591 | S3: 0.1586 | T3: 0.1724 | V3: 0.1575 | W3: 0.1583 | X3: 0.1556 | Y3: 0.1568 | Z3: 0.1551 | AA3: 0.1573 | AB3: 0.1549 | AC3: 0.1611 | AD3: 0.1577 | AE3: 0.1592 | AF3: 0.154 | AG3: 0.1559 | AH3: 0.1565 | AI3: 0.1567 | AJ3: 0.1585 | AK3: 0.1591 | AL3: 0.1586 | AM3: 0.1724
B4: =B3+30 -> 30 | C4: 0.1582 | D4: 0.1591 | E4: 0.1567 | F4: 0.1546 | G4: 0.1617 | H4: 0.159 | I4: 0.1568 | J4: 0.157 | K4: 0.1593 | L4: 0.1573 | M4: 0.1558 | N4: 0.1578 | O4: 0.1606 | P4: 0.1548 | Q4: 0.157 | R4: 0.1598 | S4: 0.1594 | T4: 0.1735 | V4: 0.1582 | W4: 0.1591 | X4: 0.1567 | Y4: 0.1573 | Z4: 0.1558 | AA4: 0.1578 | AB4: 0.1546 | AC4: 0.1617 | AD4: 0.159 | AE4: 0.1606 | AF4: 0.1548 | AG4: 0.157 | AH4: 0.1568 | AI4: 0.157 | AJ4: 0.1593 | AK4: 0.1598 | AL4: 0.1594 | AM4: 0.1735
B5: =B4+30 -> 60 | C5: 0.1591 | D5: 0.1601 | E5: 0.1561 | F5: 0.1571 | G5: 0.1622 | H5: 0.1616 | I5: 0.1583 | J5: 0.1585 | K5: 0.1609 | L5: 0.1586 | M5: 0.157 | N5: 0.1592 | O5: 0.1608 | P5: 0.1539 | Q5: 0.159 | R5: 0.1604 | S5: 0.1605 | T5: 0.1744 | V5: 0.1591 | W5: 0.1601 | X5: 0.1561 | Y5: 0.1586 | Z5: 0.157 | AA5: 0.1592 | AB5: 0.1571 | AC5: 0.1622 | AD5: 0.1616 | AE5: 0.1608 | AF5: 0.1539 | AG5: 0.159 | AH5: 0.1583 | AI5: 0.1585 | AJ5: 0.1609 | AK5: 0.1604 | AL5: 0.1605 | AM5: 0.1744
B6: =B5+30 -> 90 | C6: 0.1592 | D6: 0.1596 | E6: 0.1571 | F6: 0.1561 | G6: 0.1616 | H6: 0.1587 | I6: 0.1586 | J6: 0.1583 | K6: 0.1614 | L6: 0.1566 | M6: 0.1566 | N6: 0.1599 | O6: 0.16 | P6: 0.1541 | Q6: 0.1578 | R6: 0.1609 | S6: 0.1591 | T6: 0.1748 | V6: 0.1592 | W6: 0.1596 | X6: 0.1571 | Y6: 0.1566 | Z6: 0.1566 | AA6: 0.1599 | AB6: 0.1561 | AC6: 0.1616 | AD6: 0.1587 | AE6: 0.16 | AF6: 0.1541 | AG6: 0.1578 | AH6: 0.1586 | AI6: 0.1583 | AJ6: 0.1614 | AK6: 0.1609 | AL6: 0.1591 | AM6: 0.1748
B7: =B6+30 -> 120 | C7: 0.1583 | D7: 0.1605 | E7: 0.1564 | F7: 0.1592 | G7: 0.1642 | H7: 0.1627 | I7: 0.1569 | J7: 0.1543 | K7: 0.1575 | L7: 0.1586 | M7: 0.1577 | N7: 0.1594 | O7: 0.1608 | P7: 0.1556 | Q7: 0.1568 | R7: 0.1607 | S7: 0.1594 | T7: 0.1748 | V7: 0.1583 | W7: 0.1605 | X7: 0.1564 | Y7: 0.1586 | Z7: 0.1577 | AA7: 0.1594 | AB7: 0.1592 | AC7: 0.1642 | AD7: 0.1627 | AE7: 0.1608 | AF7: 0.1556 | AG7: 0.1568 | AH7: 0.1569 | AI7: 0.1543 | AJ7: 0.1575 | AK7: 0.1607 | AL7: 0.1594 | AM7: 0.1748
B8: =B7+30 -> 150 | C8: 0.1588 | D8: 0.1594 | E8: 0.156 | F8: 0.1557 | G8: 0.1646 | H8: 0.1604 | I8: 0.1538 | J8: 0.1547 | K8: 0.1563 | L8: 0.1592 | M8: 0.1572 | N8: 0.159 | O8: 0.1604 | P8: 0.1559 | Q8: 0.1564 | R8: 0.16 | S8: 0.1583 | T8: 0.175 | V8: 0.1588 | W8: 0.1594 | X8: 0.156 | Y8: 0.1592 | Z8: 0.1572 | AA8: 0.159 | AB8: 0.1557 | AC8: 0.1646 | AD8: 0.1604 | AE8: 0.1604 | AF8: 0.1559 | AG8: 0.1564 | AH8: 0.1538 | AI8: 0.1547 | AJ8: 0.1563 | AK8: 0.16 | AL8: 0.1583 | AM8: 0.175
B9: =B8+30 -> 180 | C9: 0.158 | D9: 0.1583 | E9: 0.1564 | F9: 0.1538 | G9: 0.1621 | H9: 0.1597 | I9: 0.1563 | J9: 0.1564 | K9: 0.1587 | L9: 0.158 | M9: 0.156 | N9: 0.1587 | O9: 0.1601 | P9: 0.1559 | Q9: 0.158 | R9: 0.1599 | S9: 0.1587 | T9: 0.1751 | V9: 0.158 | W9: 0.1583 | X9: 0.1564 | Y9: 0.158 | Z9: 0.156 | AA9: 0.1587 | AB9: 0.1538 | AC9: 0.1621 | AD9: 0.1597 | AE9: 0.1601 | AF9: 0.1559 | AG9: 0.158 | AH9: 0.1563 | AI9: 0.1564 | AJ9: 0.1587 | AK9: 0.1599 | AL9: 0.1587 | AM9: 0.1751
B10: =B9+30 -> 210 | C10: 0.1595 | D10: 0.1594 | E10: 0.1564 | F10: 0.1553 | G10: 0.1644 | H10: 0.1614 | I10: 0.1557 | J10: 0.1566 | K10: 0.1589 | L10: 0.1574 | M10: 0.1552 | N10: 0.1593 | O10: 0.159 | P10: 0.1548 | Q10: 0.1564 | R10: 0.1597 | S10: 0.1591 | T10: 0.1752 | V10: 0.1595 | W10: 0.1594 | X10: 0.1564 | Y10: 0.1574 | Z10: 0.1552 | AA10: 0.1593 | AB10: 0.1553 | AC10: 0.1644 | AD10: 0.1614 | AE10: 0.159 | AF10: 0.1548 | AG10: 0.1564 | AH10: 0.1557 | AI10: 0.1566 | AJ10: 0.1589 | AK10: 0.1597 | AL10: 0.1591 | AM10: 0.1752
B11: =B10+30 -> 240 | C11: 0.1579 | D11: 0.1592 | E11: 0.1559 | F11: 0.1559 | G11: 0.1645 | H11: 0.1621 | I11: 0.1554 | J11: 0.1565 | K11: 0.1594 | L11: 0.1562 | M11: 0.1555 | N11: 0.1574 | O11: 0.1598 | P11: 0.1554 | Q11: 0.1582 | R11: 0.159 | S11: 0.1589 | T11: 0.1747 | V11: 0.1579 | W11: 0.1592 | X11: 0.1559 | Y11: 0.1562 | Z11: 0.1555 | AA11: 0.1574 | AB11: 0.1559 | AC11: 0.1645 | AD11: 0.1621 | AE11: 0.1598 | AF11: 0.1554 | AG11: 0.1582 | AH11: 0.1554 | AI11: 0.1565 | AJ11: 0.1594 | AK11: 0.159 | AL11: 0.1589 | AM11: 0.1747
B12: =B11+30 -> 270 | C12: 0.158 | D12: 0.1587 | E12: 0.1556 | F12: 0.1565 | G12: 0.1636 | H12: 0.1629 | I12: 0.1553 | J12: 0.1554 | K12: 0.1588 | L12: 0.1559 | M12: 0.1537 | N12: 0.1574 | O12: 0.1596 | P12: 0.1555 | Q12: 0.1586 | R12: 0.1589 | S12: 0.1586 | T12: 0.1746 | V12: 0.158 | W12: 0.1587 | X12: 0.1556 | Y12: 0.1559 | Z12: 0.1537 | AA12: 0.1574 | AB12: 0.1565 | AC12: 0.1636 | AD12: 0.1629 | AE12: 0.1596 | AF12: 0.1555 | AG12: 0.1586 | AH12: 0.1553 | AI12: 0.1554 | AJ12: 0.1588 | AK12: 0.1589 | AL12: 0.1586 | AM12: 0.1746
B13: =B12+30 -> 300 | C13: 0.1579 | D13: 0.1587 | E13: 0.1559 | F13: 0.1569 | G13: 0.1644 | H13: 0.1631 | I13: 0.1548 | J13: 0.1556 | K13: 0.1585 | L13: 0.1572 | M13: 0.1525 | N13: 0.1558 | O13: 0.1609 | P13: 0.1551 | Q13: 0.1591 | R13: 0.1581 | S13: 0.1586 | T13: 0.175 | V13: 0.1579 | W13: 0.1587 | X13: 0.1559 | Y13: 0.1572 | Z13: 0.1525 | AA13: 0.1558 | AB13: 0.1569 | AC13: 0.1644 | AD13: 0.1631 | AE13: 0.1609 | AF13: 0.1551 | AG13: 0.1591 | AH13: 0.1548 | AI13: 0.1556 | AJ13: 0.1585 | AK13: 0.1581 | AL13: 0.1586 | AM13: 0.175
B14: =B13+30 -> 330 | C14: 0.1569 | D14: 0.1573 | E14: 0.1552 | F14: 0.1575 | G14: 0.1649 | H14: 0.1629 | I14: 0.1537 | J14: 0.1554 | K14: 0.1585 | L14: 0.1565 | M14: 0.1522 | N14: 0.1546 | O14: 0.1599 | P14: 0.1545 | Q14: 0.1586 | R14: 0.158 | S14: 0.1581 | T14: 0.1754 | V14: 0.1569 | W14: 0.1573 | X14: 0.1552 | Y14: 0.1565 | Z14: 0.1522 | AA14: 0.1546 | AB14: 0.1575 | AC14: 0.1649 | AD14: 0.1629 | AE14: 0.1599 | AF14: 0.1545 | AG14: 0.1586 | AH14: 0.1537 | AI14: 0.1554 | AJ14: 0.1585 | AK14: 0.158 | AL14: 0.1581 | AM14: 0.1754
B15: =B14+30 -> 360 | C15: 0.1566 | D15: 0.158 | E15: 0.1556 | F15: 0.1577 | G15: 0.1656 | H15: 0.1631 | I15: 0.155 | J15: 0.157 | K15: 0.1581 | L15: 0.1575 | M15: 0.152 | N15: 0.1569 | O15: 0.1616 | P15: 0.1558 | Q15: 0.1594 | R15: 0.1578 | S15: 0.1576 | T15: 0.1753 | V15: 0.1566 | W15: 0.158 | X15: 0.1556 | Y15: 0.1575 | Z15: 0.152 | AA15: 0.1569 | AB15: 0.1577 | AC15: 0.1656 | AD15: 0.1631 | AE15: 0.1616 | AF15: 0.1558 | AG15: 0.1594 | AH15: 0.155 | AI15: 0.157 | AJ15: 0.1581 | AK15: 0.1578 | AL15: 0.1576 | AM15: 0.1753
... B29: =B28+30 -> 780 | C29: 0.1507 | D29: 0.1525 | E29: 0.1496 | F29: 0.1533 | G29: 0.1605 | H29: 0.1585 | I29: 0.1504 | J29: 0.1514 | K29: 0.1521 | L29: 0.1516 | M29: 0.1498 | N29: 0.1516 | O29: 0.1567 | P29: 0.1513 | Q29: 0.1553 | R29: 0.1528 | S29: 0.1532 | T29: 0.1534 | V29: 0.1507 | W29: 0.1525 | X29: 0.1496 | Y29: 0.1516 | Z29: 0.1498 | AA29: 0.1516 | AB29: 0.1533 | AC29: 0.1605 | AD29: 0.1585 | AE29: 0.1567 | AF29: 0.1513 | AG29: 0.1553 | AH29: 0.1504 | AI29: 0.1514 | AJ29: 0.1521 | AK29: 0.1528 | AL29: 0.1532 | AM29: 0.1534
B30: =B29+40 -> 820 | C30: 0.1505 | D30: 0.1518 | E30: 0.1491 | F30: 0.1526 | G30: 0.1595 | H30: 0.1582 | I30: 0.15 | J30: 0.1511 | K30: 0.1521 | L30: 0.1513 | M30: 0.1494 | N30: 0.1513 | O30: 0.1566 | P30: 0.1503 | Q30: 0.155 | R30: 0.1525 | S30: 0.1529 | T30: 0.1528 | V30: 0.1505 | W30: 0.1518 | X30: 0.1491 | Y30: 0.1513 | Z30: 0.1494 | AA30: 0.1513 | AB30: 0.1526 | AC30: 0.1595 | AD30: 0.1582 | AE30: 0.1566 | AF30: 0.1503 | AG30: 0.155 | AH30: 0.15 | AI30: 0.1511 | AJ30: 0.1521 | AK30: 0.1525 | AL30: 0.1529 | AM30: 0.1528
B31: =B30+30 -> 850 | C31: 0.1507 | D31: 0.1514 | E31: 0.1485 | F31: 0.1519 | G31: 0.1591 | H31: 0.1579 | I31: 0.1484 | J31: 0.1502 | K31: 0.1521 | L31: 0.1506 | M31: 0.1489 | N31: 0.1503 | O31: 0.156 | P31: 0.1494 | Q31: 0.1547 | R31: 0.1521 | S31: 0.1524 | T31: 0.1522 | V31: 0.1507 | W31: 0.1514 | X31: 0.1485 | Y31: 0.1506 | Z31: 0.1489 | AA31: 0.1503 | AB31: 0.1519 | AC31: 0.1591 | AD31: 0.1579 | AE31: 0.156 | AF31: 0.1494 | AG31: 0.1547 | AH31: 0.1484 | AI31: 0.1502 | AJ31: 0.1521 | AK31: 0.1521 | AL31: 0.1524 | AM31: 0.1522
B32: =B31+30 -> 880 | C32: 0.1496 | D32: 0.151 | E32: 0.1483 | F32: 0.1509 | G32: 0.1578 | H32: 0.1572 | I32: 0.1484 | J32: 0.1493 | K32: 0.1518 | L32: 0.1505 | M32: 0.1487 | N32: 0.1509 | O32: 0.1558 | P32: 0.1494 | Q32: 0.154 | R32: 0.1521 | S32: 0.1522 | T32: 0.1523 | V32: 0.1496 | W32: 0.151 | X32: 0.1483 | Y32: 0.1505 | Z32: 0.1487 | AA32: 0.1509 | AB32: 0.1509 | AC32: 0.1578 | AD32: 0.1572 | AE32: 0.1558 | AF32: 0.1494 | AG32: 0.154 | AH32: 0.1484 | AI32: 0.1493 | AJ32: 0.1518 | AK32: 0.1521 | AL32: 0.1522 | AM32: 0.1523
B33: =B32+30 -> 910 | C33: 0.1491 | D33: 0.1506 | E33: 0.1476 | F33: 0.1509 | G33: 0.1579 | H33: 0.1567 | I33: 0.1481 | J33: 0.1487 | K33: 0.1517 | L33: 0.1504 | M33: 0.1481 | N33: 0.1505 | O33: 0.1558 | P33: 0.149 | Q33: 0.1535 | R33: 0.1516 | S33: 0.1518 | T33: 0.152 | V33: 0.1491 | W33: 0.1506 | X33: 0.1476 | Y33: 0.1504 | Z33: 0.1481 | AA33: 0.1505 | AB33: 0.1509 | AC33: 0.1579 | AD33: 0.1567 | AE33: 0.1558 | AF33: 0.149 | AG33: 0.1535 | AH33: 0.1481 | AI33: 0.1487 | AJ33: 0.1517 | AK33: 0.1516 | AL33: 0.1518 | AM33: 0.152
B34: =B33+30 -> 940 | C34: 0.1493 | D34: 0.1503 | E34: 0.1477 | F34: 0.1499 | G34: 0.1569 | H34: 0.1566 | I34: 0.1477 | J34: 0.1488 | K34: 0.151 | L34: 0.1502 | M34: 0.1476 | N34: 0.1501 | O34: 0.1552 | P34: 0.1485 | Q34: 0.1534 | R34: 0.1515 | S34: 0.1518 | T34: 0.1514 | V34: 0.1493 | W34: 0.1503 | X34: 0.1477 | Y34: 0.1502 | Z34: 0.1476 | AA34: 0.1501 | AB34: 0.1499 | AC34: 0.1569 | AD34: 0.1566 | AE34: 0.1552 | AF34: 0.1485 | AG34: 0.1534 | AH34: 0.1477 | AI34: 0.1488 | AJ34: 0.151 | AK34: 0.1515 | AL34: 0.1518 | AM34: 0.1514
B35: =B34+30 -> 970 | C35: 0.1487 | D35: 0.1502 | E35: 0.1474 | F35: 0.1507 | G35: 0.1573 | H35: 0.1566 | I35: 0.1477 | J35: 0.1485 | K35: 0.151 | L35: 0.1498 | M35: 0.1474 | N35: 0.1496 | O35: 0.1547 | P35: 0.1483 | Q35: 0.1531 | R35: 0.1513 | S35: 0.1513 | T35: 0.1516 | V35: 0.1487 | W35: 0.1502 | X35: 0.1474 | Y35: 0.1498 | Z35: 0.1474 | AA35: 0.1496 | AB35: 0.1507 | AC35: 0.1573 | AD35: 0.1566 | AE35: 0.1547 | AF35: 0.1483 | AG35: 0.1531 | AH35: 0.1477 | AI35: 0.1485 | AJ35: 0.151 | AK35: 0.1513 | AL35: 0.1513 | AM35: 0.1516
B36: =B35+30 -> 1000 | C36: 0.1484 | D36: 0.1499 | E36: 0.1473 | F36: 0.1502 | G36: 0.1569 | H36: 0.1564 | I36: 0.147 | J36: 0.1479 | K36: 0.1506 | L36: 0.1496 | M36: 0.1473 | N36: 0.1494 | O36: 0.1548 | P36: 0.1483 | Q36: 0.1532 | R36: 0.1511 | S36: 0.1512 | T36: 0.1515 | V36: 0.1484 | W36: 0.1499 | X36: 0.1473 | Y36: 0.1496 | Z36: 0.1473 | AA36: 0.1494 | AB36: 0.1502 | AC36: 0.1569 | AD36: 0.1564 | AE36: 0.1548 | AF36: 0.1483 | AG36: 0.1532 | AH36: 0.147 | AI36: 0.1479 | AJ36: 0.1506 | AK36: 0.1511 | AL36: 0.1512 | AM36: 0.1515
B37: =B36+10 -> 1010 | C37: 0.1481 | D37: 0.1495 | E37: 0.1466 | F37: 0.1496 | G37: 0.1563 | H37: 0.156 | I37: 0.1471 | J37: 0.1479 | K37: 0.1502 | L37: 0.1493 | M37: 0.147 | N37: 0.1489 | O37: 0.1544 | P37: 0.1483 | Q37: 0.1529 | R37: 0.1508 | S37: 0.1508 | T37: 0.151 | V37: 0.1481 | W37: 0.1495 | X37: 0.1466 | Y37: 0.1493 | Z37: 0.147 | AA37: 0.1489 | AB37: 0.1496 | AC37: 0.1563 | AD37: 0.156 | AE37: 0.1544 | AF37: 0.1483 | AG37: 0.1529 | AH37: 0.1471 | AI37: 0.1479 | AJ37: 0.1502 | AK37: 0.1508 | AL37: 0.1508 | AM37: 0.151
B38: =B37+30 -> 1040 | C38: 0.1481 | D38: 0.1491 | E38: 0.1468 | F38: 0.1496 | G38: 0.1562 | H38: 0.1559 | I38: 0.1467 | J38: 0.148 | K38: 0.1499 | L38: 0.1489 | M38: 0.1468 | N38: 0.1483 | O38: 0.154 | P38: 0.148 | Q38: 0.1527 | R38: 0.1505 | S38: 0.1507 | T38: 0.1509 | V38: 0.1481 | W38: 0.1491 | X38: 0.1468 | Y38: 0.1489 | Z38: 0.1468 | AA38: 0.1483 | AB38: 0.1496 | AC38: 0.1562 | AD38: 0.1559 | AE38: 0.154 | AF38: 0.148 | AG38: 0.1527 | AH38: 0.1467 | AI38: 0.148 | AJ38: 0.1499 | AK38: 0.1505 | AL38: 0.1507 | AM38: 0.1509
B39: =B38+30 -> 1070 | C39: 0.1479 | D39: 0.1488 | E39: 0.1467 | F39: 0.1496 | G39: 0.1562 | H39: 0.1558 | I39: 0.1466 | J39: 0.1482 | K39: 0.1495 | L39: 0.1487 | M39: 0.1465 | N39: 0.1482 | O39: 0.1536 | P39: 0.148 | Q39: 0.1528 | R39: 0.1502 | S39: 0.1504 | T39: 0.1508 | V39: 0.1479 | W39: 0.1488 | X39: 0.1467 | Y39: 0.1487 | Z39: 0.1465 | AA39: 0.1482 | AB39: 0.1496 | AC39: 0.1562 | AD39: 0.1558 | AE39: 0.1536 | AF39: 0.148 | AG39: 0.1528 | AH39: 0.1466 | AI39: 0.1482 | AJ39: 0.1495 | AK39: 0.1502 | AL39: 0.1504 | AM39: 0.1508
B40: =B39+30 -> 1100 | C40: 0.1478 | D40: 0.1483 | E40: 0.1457 | F40: 0.1494 | G40: 0.1556 | H40: 0.1555 | I40: 0.1464 | J40: 0.1481 | K40: 0.1489 | L40: 0.1482 | M40: 0.1461 | N40: 0.148 | O40: 0.1535 | P40: 0.1475 | Q40: 0.1525 | R40: 0.1503 | S40: 0.1504 | T40: 0.1504 | V40: 0.1478 | W40: 0.1483 | X40: 0.1457 | Y40: 0.1482 | Z40: 0.1461 | AA40: 0.148 | AB40: 0.1494 | AC40: 0.1556 | AD40: 0.1555 | AE40: 0.1535 | AF40: 0.1475 | AG40: 0.1525 | AH40: 0.1464 | AI40: 0.1481 | AJ40: 0.1489 | AK40: 0.1503 | AL40: 0.1504 | AM40: 0.1504
B41: =B40+30 -> 1130 | C41: 0.1472 | D41: 0.148 | E41: 0.1459 | F41: 0.1488 | G41: 0.1552 | H41: 0.1554 | I41: 0.1468 | J41: 0.1482 | K41: 0.1492 | L41: 0.1483 | M41: 0.146 | N41: 0.1476 | O41: 0.1536 | P41: 0.1472 | Q41: 0.1524 | R41: 0.1497 | S41: 0.1497 | T41: 0.15 | V41: 0.1472 | W41: 0.148 | X41: 0.1459 | Y41: 0.1483 | Z41: 0.146 | AA41: 0.1476 | AB41: 0.1488 | AC41: 0.1552 | AD41: 0.1554 | AE41: 0.1536 | AF41: 0.1472 | AG41: 0.1524 | AH41: 0.1468 | AI41: 0.1482 | AJ41: 0.1492 | AK41: 0.1497 | AL41: 0.1497 | AM41: 0.15
B42: =B41+30 -> 1160 | C42: 0.147 | D42: 0.1478 | E42: 0.1455 | F42: 0.1487 | G42: 0.1552 | H42: 0.1553 | I42: 0.146 | J42: 0.1475 | K42: 0.1488 | L42: 0.1477 | M42: 0.1456 | N42: 0.1474 | O42: 0.1529 | P42: 0.147 | Q42: 0.1522 | R42: 0.1494 | S42: 0.1497 | T42: 0.1498 | V42: 0.147 | W42: 0.1478 | X42: 0.1455 | Y42: 0.1477 | Z42: 0.1456 | AA42: 0.1474 | AB42: 0.1487 | AC42: 0.1552 | AD42: 0.1553 | AE42: 0.1529 | AF42: 0.147 | AG42: 0.1522 | AH42: 0.146 | AI42: 0.1475 | AJ42: 0.1488 | AK42: 0.1494 | AL42: 0.1497 | AM42: 0.1498
A43: 46075.762 | B43: =B42+30 -> 1190 | C43: 0.1467 | D43: 0.1474 | E43: 0.1453 | F43: 0.1484 | G43: 0.1549 | H43: 0.1549 | I43: 0.1458 | J43: 0.1474 | K43: 0.1482 | L43: 0.1474 | M43: 0.1456 | N43: 0.1471 | O43: 0.1525 | P43: 0.1469 | Q43: 0.152 | R43: 0.1492 | S43: 0.1492 | T43: 0.1493 | V43: 0.1467 | W43: 0.1474 | X43: 0.1453 | Y43: 0.1474 | Z43: 0.1456 | AA43: 0.1471 | AB43: 0.1484 | AC43: 0.1549 | AD43: 0.1549 | AE43: 0.1525 | AF43: 0.1469 | AG43: 0.152 | AH43: 0.1458 | AI43: 0.1474 | AJ43: 0.1482 | AK43: 0.1492 | AL43: 0.1492 | AM43: 0.1493
A44: 46075.767 | B44: =B43+10 -> 1200 | C44: 0.147 | D44: 0.1476 | E44: 0.1453 | F44: 0.152 | G44: 0.1566 | H44: 0.1583 | I44: 0.15 | J44: 0.1514 | K44: 0.1513 | L44: 0.1493 | M44: 0.1468 | N44: 0.1486 | O44: 0.1546 | P44: 0.1509 | Q44: 0.1565 | R44: 0.1495 | S44: 0.1511 | T44: 0.1518 | V44: 0.147 | W44: 0.1476 | X44: 0.1453 | Y44: 0.1493 | Z44: 0.1468 | AA44: 0.1486 | AB44: 0.152 | AC44: 0.1566 | AD44: 0.1583 | AE44: 0.1546 | AF44: 0.1509 | AG44: 0.1565 | AH44: 0.15 | AI44: 0.1514 | AJ44: 0.1513 | AK44: 0.1495 | AL44: 0.1511 | AM44: 0.1518
A45: 46075.794 | B45: =B44+40 -> 1240 | C45: 0.146 | D45: 0.147 | E45: 0.1451 | F45: 0.1534 | G45: 0.158 | H45: 0.159 | I45: 0.1514 | J45: 0.1528 | K45: 0.153 | L45: 0.1501 | M45: 0.1482 | N45: 0.1501 | O45: 0.156 | P45: 0.1527 | Q45: 0.1578 | R45: 0.1508 | S45: 0.1524 | T45: 0.1525 | V45: 0.146 | W45: 0.147 | X45: 0.1451 | Y45: 0.1501 | Z45: 0.1482 | AA45: 0.1501 | AB45: 0.1534 | AC45: 0.158 | AD45: 0.159 | AE45: 0.156 | AF45: 0.1527 | AG45: 0.1578 | AH45: 0.1514 | AI45: 0.1528 | AJ45: 0.153 | AK45: 0.1508 | AL45: 0.1524 | AM45: 0.1525
B46: =B45+30 -> 1270 | C46: 0.1458 | D46: 0.1471 | E46: 0.1454 | F46: 0.1486 | G46: 0.153 | H46: 0.1542 | I46: 0.146 | J46: 0.1469 | K46: 0.1484 | L46: 0.1467 | M46: 0.1447 | N46: 0.1467 | O46: 0.1516 | P46: 0.1473 | Q46: 0.1516 | R46: 0.1486 | S46: 0.1483 | T46: 0.1492 | V46: 0.1458 | W46: 0.1471 | X46: 0.1454 | Y46: 0.1467 | Z46: 0.1447 | AA46: 0.1467 | AB46: 0.1486 | AC46: 0.153 | AD46: 0.1542 | AE46: 0.1516 | AF46: 0.1473 | AG46: 0.1516 | AH46: 0.146 | AI46: 0.1469 | AJ46: 0.1484 | AK46: 0.1486 | AL46: 0.1483 | AM46: 0.1492
B47: =B46+30 -> 1300 | C47: 0.1461 | D47: 0.1471 | E47: 0.1454 | F47: 0.1488 | G47: 0.1531 | H47: 0.1541 | I47: 0.1455 | J47: 0.147 | K47: 0.1485 | L47: 0.1466 | M47: 0.1446 | N47: 0.147 | O47: 0.1517 | P47: 0.1473 | Q47: 0.1517 | R47: 0.1485 | S47: 0.1484 | T47: 0.1491 | V47: 0.1461 | W47: 0.1471 | X47: 0.1454 | Y47: 0.1466 | Z47: 0.1446 | AA47: 0.147 | AB47: 0.1488 | AC47: 0.1531 | AD47: 0.1541 | AE47: 0.1517 | AF47: 0.1473 | AG47: 0.1517 | AH47: 0.1455 | AI47: 0.147 | AJ47: 0.1485 | AK47: 0.1485 | AL47: 0.1484 | AM47: 0.1491
B48: =B47+30 -> 1330 | C48: 0.146 | D48: 0.1469 | E48: 0.1448 | F48: 0.1489 | G48: 0.1532 | H48: 0.1544 | I48: 0.1457 | J48: 0.1471 | K48: 0.1483 | L48: 0.1461 | M48: 0.1449 | N48: 0.1469 | O48: 0.1518 | P48: 0.1475 | Q48: 0.1522 | R48: 0.1486 | S48: 0.1483 | T48: 0.1492 | V48: 0.146 | W48: 0.1469 | X48: 0.1448 | Y48: 0.1461 | Z48: 0.1449 | AA48: 0.1469 | AB48: 0.1489 | AC48: 0.1532 | AD48: 0.1544 | AE48: 0.1518 | AF48: 0.1475 | AG48: 0.1522 | AH48: 0.1457 | AI48: 0.1471 | AJ48: 0.1483 | AK48: 0.1486 | AL48: 0.1483 | AM48: 0.1492
B49: =B48+30 -> 1360 | C49: 0.1461 | D49: 0.1468 | E49: 0.1448 | F49: 0.149 | G49: 0.1534 | H49: 0.1546 | I49: 0.1454 | J49: 0.1465 | K49: 0.1474 | L49: 0.1455 | M49: 0.1441 | N49: 0.1474 | O49: 0.1514 | P49: 0.1476 | Q49: 0.1524 | R49: 0.148 | S49: 0.1476 | T49: 0.1486 | V49: 0.1461 | W49: 0.1468 | X49: 0.1448 | Y49: 0.1455 | Z49: 0.1441 | AA49: 0.1474 | AB49: 0.149 | AC49: 0.1534 | AD49: 0.1546 | AE49: 0.1514 | AF49: 0.1476 | AG49: 0.1524 | AH49: 0.1454 | AI49: 0.1465 | AJ49: 0.1474 | AK49: 0.148 | AL49: 0.1476 | AM49: 0.1486
B50: =B49+30 -> 1390 | C50: 0.1459 | D50: 0.1465 | E50: 0.1449 | F50: 0.1489 | G50: 0.1535 | H50: 0.1547 | I50: 0.1451 | J50: 0.146 | K50: 0.1474 | L50: 0.1462 | M50: 0.1438 | N50: 0.1459 | O50: 0.1507 | P50: 0.1474 | Q50: 0.1523 | R50: 0.1479 | S50: 0.1474 | T50: 0.1484 | V50: 0.1459 | W50: 0.1465 | X50: 0.1449 | Y50: 0.1462 | Z50: 0.1438 | AA50: 0.1459 | AB50: 0.1489 | AC50: 0.1535 | AD50: 0.1547 | AE50: 0.1507 | AF50: 0.1474 | AG50: 0.1523 | AH50: 0.1451 | AI50: 0.146 | AJ50: 0.1474 | AK50: 0.1479 | AL50: 0.1474 | AM50: 0.1484
B51: =B50+30 -> 1420 | C51: 0.1461 | D51: 0.1463 | E51: 0.1447 | F51: 0.1485 | G51: 0.1526 | H51: 0.1543 | I51: 0.1448 | J51: 0.146 | K51: 0.1471 | L51: 0.1462 | M51: 0.1444 | N51: 0.1467 | O51: 0.1498 | P51: 0.1468 | Q51: 0.1518 | R51: 0.1481 | S51: 0.1473 | T51: 0.149 | V51: 0.1461 | W51: 0.1463 | X51: 0.1447 | Y51: 0.1462 | Z51: 0.1444 | AA51: 0.1467 | AB51: 0.1485 | AC51: 0.1526 | AD51: 0.1543 | AE51: 0.1498 | AF51: 0.1468 | AG51: 0.1518 | AH51: 0.1448 | AI51: 0.146 | AJ51: 0.1471 | AK51: 0.1481 | AL51: 0.1473 | AM51: 0.149
B52: =B51+30 -> 1450 | C52: 0.1454 | D52: 0.1463 | E52: 0.1449 | F52: 0.1466 | G52: 0.1512 | H52: 0.1534 | I52: 0.1443 | J52: 0.1458 | K52: 0.147 | L52: 0.1461 | M52: 0.1437 | N52: 0.1459 | O52: 0.1493 | P52: 0.1459 | Q52: 0.1508 | R52: 0.1475 | S52: 0.1471 | T52: 0.148 | V52: 0.1454 | W52: 0.1463 | X52: 0.1449 | Y52: 0.1461 | Z52: 0.1437 | AA52: 0.1459 | AB52: 0.1466 | AC52: 0.1512 | AD52: 0.1534 | AE52: 0.1493 | AF52: 0.1459 | AG52: 0.1508 | AH52: 0.1443 | AI52: 0.1458 | AJ52: 0.147 | AK52: 0.1475 | AL52: 0.1471 | AM52: 0.148
B53: =B52+30 -> 1480 | C53: 0.1454 | D53: 0.1459 | E53: 0.1445 | F53: 0.1469 | G53: 0.1513 | H53: 0.1527 | I53: 0.1438 | J53: 0.1457 | K53: 0.1461 | L53: 0.146 | M53: 0.1439 | N53: 0.1457 | O53: 0.1496 | P53: 0.1455 | Q53: 0.1503 | R53: 0.1475 | S53: 0.1469 | T53: 0.1484 | V53: 0.1454 | W53: 0.1459 | X53: 0.1445 | Y53: 0.146 | Z53: 0.1439 | AA53: 0.1457 | AB53: 0.1469 | AC53: 0.1513 | AD53: 0.1527 | AE53: 0.1496 | AF53: 0.1455 | AG53: 0.1503 | AH53: 0.1438 | AI53: 0.1457 | AJ53: 0.1461 | AK53: 0.1475 | AL53: 0.1469 | AM53: 0.1484
B54: =B53+30 -> 1510 | C54: 0.1449 | D54: 0.1455 | E54: 0.1448 | F54: 0.1467 | G54: 0.1509 | H54: 0.1522 | I54: 0.1438 | J54: 0.1454 | K54: 0.1468 | L54: 0.1458 | M54: 0.1437 | N54: 0.1455 | O54: 0.1493 | P54: 0.1454 | Q54: 0.1504 | R54: 0.1472 | S54: 0.1467 | T54: 0.1478 | V54: 0.1449 | W54: 0.1455 | X54: 0.1448 | Y54: 0.1458 | Z54: 0.1437 | AA54: 0.1455 | AB54: 0.1467 | AC54: 0.1509 | AD54: 0.1522 | AE54: 0.1493 | AF54: 0.1454 | AG54: 0.1504 | AH54: 0.1438 | AI54: 0.1454 | AJ54: 0.1468 | AK54: 0.1472 | AL54: 0.1467 | AM54: 0.1478
B55: =B54+30 -> 1540 | C55: 0.1449 | D55: 0.1456 | E55: 0.1449 | F55: 0.1468 | G55: 0.1509 | H55: 0.152 | I55: 0.1434 | J55: 0.145 | K55: 0.1461 | L55: 0.1457 | M55: 0.1434 | N55: 0.1453 | O55: 0.1498 | P55: 0.1451 | Q55: 0.1503 | R55: 0.1469 | S55: 0.1467 | T55: 0.148 | V55: 0.1449 | W55: 0.1456 | X55: 0.1449 | Y55: 0.1457 | Z55: 0.1434 | AA55: 0.1453 | AB55: 0.1468 | AC55: 0.1509 | AD55: 0.152 | AE55: 0.1498 | AF55: 0.1451 | AG55: 0.1503 | AH55: 0.1434 | AI55: 0.145 | AJ55: 0.1461 | AK55: 0.1469 | AL55: 0.1467 | AM55: 0.148
B56: =B55+30 -> 1570 | C56: 0.1447 | D56: 0.1453 | E56: 0.1449 | F56: 0.147 | G56: 0.151 | H56: 0.1521 | I56: 0.1434 | J56: 0.1451 | K56: 0.1464 | L56: 0.1456 | M56: 0.1434 | N56: 0.1451 | O56: 0.1495 | P56: 0.1451 | Q56: 0.1503 | R56: 0.1472 | S56: 0.1465 | T56: 0.148 | V56: 0.1447 | W56: 0.1453 | X56: 0.1449 | Y56: 0.1456 | Z56: 0.1434 | AA56: 0.1451 | AB56: 0.147 | AC56: 0.151 | AD56: 0.1521 | AE56: 0.1495 | AF56: 0.1451 | AG56: 0.1503 | AH56: 0.1434 | AI56: 0.1451 | AJ56: 0.1464 | AK56: 0.1472 | AL56: 0.1465 | AM56: 0.148
B57: =B56+30 -> 1600 | C57: 0.1446 | D57: 0.1453 | E57: 0.1451 | F57: 0.1467 | G57: 0.1504 | H57: 0.1519 | I57: 0.1438 | J57: 0.1449 | K57: 0.1462 | L57: 0.1452 | M57: 0.143 | N57: 0.1448 | O57: 0.1492 | P57: 0.1453 | Q57: 0.1501 | R57: 0.1469 | S57: 0.1465 | T57: 0.1479 | V57: 0.1446 | W57: 0.1453 | X57: 0.1451 | Y57: 0.1452 | Z57: 0.143 | AA57: 0.1448 | AB57: 0.1467 | AC57: 0.1504 | AD57: 0.1519 | AE57: 0.1492 | AF57: 0.1453 | AG57: 0.1501 | AH57: 0.1438 | AI57: 0.1449 | AJ57: 0.1462 | AK57: 0.1469 | AL57: 0.1465 | AM57: 0.1479
... B89: =B88+30 -> 2560 | C89: 0.1404 | D89: 0.1417 | E89: 0.1442 | F89: 0.1464 | G89: 0.1515 | H89: 0.1523 | I89: 0.1424 | J89: 0.1445 | K89: 0.1449 | L89: 0.146 | M89: 0.141 | N89: 0.1436 | O89: 0.1483 | P89: 0.1453 | Q89: 0.1506 | R89: 0.1453 | S89: 0.1448 | T89: 0.1453 | V89: 0.1404 | W89: 0.1417 | X89: 0.1442 | Y89: 0.146 | Z89: 0.141 | AA89: 0.1436 | AB89: 0.1464 | AC89: 0.1515 | AD89: 0.1523 | AE89: 0.1483 | AF89: 0.1453 | AG89: 0.1506 | AH89: 0.1424 | AI89: 0.1445 | AJ89: 0.1449 | AK89: 0.1453 | AL89: 0.1448 | AM89: 0.1453
A90: 46076.732 | B90: =B89+30 -> 2590 | C90: 0.1405 | D90: 0.1416 | E90: 0.1441 | F90: 0.1464 | G90: 0.1513 | H90: 0.1523 | I90: 0.1423 | J90: 0.1443 | K90: 0.1449 | L90: 0.1463 | M90: 0.141 | N90: 0.1438 | O90: 0.1485 | P90: 0.1453 | Q90: 0.1508 | R90: 0.1454 | S90: 0.1448 | T90: 0.1453 | V90: 0.1405 | W90: 0.1416 | X90: 0.1441 | Y90: 0.1463 | Z90: 0.141 | AA90: 0.1438 | AB90: 0.1464 | AC90: 0.1513 | AD90: 0.1523 | AE90: 0.1485 | AF90: 0.1453 | AG90: 0.1508 | AH90: 0.1423 | AI90: 0.1443 | AJ90: 0.1449 | AK90: 0.1454 | AL90: 0.1448 | AM90: 0.1453
B93: △ | C93: =C90-C3 -> -0.017 | D93: =D90-D3 -> -0.0167 | E93: =E90-E3 -> -0.0115 | F93: =F90-F3 -> -0.0085 | G93: =G90-G3 -> -0.0098 | H93: =H90-H3 -> -0.0054 | I93: =I90-I3 -> -0.0142 | J93: =J90-J3 -> -0.0124 | ... T93: =T90-T3 -> -0.0271

Sheet r1.raw.Syn
A1: Data-Time | B1: Time | C1: Dark | L1: IR | V1: RAW
A2: Data-Time | B2: Time 1 | C2: Dark-Syn-C1 | D2: Dark-Syn-C2 | E2: Dark-Syn-C3 | F2: Dark-Syn-Ac1 | G2: Dark-Syn-Ac2 | H2: Dark-Syn-Ac3 | I2: Dark-Syn-S1 | J2: Dark-Syn-S2 | K2: Dark-Syn-S3 | L2: IR-Syn-C1 | M2: IR-Syn-C2 | N2: IR-Syn-C3 | O2: IR-Syn-Ac1 | P2: IR-Syn-Ac2 | Q2: IR-Syn-Ac3 | R2: IR-Syn-S1 | S2: IR-Syn-S2 | T2: IR-Syn-S3 | U2: Tips | V2: C-D | Y2: C-I | AB2: Ac-D | AE2: Ac-I | AH2: S-D | AK2: S-I
A3: 46063.842 | B3: 0 | C3: 0.1374 | D3: 0.1384 | E3: 0.1354 | F3: 0.139 | G3: 0.1345 | H3: 0.1337 | I3: 0.1304 | J3: 0.134 | K3: 0.1318 | L3: 0.1379 | M3: 0.1348 | N3: 0.1372 | O3: 0.1326 | P3: 0.1367 | Q3: 0.1417 | R3: 0.1373 | S3: 0.1325 | T3: 0.1338 | V3: 0.1374 | W3: 0.1384 | X3: 0.1354 | Y3: 0.1379 | Z3: 0.1348 | AA3: 0.1372 | AB3: 0.139 | AC3: 0.1345 | AD3: 0.1337 | AE3: 0.1326 | AF3: 0.1367 | AG3: 0.1417 | AH3: 0.1304 | AI3: 0.134 | AJ3: 0.1318 | AK3: 0.1373 | AL3: 0.1325 | AM3: 0.1338
B4: =B3+30 -> 30 | C4: 0.1384 | D4: 0.1392 | E4: 0.1364 | F4: 0.1401 | G4: 0.1357 | H4: 0.1354 | I4: 0.1315 | J4: 0.1344 | K4: 0.1328 | L4: 0.1401 | M4: 0.137 | N4: 0.1388 | O4: 0.1349 | P4: 0.1381 | Q4: 0.1443 | R4: 0.1394 | S4: 0.1337 | T4: 0.1355 | V4: 0.1384 | W4: 0.1392 | X4: 0.1364 | Y4: 0.1401 | Z4: 0.137 | AA4: 0.1388 | AB4: 0.1401 | AC4: 0.1357 | AD4: 0.1354 | AE4: 0.1349 | AF4: 0.1381 | AG4: 0.1443 | AH4: 0.1315 | AI4: 0.1344 | AJ4: 0.1328 | AK4: 0.1394 | AL4: 0.1337 | AM4: 0.1355
B5: =B4+30 -> 60 | C5: 0.1393 | D5: 0.1401 | E5: 0.1369 | F5: 0.141 | G5: 0.1368 | H5: 0.1365 | I5: 0.1316 | J5: 0.1347 | K5: 0.1342 | L5: 0.141 | M5: 0.1379 | N5: 0.1392 | O5: 0.1358 | P5: 0.1387 | Q5: 0.1457 | R5: 0.1407 | S5: 0.1352 | T5: 0.1371 | V5: 0.1393 | W5: 0.1401 | X5: 0.1369 | Y5: 0.141 | Z5: 0.1379 | AA5: 0.1392 | AB5: 0.141 | AC5: 0.1368 | AD5: 0.1365 | AE5: 0.1358 | AF5: 0.1387 | AG5: 0.1457 | AH5: 0.1316 | AI5: 0.1347 | AJ5: 0.1342 | AK5: 0.1407 | AL5: 0.1352 | AM5: 0.1371
B6: =B5+30 -> 90 | C6: 0.1398 | D6: 0.1425 | E6: 0.1361 | F6: 0.1419 | G6: 0.1372 | H6: 0.136 | I6: 0.1321 | J6: 0.1352 | K6: 0.135 | L6: 0.14 | M6: 0.1392 | N6: 0.1398 | O6: 0.1344 | P6: 0.14 | Q6: 0.1781 | R6: 0.1417 | S6: 0.1369 | T6: 0.1673 | V6: 0.1398 | W6: 0.1425 | X6: 0.1361 | Y6: 0.14 | Z6: 0.1392 | AA6: 0.1398 | AB6: 0.1419 | AC6: 0.1372 | AD6: 0.136 | AE6: 0.1344 | AF6: 0.14 | AG6: 0.1781 | AH6: 0.1321 | AI6: 0.1352 | AJ6: 0.135 | AK6: 0.1417 | AL6: 0.1369 | AM6: 0.1673
B7: =B6+30 -> 120 | C7: 0.1398 | D7: 0.1406 | E7: 0.1367 | F7: 0.14 | G7: 0.1369 | H7: 0.1365 | I7: 0.1322 | J7: 0.1355 | K7: 0.1351 | L7: 0.1412 | M7: 0.1366 | N7: 0.1422 | O7: 0.1361 | P7: 0.1394 | Q7: 0.162 | R7: 0.1409 | S7: 0.1387 | T7: 0.1849 | V7: 0.1398 | W7: 0.1406 | X7: 0.1367 | Y7: 0.1412 | Z7: 0.1366 | AA7: 0.1422 | AB7: 0.14 | AC7: 0.1369 | AD7: 0.1365 | AE7: 0.1361 | AF7: 0.1394 | AG7: 0.162 | AH7: 0.1322 | AI7: 0.1355 | AJ7: 0.1351 | AK7: 0.1409 | AL7: 0.1387 | AM7: 0.1849
B8: =B7+30 -> 150 | C8: 0.1397 | D8: 0.14 | E8: 0.1371 | F8: 0.1407 | G8: 0.1345 | H8: 0.1362 | I8: 0.132 | J8: 0.1342 | K8: 0.1345 | L8: 0.1406 | M8: 0.1379 | N8: 0.148 | O8: 0.1352 | P8: 0.1386 | Q8: 0.1814 | R8: 0.1393 | S8: 0.1377 | T8: 0.1858 | V8: 0.1397 | W8: 0.14 | X8: 0.1371 | Y8: 0.1406 | Z8: 0.1379 | AA8: 0.148 | AB8: 0.1407 | AC8: 0.1345 | AD8: 0.1362 | AE8: 0.1352 | AF8: 0.1386 | AG8: 0.1814 | AH8: 0.132 | AI8: 0.1342 | AJ8: 0.1345 | AK8: 0.1393 | AL8: 0.1377 | AM8: 0.1858
B9: =B8+30 -> 180 | C9: 0.1395 | D9: 0.1395 | E9: 0.1374 | F9: 0.1418 | G9: 0.1351 | H9: 0.1364 | I9: 0.1318 | J9: 0.1339 | K9: 0.1342 | L9: 0.1408 | M9: 0.1376 | N9: 0.1455 | O9: 0.135 | P9: 0.1385 | Q9: 0.176 | R9: 0.1393 | S9: 0.1377 | T9: 0.154 | V9: 0.1395 | W9: 0.1395 | X9: 0.1374 | Y9: 0.1408 | Z9: 0.1376 | AA9: 0.1455 | AB9: 0.1418 | AC9: 0.1351 | AD9: 0.1364 | AE9: 0.135 | AF9: 0.1385 | AG9: 0.176 | AH9: 0.1318 | AI9: 0.1339 | AJ9: 0.1342 | AK9: 0.1393 | AL9: 0.1377 | AM9: 0.154
B10: =B9+30 -> 210 | C10: 0.1385 | D10: 0.1391 | E10: 0.1371 | F10: 0.1423 | G10: 0.136 | H10: 0.136 | I10: 0.1317 | J10: 0.1331 | K10: 0.1335 | L10: 0.1409 | M10: 0.1375 | N10: 0.1397 | O10: 0.1344 | P10: 0.1377 | Q10: 0.1525 | R10: 0.1391 | S10: 0.1372 | T10: 0.1524 | V10: 0.1385 | W10: 0.1391 | X10: 0.1371 | Y10: 0.1409 | Z10: 0.1375 | AA10: 0.1397 | AB10: 0.1423 | AC10: 0.136 | AD10: 0.136 | AE10: 0.1344 | AF10: 0.1377 | AG10: 0.1525 | AH10: 0.1317 | AI10: 0.1331 | AJ10: 0.1335 | AK10: 0.1391 | AL10: 0.1372 | AM10: 0.1524
B11: =B10+30 -> 240 | C11: 0.1389 | D11: 0.1384 | E11: 0.1363 | F11: 0.1403 | G11: 0.1354 | H11: 0.1347 | I11: 0.1325 | J11: 0.1341 | K11: 0.1337 | L11: 0.1402 | M11: 0.1373 | N11: 0.1396 | O11: 0.1349 | P11: 0.1375 | Q11: 0.1612 | R11: 0.1386 | S11: 0.1368 | T11: 0.1648 | V11: 0.1389 | W11: 0.1384 | X11: 0.1363 | Y11: 0.1402 | Z11: 0.1373 | AA11: 0.1396 | AB11: 0.1403 | AC11: 0.1354 | AD11: 0.1347 | AE11: 0.1349 | AF11: 0.1375 | AG11: 0.1612 | AH11: 0.1325 | AI11: 0.1341 | AJ11: 0.1337 | AK11: 0.1386 | AL11: 0.1368 | AM11: 0.1648
B12: =B11+30 -> 270 | C12: 0.1379 | D12: 0.1379 | E12: 0.1351 | F12: 0.1428 | G12: 0.1349 | H12: 0.1347 | I12: 0.1316 | J12: 0.1332 | K12: 0.1322 | L12: 0.1401 | M12: 0.1371 | N12: 0.1407 | O12: 0.1349 | P12: 0.1366 | Q12: 0.1766 | R12: 0.1383 | S12: 0.1359 | T12: 0.1565 | V12: 0.1379 | W12: 0.1379 | X12: 0.1351 | Y12: 0.1401 | Z12: 0.1371 | AA12: 0.1407 | AB12: 0.1428 | AC12: 0.1349 | AD12: 0.1347 | AE12: 0.1349 | AF12: 0.1366 | AG12: 0.1766 | AH12: 0.1316 | AI12: 0.1332 | AJ12: 0.1322 | AK12: 0.1383 | AL12: 0.1359 | AM12: 0.1565
B13: =B12+30 -> 300 | C13: 0.1376 | D13: 0.1372 | E13: 0.1348 | F13: 0.1419 | G13: 0.1345 | H13: 0.1337 | I13: 0.1308 | J13: 0.1331 | K13: 0.1334 | L13: 0.1396 | M13: 0.1375 | N13: 0.1378 | O13: 0.135 | P13: 0.1369 | Q13: 0.1496 | R13: 0.1381 | S13: 0.136 | T13: 0.1594 | V13: 0.1376 | W13: 0.1372 | X13: 0.1348 | Y13: 0.1396 | Z13: 0.1375 | AA13: 0.1378 | AB13: 0.1419 | AC13: 0.1345 | AD13: 0.1337 | AE13: 0.135 | AF13: 0.1369 | AG13: 0.1496 | AH13: 0.1308 | AI13: 0.1331 | AJ13: 0.1334 | AK13: 0.1381 | AL13: 0.136 | AM13: 0.1594
B14: =B13+30 -> 330 | C14: 0.1367 | D14: 0.1365 | E14: 0.1344 | F14: 0.1416 | G14: 0.1339 | H14: 0.1336 | I14: 0.1303 | J14: 0.1325 | K14: 0.1326 | L14: 0.1386 | M14: 0.1373 | N14: 0.1368 | O14: 0.1347 | P14: 0.1354 | Q14: 0.1783 | R14: 0.1374 | S14: 0.1359 | T14: 0.1505 | V14: 0.1367 | W14: 0.1365 | X14: 0.1344 | Y14: 0.1386 | Z14: 0.1373 | AA14: 0.1368 | AB14: 0.1416 | AC14: 0.1339 | AD14: 0.1336 | AE14: 0.1347 | AF14: 0.1354 | AG14: 0.1783 | AH14: 0.1303 | AI14: 0.1325 | AJ14: 0.1326 | AK14: 0.1374 | AL14: 0.1359 | AM14: 0.1505
B15: =B14+30 -> 360 | C15: 0.1364 | D15: 0.1363 | E15: 0.1339 | F15: 0.1394 | G15: 0.1333 | H15: 0.1328 | I15: 0.1305 | J15: 0.1336 | K15: 0.1318 | L15: 0.139 | M15: 0.138 | N15: 0.1409 | O15: 0.1346 | P15: 0.1358 | Q15: 0.1759 | R15: 0.136 | S15: 0.1346 | T15: 0.1501 | V15: 0.1364 | W15: 0.1363 | X15: 0.1339 | Y15: 0.139 | Z15: 0.138 | AA15: 0.1409 | AB15: 0.1394 | AC15: 0.1333 | AD15: 0.1328 | AE15: 0.1346 | AF15: 0.1358 | AG15: 0.1759 | AH15: 0.1305 | AI15: 0.1336 | AJ15: 0.1318 | AK15: 0.136 | AL15: 0.1346 | AM15: 0.1501
... B29: =B28+30 -> 780 | C29: 0.1311 | D29: 0.133 | E29: 0.1322 | F29: 0.145 | G29: 0.1286 | H29: 0.1268 | I29: 0.1289 | J29: 0.1275 | K29: 0.1255 | L29: 0.1412 | M29: 0.1388 | N29: 0.1315 | O29: 0.1324 | P29: 0.1319 | Q29: 0.1636 | R29: 0.1322 | S29: 0.1305 | T29: 0.1464 | V29: 0.1311 | W29: 0.133 | X29: 0.1322 | Y29: 0.1412 | Z29: 0.1388 | AA29: 0.1315 | AB29: 0.145 | AC29: 0.1286 | AD29: 0.1268 | AE29: 0.1324 | AF29: 0.1319 | AG29: 0.1636 | AH29: 0.1289 | AI29: 0.1275 | AJ29: 0.1255 | AK29: 0.1322 | AL29: 0.1305 | AM29: 0.1464
B30: =B29+40 -> 820 | C30: 0.1306 | D30: 0.132 | E30: 0.1323 | F30: 0.1465 | G30: 0.1293 | H30: 0.1267 | I30: 0.1285 | J30: 0.1277 | K30: 0.1251 | L30: 0.1417 | M30: 0.139 | N30: 0.131 | O30: 0.1328 | P30: 0.1317 | Q30: 0.1419 | R30: 0.1323 | S30: 0.1297 | T30: 0.1396 | V30: 0.1306 | W30: 0.132 | X30: 0.1323 | Y30: 0.1417 | Z30: 0.139 | AA30: 0.131 | AB30: 0.1465 | AC30: 0.1293 | AD30: 0.1267 | AE30: 0.1328 | AF30: 0.1317 | AG30: 0.1419 | AH30: 0.1285 | AI30: 0.1277 | AJ30: 0.1251 | AK30: 0.1323 | AL30: 0.1297 | AM30: 0.1396
B31: =B30+30 -> 850 | C31: 0.1303 | D31: 0.1324 | E31: 0.132 | F31: 0.1462 | G31: 0.1289 | H31: 0.1263 | I31: 0.128 | J31: 0.1278 | K31: 0.1248 | L31: 0.1415 | M31: 0.1386 | N31: 0.1304 | O31: 0.1331 | P31: 0.1314 | Q31: 0.1465 | R31: 0.1318 | S31: 0.1299 | T31: 0.1455 | V31: 0.1303 | W31: 0.1324 | X31: 0.132 | Y31: 0.1415 | Z31: 0.1386 | AA31: 0.1304 | AB31: 0.1462 | AC31: 0.1289 | AD31: 0.1263 | AE31: 0.1331 | AF31: 0.1314 | AG31: 0.1465 | AH31: 0.128 | AI31: 0.1278 | AJ31: 0.1248 | AK31: 0.1318 | AL31: 0.1299 | AM31: 0.1455
B32: =B31+30 -> 880 | C32: 0.13 | D32: 0.1323 | E32: 0.132 | F32: 0.1468 | G32: 0.1292 | H32: 0.1259 | I32: 0.1285 | J32: 0.128 | K32: 0.1243 | L32: 0.1414 | M32: 0.1386 | N32: 0.1303 | O32: 0.1335 | P32: 0.131 | Q32: 0.1649 | R32: 0.131 | S32: 0.1296 | T32: 0.136 | V32: 0.13 | W32: 0.1323 | X32: 0.132 | Y32: 0.1414 | Z32: 0.1386 | AA32: 0.1303 | AB32: 0.1468 | AC32: 0.1292 | AD32: 0.1259 | AE32: 0.1335 | AF32: 0.131 | AG32: 0.1649 | AH32: 0.1285 | AI32: 0.128 | AJ32: 0.1243 | AK32: 0.131 | AL32: 0.1296 | AM32: 0.136
B33: =B32+30 -> 910 | C33: 0.13 | D33: 0.1313 | E33: 0.1318 | F33: 0.1476 | G33: 0.1293 | H33: 0.1263 | I33: 0.1288 | J33: 0.1288 | K33: 0.1241 | L33: 0.1413 | M33: 0.1387 | N33: 0.1307 | O33: 0.134 | P33: 0.1309 | Q33: 0.1561 | R33: 0.131 | S33: 0.1297 | T33: 0.1331 | V33: 0.13 | W33: 0.1313 | X33: 0.1318 | Y33: 0.1413 | Z33: 0.1387 | AA33: 0.1307 | AB33: 0.1476 | AC33: 0.1293 | AD33: 0.1263 | AE33: 0.134 | AF33: 0.1309 | AG33: 0.1561 | AH33: 0.1288 | AI33: 0.1288 | AJ33: 0.1241 | AK33: 0.131 | AL33: 0.1297 | AM33: 0.1331
B34: =B33+30 -> 940 | C34: 0.1299 | D34: 0.1321 | E34: 0.1317 | F34: 0.1481 | G34: 0.1296 | H34: 0.1262 | I34: 0.1289 | J34: 0.1289 | K34: 0.1239 | L34: 0.1415 | M34: 0.1383 | N34: 0.1297 | O34: 0.1343 | P34: 0.131 | Q34: 0.172 | R34: 0.131 | S34: 0.1297 | T34: 0.1606 | V34: 0.1299 | W34: 0.1321 | X34: 0.1317 | Y34: 0.1415 | Z34: 0.1383 | AA34: 0.1297 | AB34: 0.1481 | AC34: 0.1296 | AD34: 0.1262 | AE34: 0.1343 | AF34: 0.131 | AG34: 0.172 | AH34: 0.1289 | AI34: 0.1289 | AJ34: 0.1239 | AK34: 0.131 | AL34: 0.1297 | AM34: 0.1606
B35: =B34+30 -> 970 | C35: 0.1298 | D35: 0.1319 | E35: 0.1318 | F35: 0.1482 | G35: 0.1296 | H35: 0.126 | I35: 0.1288 | J35: 0.1289 | K35: 0.1235 | L35: 0.1414 | M35: 0.1385 | N35: 0.1295 | O35: 0.1344 | P35: 0.1301 | Q35: 0.1469 | R35: 0.1303 | S35: 0.1291 | T35: 0.141 | V35: 0.1298 | W35: 0.1319 | X35: 0.1318 | Y35: 0.1414 | Z35: 0.1385 | AA35: 0.1295 | AB35: 0.1482 | AC35: 0.1296 | AD35: 0.126 | AE35: 0.1344 | AF35: 0.1301 | AG35: 0.1469 | AH35: 0.1288 | AI35: 0.1289 | AJ35: 0.1235 | AK35: 0.1303 | AL35: 0.1291 | AM35: 0.141
B36: =B35+30 -> 1000 | C36: 0.1294 | D36: 0.1319 | E36: 0.1316 | F36: 0.1484 | G36: 0.1294 | H36: 0.1257 | I36: 0.1281 | J36: 0.1289 | K36: 0.1233 | L36: 0.1415 | M36: 0.1384 | N36: 0.1294 | O36: 0.1352 | P36: 0.13 | Q36: 0.162 | R36: 0.1302 | S36: 0.1293 | T36: 0.1397 | V36: 0.1294 | W36: 0.1319 | X36: 0.1316 | Y36: 0.1415 | Z36: 0.1384 | AA36: 0.1294 | AB36: 0.1484 | AC36: 0.1294 | AD36: 0.1257 | AE36: 0.1352 | AF36: 0.13 | AG36: 0.162 | AH36: 0.1281 | AI36: 0.1289 | AJ36: 0.1233 | AK36: 0.1302 | AL36: 0.1293 | AM36: 0.1397
B37: =B36+10 -> 1010 | C37: 0.1294 | D37: 0.1313 | E37: 0.1318 | F37: 0.1489 | G37: 0.1299 | H37: 0.1255 | I37: 0.1285 | J37: 0.1288 | K37: 0.1232 | L37: 0.1415 | M37: 0.1383 | N37: 0.1287 | O37: 0.1346 | P37: 0.13 | Q37: 0.1399 | R37: 0.1303 | S37: 0.1285 | T37: 0.1504 | V37: 0.1294 | W37: 0.1313 | X37: 0.1318 | Y37: 0.1415 | Z37: 0.1383 | AA37: 0.1287 | AB37: 0.1489 | AC37: 0.1299 | AD37: 0.1255 | AE37: 0.1346 | AF37: 0.13 | AG37: 0.1399 | AH37: 0.1285 | AI37: 0.1288 | AJ37: 0.1232 | AK37: 0.1303 | AL37: 0.1285 | AM37: 0.1504
B38: =B37+30 -> 1040 | C38: 0.129 | D38: 0.1316 | E38: 0.1319 | F38: 0.1487 | G38: 0.1302 | H38: 0.1252 | I38: 0.1279 | J38: 0.1282 | K38: 0.1226 | L38: 0.1418 | M38: 0.1383 | N38: 0.1286 | O38: 0.1355 | P38: 0.13 | Q38: 0.1408 | R38: 0.1297 | S38: 0.1284 | T38: 0.1646 | V38: 0.129 | W38: 0.1316 | X38: 0.1319 | Y38: 0.1418 | Z38: 0.1383 | AA38: 0.1286 | AB38: 0.1487 | AC38: 0.1302 | AD38: 0.1252 | AE38: 0.1355 | AF38: 0.13 | AG38: 0.1408 | AH38: 0.1279 | AI38: 0.1282 | AJ38: 0.1226 | AK38: 0.1297 | AL38: 0.1284 | AM38: 0.1646
B39: =B38+30 -> 1070 | C39: 0.1285 | D39: 0.1311 | E39: 0.1316 | F39: 0.149 | G39: 0.13 | H39: 0.1249 | I39: 0.1281 | J39: 0.1292 | K39: 0.123 | L39: 0.1421 | M39: 0.1379 | N39: 0.1278 | O39: 0.1352 | P39: 0.13 | Q39: 0.1699 | R39: 0.1297 | S39: 0.1284 | T39: 0.1559 | V39: 0.1285 | W39: 0.1311 | X39: 0.1316 | Y39: 0.1421 | Z39: 0.1379 | AA39: 0.1278 | AB39: 0.149 | AC39: 0.13 | AD39: 0.1249 | AE39: 0.1352 | AF39: 0.13 | AG39: 0.1699 | AH39: 0.1281 | AI39: 0.1292 | AJ39: 0.123 | AK39: 0.1297 | AL39: 0.1284 | AM39: 0.1559
B40: =B39+30 -> 1100 | C40: 0.1279 | D40: 0.1324 | E40: 0.1318 | F40: 0.1498 | G40: 0.1297 | H40: 0.1245 | I40: 0.1265 | J40: 0.1282 | K40: 0.1222 | L40: 0.1426 | M40: 0.1376 | N40: 0.1276 | O40: 0.1359 | P40: 0.1299 | Q40: 0.159 | R40: 0.1289 | S40: 0.1277 | T40: 0.1471 | V40: 0.1279 | W40: 0.1324 | X40: 0.1318 | Y40: 0.1426 | Z40: 0.1376 | AA40: 0.1276 | AB40: 0.1498 | AC40: 0.1297 | AD40: 0.1245 | AE40: 0.1359 | AF40: 0.1299 | AG40: 0.159 | AH40: 0.1265 | AI40: 0.1282 | AJ40: 0.1222 | AK40: 0.1289 | AL40: 0.1277 | AM40: 0.1471
B41: =B40+30 -> 1130 | C41: 0.1281 | D41: 0.1309 | E41: 0.1316 | F41: 0.1502 | G41: 0.1305 | H41: 0.1245 | I41: 0.1274 | J41: 0.1289 | K41: 0.1223 | L41: 0.1426 | M41: 0.1379 | N41: 0.1275 | O41: 0.1353 | P41: 0.13 | Q41: 0.1476 | R41: 0.1289 | S41: 0.1279 | T41: 0.1547 | V41: 0.1281 | W41: 0.1309 | X41: 0.1316 | Y41: 0.1426 | Z41: 0.1379 | AA41: 0.1275 | AB41: 0.1502 | AC41: 0.1305 | AD41: 0.1245 | AE41: 0.1353 | AF41: 0.13 | AG41: 0.1476 | AH41: 0.1274 | AI41: 0.1289 | AJ41: 0.1223 | AK41: 0.1289 | AL41: 0.1279 | AM41: 0.1547
B42: =B41+30 -> 1160 | C42: 0.1277 | D42: 0.1312 | E42: 0.1315 | F42: 0.1517 | G42: 0.1303 | H42: 0.1245 | I42: 0.127 | J42: 0.1289 | K42: 0.1223 | L42: 0.1433 | M42: 0.1378 | N42: 0.127 | O42: 0.1361 | P42: 0.1308 | Q42: 0.1773 | R42: 0.1285 | S42: 0.1279 | T42: 0.1496 | V42: 0.1277 | W42: 0.1312 | X42: 0.1315 | Y42: 0.1433 | Z42: 0.1378 | AA42: 0.127 | AB42: 0.1517 | AC42: 0.1303 | AD42: 0.1245 | AE42: 0.1361 | AF42: 0.1308 | AG42: 0.1773 | AH42: 0.127 | AI42: 0.1289 | AJ42: 0.1223 | AK42: 0.1285 | AL42: 0.1279 | AM42: 0.1496
A43: 46075.762 | B43: =B42+30 -> 1190 | C43: 0.1273 | D43: 0.1308 | E43: 0.1316 | F43: 0.1517 | G43: 0.1305 | H43: 0.1243 | I43: 0.1266 | J43: 0.129 | K43: 0.122 | L43: 0.1429 | M43: 0.1374 | N43: 0.1268 | O43: 0.1369 | P43: 0.1305 | Q43: 0.1642 | R43: 0.1283 | S43: 0.1275 | T43: 0.1518 | V43: 0.1273 | W43: 0.1308 | X43: 0.1316 | Y43: 0.1429 | Z43: 0.1374 | AA43: 0.1268 | AB43: 0.1517 | AC43: 0.1305 | AD43: 0.1243 | AE43: 0.1369 | AF43: 0.1305 | AG43: 0.1642 | AH43: 0.1266 | AI43: 0.129 | AJ43: 0.122 | AK43: 0.1283 | AL43: 0.1275 | AM43: 0.1518
A44: 46075.767 | B44: =B43+10 -> 1200 | C44: 0.1301 | D44: 0.1336 | E44: 0.1326 | F44: 0.1586 | G44: 0.1335 | H44: 0.1242 | I44: 0.133 | J44: 0.1341 | K44: 0.122 | L44: 0.1462 | M44: 0.1432 | N44: 0.1423 | O44: 0.1445 | P44: 0.1331 | Q44: 0.1681 | R44: 0.1323 | S44: 0.1307 | T44: 0.1377 | V44: 0.1301 | W44: 0.1336 | X44: 0.1326 | Y44: 0.1462 | Z44: 0.1432 | AA44: 0.1423 | AB44: 0.1586 | AC44: 0.1335 | AD44: 0.1242 | AE44: 0.1445 | AF44: 0.1331 | AG44: 0.1681 | AH44: 0.133 | AI44: 0.1341 | AJ44: 0.122 | AK44: 0.1323 | AL44: 0.1307 | AM44: 0.1377
A45: 46075.794 | B45: =B44+40 -> 1240 | C45: 0.1292 | D45: 0.1333 | E45: 0.132 | F45: 0.154 | G45: 0.1333 | H45: 0.124 | I45: 0.1305 | J45: 0.133 | K45: 0.1226 | L45: 0.1468 | M45: 0.1432 | N45: 0.1428 | O45: 0.1416 | P45: 0.1338 | Q45: 0.1497 | R45: 0.1306 | S45: 0.1278 | T45: 0.1477 | V45: 0.1292 | W45: 0.1333 | X45: 0.132 | Y45: 0.1468 | Z45: 0.1432 | AA45: 0.1428 | AB45: 0.154 | AC45: 0.1333 | AD45: 0.124 | AE45: 0.1416 | AF45: 0.1338 | AG45: 0.1497 | AH45: 0.1305 | AI45: 0.133 | AJ45: 0.1226 | AK45: 0.1306 | AL45: 0.1278 | AM45: 0.1477
B46: =B45+30 -> 1270 | C46: 0.1286 | D46: 0.1309 | E46: 0.1311 | F46: 0.1491 | G46: 0.1299 | H46: 0.1241 | I46: 0.1266 | J46: 0.1282 | K46: 0.1222 | L46: 0.1417 | M46: 0.1377 | N46: 0.1261 | O46: 0.1362 | P46: 0.1307 | Q46: 0.1592 | R46: 0.1281 | S46: 0.1269 | T46: 0.1392 | V46: 0.1286 | W46: 0.1309 | X46: 0.1311 | Y46: 0.1417 | Z46: 0.1377 | AA46: 0.1261 | AB46: 0.1491 | AC46: 0.1299 | AD46: 0.1241 | AE46: 0.1362 | AF46: 0.1307 | AG46: 0.1592 | AH46: 0.1266 | AI46: 0.1282 | AJ46: 0.1222 | AK46: 0.1281 | AL46: 0.1269 | AM46: 0.1392
B47: =B46+30 -> 1300 | C47: 0.1287 | D47: 0.1308 | E47: 0.1314 | F47: 0.1493 | G47: 0.1305 | H47: 0.1242 | I47: 0.1267 | J47: 0.1284 | K47: 0.122 | L47: 0.1423 | M47: 0.1379 | N47: 0.1265 | O47: 0.1362 | P47: 0.1314 | Q47: 0.1378 | R47: 0.1277 | S47: 0.1261 | T47: 0.1359 | V47: 0.1287 | W47: 0.1308 | X47: 0.1314 | Y47: 0.1423 | Z47: 0.1379 | AA47: 0.1265 | AB47: 0.1493 | AC47: 0.1305 | AD47: 0.1242 | AE47: 0.1362 | AF47: 0.1314 | AG47: 0.1378 | AH47: 0.1267 | AI47: 0.1284 | AJ47: 0.122 | AK47: 0.1277 | AL47: 0.1261 | AM47: 0.1359
B48: =B47+30 -> 1330 | C48: 0.1288 | D48: 0.1308 | E48: 0.1311 | F48: 0.1503 | G48: 0.1302 | H48: 0.1237 | I48: 0.1272 | J48: 0.1283 | K48: 0.122 | L48: 0.1419 | M48: 0.1373 | N48: 0.1266 | O48: 0.1367 | P48: 0.1322 | Q48: 0.1509 | R48: 0.1278 | S48: 0.1263 | T48: 0.1597 | V48: 0.1288 | W48: 0.1308 | X48: 0.1311 | Y48: 0.1419 | Z48: 0.1373 | AA48: 0.1266 | AB48: 0.1503 | AC48: 0.1302 | AD48: 0.1237 | AE48: 0.1367 | AF48: 0.1322 | AG48: 0.1509 | AH48: 0.1272 | AI48: 0.1283 | AJ48: 0.122 | AK48: 0.1278 | AL48: 0.1263 | AM48: 0.1597
B49: =B48+30 -> 1360 | C49: 0.1287 | D49: 0.1309 | E49: 0.1312 | F49: 0.1502 | G49: 0.1306 | H49: 0.1235 | I49: 0.1266 | J49: 0.1282 | K49: 0.1221 | L49: 0.1412 | M49: 0.137 | N49: 0.1261 | O49: 0.137 | P49: 0.132 | Q49: 0.1514 | R49: 0.1276 | S49: 0.1259 | T49: 0.1376 | V49: 0.1287 | W49: 0.1309 | X49: 0.1312 | Y49: 0.1412 | Z49: 0.137 | AA49: 0.1261 | AB49: 0.1502 | AC49: 0.1306 | AD49: 0.1235 | AE49: 0.137 | AF49: 0.132 | AG49: 0.1514 | AH49: 0.1266 | AI49: 0.1282 | AJ49: 0.1221 | AK49: 0.1276 | AL49: 0.1259 | AM49: 0.1376
B50: =B49+30 -> 1390 | C50: 0.129 | D50: 0.131 | E50: 0.131 | F50: 0.1502 | G50: 0.1312 | H50: 0.1231 | I50: 0.1264 | J50: 0.1277 | K50: 0.1219 | L50: 0.1427 | M50: 0.1366 | N50: 0.1257 | O50: 0.1371 | P50: 0.1322 | Q50: 0.1362 | R50: 0.1276 | S50: 0.1258 | T50: 0.1353 | V50: 0.129 | W50: 0.131 | X50: 0.131 | Y50: 0.1427 | Z50: 0.1366 | AA50: 0.1257 | AB50: 0.1502 | AC50: 0.1312 | AD50: 0.1231 | AE50: 0.1371 | AF50: 0.1322 | AG50: 0.1362 | AH50: 0.1264 | AI50: 0.1277 | AJ50: 0.1219 | AK50: 0.1276 | AL50: 0.1258 | AM50: 0.1353
B51: =B50+30 -> 1420 | C51: 0.1285 | D51: 0.1309 | E51: 0.1308 | F51: 0.1503 | G51: 0.1311 | H51: 0.1228 | I51: 0.1259 | J51: 0.1276 | K51: 0.1221 | L51: 0.1422 | M51: 0.1365 | N51: 0.1259 | O51: 0.1372 | P51: 0.1321 | Q51: 0.1519 | R51: 0.1272 | S51: 0.126 | T51: 0.1597 | V51: 0.1285 | W51: 0.1309 | X51: 0.1308 | Y51: 0.1422 | Z51: 0.1365 | AA51: 0.1259 | AB51: 0.1503 | AC51: 0.1311 | AD51: 0.1228 | AE51: 0.1372 | AF51: 0.1321 | AG51: 0.1519 | AH51: 0.1259 | AI51: 0.1276 | AJ51: 0.1221 | AK51: 0.1272 | AL51: 0.126 | AM51: 0.1597
B52: =B51+30 -> 1450 | C52: 0.1291 | D52: 0.1312 | E52: 0.1311 | F52: 0.1506 | G52: 0.1313 | H52: 0.1224 | I52: 0.1267 | J52: 0.1274 | K52: 0.1217 | L52: 0.1425 | M52: 0.1363 | N52: 0.1256 | O52: 0.1369 | P52: 0.1314 | Q52: 0.1501 | R52: 0.1269 | S52: 0.1256 | T52: 0.1297 | V52: 0.1291 | W52: 0.1312 | X52: 0.1311 | Y52: 0.1425 | Z52: 0.1363 | AA52: 0.1256 | AB52: 0.1506 | AC52: 0.1313 | AD52: 0.1224 | AE52: 0.1369 | AF52: 0.1314 | AG52: 0.1501 | AH52: 0.1267 | AI52: 0.1274 | AJ52: 0.1217 | AK52: 0.1269 | AL52: 0.1256 | AM52: 0.1297
B53: =B52+30 -> 1480 | C53: 0.1288 | D53: 0.1306 | E53: 0.1312 | F53: 0.15 | G53: 0.1313 | H53: 0.1223 | I53: 0.1263 | J53: 0.1273 | K53: 0.1219 | L53: 0.1419 | M53: 0.136 | N53: 0.1254 | O53: 0.1376 | P53: 0.1325 | Q53: 0.1647 | R53: 0.1273 | S53: 0.126 | T53: 0.148 | V53: 0.1288 | W53: 0.1306 | X53: 0.1312 | Y53: 0.1419 | Z53: 0.136 | AA53: 0.1254 | AB53: 0.15 | AC53: 0.1313 | AD53: 0.1223 | AE53: 0.1376 | AF53: 0.1325 | AG53: 0.1647 | AH53: 0.1263 | AI53: 0.1273 | AJ53: 0.1219 | AK53: 0.1273 | AL53: 0.126 | AM53: 0.148
B54: =B53+30 -> 1510 | C54: 0.1287 | D54: 0.1309 | E54: 0.1317 | F54: 0.1498 | G54: 0.1313 | H54: 0.122 | I54: 0.1262 | J54: 0.1272 | K54: 0.1214 | L54: 0.142 | M54: 0.1359 | N54: 0.1252 | O54: 0.1367 | P54: 0.1324 | Q54: 0.1383 | R54: 0.1272 | S54: 0.1249 | T54: 0.1378 | V54: 0.1287 | W54: 0.1309 | X54: 0.1317 | Y54: 0.142 | Z54: 0.1359 | AA54: 0.1252 | AB54: 0.1498 | AC54: 0.1313 | AD54: 0.122 | AE54: 0.1367 | AF54: 0.1324 | AG54: 0.1383 | AH54: 0.1262 | AI54: 0.1272 | AJ54: 0.1214 | AK54: 0.1272 | AL54: 0.1249 | AM54: 0.1378
B55: =B54+30 -> 1540 | C55: 0.1283 | D55: 0.1307 | E55: 0.1318 | F55: 0.1495 | G55: 0.1314 | H55: 0.1217 | I55: 0.1262 | J55: 0.1269 | K55: 0.1216 | L55: 0.1418 | M55: 0.1359 | N55: 0.1249 | O55: 0.1373 | P55: 0.1324 | Q55: 0.135 | R55: 0.127 | S55: 0.1251 | T55: 0.1552 | V55: 0.1283 | W55: 0.1307 | X55: 0.1318 | Y55: 0.1418 | Z55: 0.1359 | AA55: 0.1249 | AB55: 0.1495 | AC55: 0.1314 | AD55: 0.1217 | AE55: 0.1373 | AF55: 0.1324 | AG55: 0.135 | AH55: 0.1262 | AI55: 0.1269 | AJ55: 0.1216 | AK55: 0.127 | AL55: 0.1251 | AM55: 0.1552
B56: =B55+30 -> 1570 | C56: 0.1282 | D56: 0.1304 | E56: 0.1317 | F56: 0.1498 | G56: 0.1316 | H56: 0.1215 | I56: 0.1261 | J56: 0.1269 | K56: 0.1213 | L56: 0.1416 | M56: 0.1354 | N56: 0.125 | O56: 0.1367 | P56: 0.1329 | Q56: 0.1538 | R56: 0.1269 | S56: 0.1249 | T56: 0.1319 | V56: 0.1282 | W56: 0.1304 | X56: 0.1317 | Y56: 0.1416 | Z56: 0.1354 | AA56: 0.125 | AB56: 0.1498 | AC56: 0.1316 | AD56: 0.1215 | AE56: 0.1367 | AF56: 0.1329 | AG56: 0.1538 | AH56: 0.1261 | AI56: 0.1269 | AJ56: 0.1213 | AK56: 0.1269 | AL56: 0.1249 | AM56: 0.1319
B57: =B56+30 -> 1600 | C57: 0.1284 | D57: 0.1304 | E57: 0.1318 | F57: 0.1496 | G57: 0.1319 | H57: 0.1212 | I57: 0.1259 | J57: 0.127 | K57: 0.1215 | L57: 0.1416 | M57: 0.1352 | N57: 0.1246 | O57: 0.1367 | P57: 0.1324 | Q57: 0.1341 | R57: 0.127 | S57: 0.1251 | T57: 0.1387 | V57: 0.1284 | W57: 0.1304 | X57: 0.1318 | Y57: 0.1416 | Z57: 0.1352 | AA57: 0.1246 | AB57: 0.1496 | AC57: 0.1319 | AD57: 0.1212 | AE57: 0.1367 | AF57: 0.1324 | AG57: 0.1341 | AH57: 0.1259 | AI57: 0.127 | AJ57: 0.1215 | AK57: 0.127 | AL57: 0.1251 | AM57: 0.1387
... B89: =B88+30 -> 2560 | C89: 0.1286 | D89: 0.1264 | E89: 0.1332 | F89: 0.1495 | G89: 0.1317 | H89: 0.1155 | I89: 0.1219 | J89: 0.1214 | K89: 0.1174 | L89: 0.1376 | M89: 0.1312 | N89: 0.1195 | O89: 0.1467 | P89: 0.1266 | Q89: 0.1345 | R89: 0.1224 | S89: 0.1203 | T89: 0.1338 | V89: 0.1286 | W89: 0.1264 | X89: 0.1332 | Y89: 0.1376 | Z89: 0.1312 | AA89: 0.1195 | AB89: 0.1495 | AC89: 0.1317 | AD89: 0.1155 | AE89: 0.1467 | AF89: 0.1266 | AG89: 0.1345 | AH89: 0.1219 | AI89: 0.1214 | AJ89: 0.1174 | AK89: 0.1224 | AL89: 0.1203 | AM89: 0.1338
A90: 46076.732 | B90: =B89+30 -> 2590 | C90: 0.1285 | D90: 0.1258 | E90: 0.1338 | F90: 0.1486 | G90: 0.131 | H90: 0.1154 | I90: 0.1215 | J90: 0.121 | K90: 0.1172 | L90: 0.1369 | M90: 0.131 | N90: 0.1192 | O90: 0.1459 | P90: 0.1267 | Q90: 0.151 | R90: 0.1226 | S90: 0.1199 | T90: 0.1611 | V90: 0.1285 | W90: 0.1258 | X90: 0.1338 | Y90: 0.1369 | Z90: 0.131 | AA90: 0.1192 | AB90: 0.1486 | AC90: 0.131 | AD90: 0.1154 | AE90: 0.1459 | AF90: 0.1267 | AG90: 0.151 | AH90: 0.1215 | AI90: 0.121 | AJ90: 0.1172 | AK90: 0.1226 | AL90: 0.1199 | AM90: 0.1611
B93: △ | C93: =C90-C3 -> -0.0089 | D93: =D90-D3 -> -0.0126 | E93: =E90-E3 -> -0.0016 | F93: =F90-F3 -> 0.0096 | G93: =G90-G3 -> -0.0035 | H93: =H90-H3 -> -0.0183 | I93: =I90-I3 -> -0.0089 | J93: =J90-J3 -> -0.013 | ... T93: =T90-T3 -> 0.0273

Sheet r2.P
A1: Sample | B1: Time | C1: OD600 | D1: Group | E1: Light
A2: pd.1_Control_Dark | B2: 0 | C2: ='r2.raw.P'!C3 -> 0.1119 | D2: Control | E2: Dark
A3: pd.1_Control_Dark | B3: 30 | C3: ='r2.raw.P'!C4 -> 0.1093 | D3: Control | E3: Dark
A4: pd.1_Control_Dark | B4: 60 | C4: ='r2.raw.P'!C5 -> 0.1089 | D4: Control | E4: Dark
A5: pd.1_Control_Dark | B5: 90 | C5: ='r2.raw.P'!C6 -> 0.1091 | D5: Control | E5: Dark
A6: pd.1_Control_Dark | B6: 120 | C6: ='r2.raw.P'!C7 -> 0.109 | D6: Control | E6: Dark
A7: pd.1_Control_Dark | B7: 150 | C7: ='r2.raw.P'!C8 -> 0.1095 | D7: Control | E7: Dark
A8: pd.1_Control_Dark | B8: 180 | C8: ='r2.raw.P'!C9 -> 0.1092 | D8: Control | E8: Dark
A9: pd.1_Control_Dark | B9: 210 | C9: ='r2.raw.P'!C10 -> 0.1109 | D9: Control | E9: Dark
A10: pd.1_Control_Dark | B10: 240 | C10: ='r2.raw.P'!C11 -> 0.111 | D10: Control | E10: Dark
A11: pd.1_Control_Dark | B11: 270 | C11: ='r2.raw.P'!C12 -> 0.1107 | D11: Control | E11: Dark
A12: pd.1_Control_Dark | B12: 300 | C12: ='r2.raw.P'!C13 -> 0.1111 | D12: Control | E12: Dark
A13: pd.1_Control_Dark | B13: 330 | C13: ='r2.raw.P'!C14 -> 0.1108 | D13: Control | E13: Dark
... A97: pd.1_Control_Dark | B97: 2900 | C97: ='r2.raw.P'!C98 -> 0.1188 | D97: Control | E97: Dark
A98: pd.2_Control_Dark | B98: 0 | C98: ='r2.raw.P'!D3 -> 0.1107 | D98: Control | E98: Dark
A99: pd.2_Control_Dark | B99: 30 | C99: ='r2.raw.P'!D4 -> 0.1061 | D99: Control | E99: Dark
A100: pd.2_Control_Dark | B100: 60 | C100: ='r2.raw.P'!D5 -> 0.1065 | D100: Control | E100: Dark
A101: pd.2_Control_Dark | B101: 90 | C101: ='r2.raw.P'!D6 -> 0.1065 | D101: Control | E101: Dark
A102: pd.2_Control_Dark | B102: 120 | C102: ='r2.raw.P'!D7 -> 0.106 | D102: Control | E102: Dark
A103: pd.2_Control_Dark | B103: 150 | C103: ='r2.raw.P'!D8 -> 0.1091 | D103: Control | E103: Dark
A104: pd.2_Control_Dark | B104: 180 | C104: ='r2.raw.P'!D9 -> 0.1098 | D104: Control | E104: Dark
A105: pd.2_Control_Dark | B105: 210 | C105: ='r2.raw.P'!D10 -> 0.1109 | D105: Control | E105: Dark
A106: pd.2_Control_Dark | B106: 240 | C106: ='r2.raw.P'!D11 -> 0.1112 | D106: Control | E106: Dark
A107: pd.2_Control_Dark | B107: 270 | C107: ='r2.raw.P'!D12 -> 0.1105 | D107: Control | E107: Dark
A108: pd.2_Control_Dark | B108: 300 | C108: ='r2.raw.P'!D13 -> 0.1103 | D108: Control | E108: Dark
A109: pd.2_Control_Dark | B109: 330 | C109: ='r2.raw.P'!D14 -> 0.1104 | D109: Control | E109: Dark
... A193: pd.2_Control_Dark | B193: 2900 | C193: ='r2.raw.P'!D98 -> 0.1178 | D193: Control | E193: Dark
A194: pd.3_Control_Dark | B194: 0 | C194: ='r2.raw.P'!E3 -> 0.1092 | D194: Control | E194: Dark
A195: pd.3_Control_Dark | B195: 30 | C195: ='r2.raw.P'!E4 -> 0.1044 | D195: Control | E195: Dark
A196: pd.3_Control_Dark | B196: 60 | C196: ='r2.raw.P'!E5 -> 0.1043 | D196: Control | E196: Dark
A197: pd.3_Control_Dark | B197: 90 | C197: ='r2.raw.P'!E6 -> 0.1044 | D197: Control | E197: Dark
A198: pd.3_Control_Dark | B198: 120 | C198: ='r2.raw.P'!E7 -> 0.1044 | D198: Control | E198: Dark
A199: pd.3_Control_Dark | B199: 150 | C199: ='r2.raw.P'!E8 -> 0.1088 | D199: Control | E199: Dark
A200: pd.3_Control_Dark | B200: 180 | C200: ='r2.raw.P'!E9 -> 0.1087 | D200: Control | E200: Dark
A201: pd.3_Control_Dark | B201: 210 | C201: ='r2.raw.P'!E10 -> 0.1092 | D201: Control | E201: Dark
A202: pd.3_Control_Dark | B202: 240 | C202: ='r2.raw.P'!E11 -> 0.1101 | D202: Control | E202: Dark
A203: pd.3_Control_Dark | B203: 270 | C203: ='r2.raw.P'!E12 -> 0.1101 | D203: Control | E203: Dark
A204: pd.3_Control_Dark | B204: 300 | C204: ='r2.raw.P'!E13 -> 0.1106 | D204: Control | E204: Dark
A205: pd.3_Control_Dark | B205: 330 | C205: ='r2.raw.P'!E14 -> 0.1104 | D205: Control | E205: Dark
... A289: pd.3_Control_Dark | B289: 2900 | C289: ='r2.raw.P'!E98 -> 0.1146 | D289: Control | E289: Dark
A290: pd.1_Acetate_Dark | B290: 0 | C290: ='r2.raw.P'!F3 -> 0.1654 | D290: Acetate | E290: Dark
A291: pd.1_Acetate_Dark | B291: 30 | C291: ='r2.raw.P'!F4 -> 0.2135 | D291: Acetate | E291: Dark
A292: pd.1_Acetate_Dark | B292: 60 | C292: ='r2.raw.P'!F5 -> 0.1886 | D292: Acetate | E292: Dark
A293: pd.1_Acetate_Dark | B293: 90 | C293: ='r2.raw.P'!F6 -> 0.2107 | D293: Acetate | E293: Dark
A294: pd.1_Acetate_Dark | B294: 120 | C294: ='r2.raw.P'!F7 -> 0.204 | D294: Acetate | E294: Dark
A295: pd.1_Acetate_Dark | B295: 150 | C295: ='r2.raw.P'!F8 -> 0.2592 | D295: Acetate | E295: Dark
A296: pd.1_Acetate_Dark | B296: 180 | C296: ='r2.raw.P'!F9 -> 0.1954 | D296: Acetate | E296: Dark
A297: pd.1_Acetate_Dark | B297: 210 | C297: ='r2.raw.P'!F10 -> 0.2089 | D297: Acetate | E297: Dark
A298: pd.1_Acetate_Dark | B298: 240 | C298: ='r2.raw.P'!F11 -> 0.2085 | D298: Acetate | E298: Dark
A299: pd.1_Acetate_Dark | B299: 270 | C299: ='r2.raw.P'!F12 -> 0.1809 | D299: Acetate | E299: Dark
A300: pd.1_Acetate_Dark | B300: 300 | C300: ='r2.raw.P'!F13 -> 0.127 | D300: Acetate | E300: Dark
A301: pd.1_Acetate_Dark | B301: 330 | C301: ='r2.raw.P'!F14 -> 0.1613 | D301: Acetate | E301: Dark
... A385: pd.1_Acetate_Dark | B385: 2900 | C385: ='r2.raw.P'!F98 -> 0.1899 | D385: Acetate | E385: Dark
A386: pd.2_Acetate_Dark | B386: 0 | C386: ='r2.raw.P'!G3 -> 0.1137 | D386: Acetate | E386: Dark
A387: pd.2_Acetate_Dark | B387: 30 | C387: ='r2.raw.P'!G4 -> 0.1137 | D387: Acetate | E387: Dark
A388: pd.2_Acetate_Dark | B388: 60 | C388: ='r2.raw.P'!G5 -> 0.1161 | D388: Acetate | E388: Dark
A389: pd.2_Acetate_Dark | B389: 90 | C389: ='r2.raw.P'!G6 -> 0.1127 | D389: Acetate | E389: Dark
A390: pd.2_Acetate_Dark | B390: 120 | C390: ='r2.raw.P'!G7 -> 0.1134 | D390: Acetate | E390: Dark
A391: pd.2_Acetate_Dark | B391: 150 | C391: ='r2.raw.P'!G8 -> 0.1099 | D391: Acetate | E391: Dark
A392: pd.2_Acetate_Dark | B392: 180 | C392: ='r2.raw.P'!G9 -> 0.1127 | D392: Acetate | E392: Dark
A393: pd.2_Acetate_Dark | B393: 210 | C393: ='r2.raw.P'!G10 -> 0.1119 | D393: Acetate | E393: Dark
A394: pd.2_Acetate_Dark | B394: 240 | C394: ='r2.raw.P'!G11 -> 0.1202 | D394: Acetate | E394: Dark
A395: pd.2_Acetate_Dark | B395: 270 | C395: ='r2.raw.P'!G12 -> 0.1167 | D395: Acetate | E395: Dark
A396: pd.2_Acetate_Dark | B396: 300 | C396: ='r2.raw.P'!G13 -> 0.1141 | D396: Acetate | E396: Dark
A397: pd.2_Acetate_Dark | B397: 330 | C397: ='r2.raw.P'!G14 -> 0.1155 | D397: Acetate | E397: Dark
... A481: pd.2_Acetate_Dark | B481: 2900 | C481: ='r2.raw.P'!G98 -> 0.1057 | D481: Acetate | E481: Dark
A482: pd.3_Acetate_Dark | B482: 0 | C482: ='r2.raw.P'!H3 -> 0.1186 | D482: Acetate | E482: Dark
A483: pd.3_Acetate_Dark | B483: 30 | C483: ='r2.raw.P'!H4 -> 0.1176 | D483: Acetate | E483: Dark
A484: pd.3_Acetate_Dark | B484: 60 | C484: ='r2.raw.P'!H5 -> 0.1203 | D484: Acetate | E484: Dark
A485: pd.3_Acetate_Dark | B485: 90 | C485: ='r2.raw.P'!H6 -> 0.1184 | D485: Acetate | E485: Dark
A486: pd.3_Acetate_Dark | B486: 120 | C486: ='r2.raw.P'!H7 -> 0.1178 | D486: Acetate | E486: Dark
A487: pd.3_Acetate_Dark | B487: 150 | C487: ='r2.raw.P'!H8 -> 0.1095 | D487: Acetate | E487: Dark
A488: pd.3_Acetate_Dark | B488: 180 | C488: ='r2.raw.P'!H9 -> 0.1119 | D488: Acetate | E488: Dark
A489: pd.3_Acetate_Dark | B489: 210 | C489: ='r2.raw.P'!H10 -> 0.1168 | D489: Acetate | E489: Dark
A490: pd.3_Acetate_Dark | B490: 240 | C490: ='r2.raw.P'!H11 -> 0.1145 | D490: Acetate | E490: Dark
A491: pd.3_Acetate_Dark | B491: 270 | C491: ='r2.raw.P'!H12 -> 0.1123 | D491: Acetate | E491: Dark
A492: pd.3_Acetate_Dark | B492: 300 | C492: ='r2.raw.P'!H13 -> 0.1133 | D492: Acetate | E492: Dark
A493: pd.3_Acetate_Dark | B493: 330 | C493: ='r2.raw.P'!H14 -> 0.1138 | D493: Acetate | E493: Dark
... A577: pd.3_Acetate_Dark | B577: 2900 | C577: ='r2.raw.P'!H98 -> 0.1115 | D577: Acetate | E577: Dark
A578: pd.1_Thiosulfate_Dark | B578: 0 | C578: ='r2.raw.P'!I3 -> 0.182 | D578: Thiosulfate | E578: Dark
A579: pd.1_Thiosulfate_Dark | B579: 30 | C579: ='r2.raw.P'!I4 -> 0.2422 | D579: Thiosulfate | E579: Dark
A580: pd.1_Thiosulfate_Dark | B580: 60 | C580: ='r2.raw.P'!I5 -> 0.2302 | D580: Thiosulfate | E580: Dark
A581: pd.1_Thiosulfate_Dark | B581: 90 | C581: ='r2.raw.P'!I6 -> 0.185 | D581: Thiosulfate | E581: Dark
A582: pd.1_Thiosulfate_Dark | B582: 120 | C582: ='r2.raw.P'!I7 -> 0.1765 | D582: Thiosulfate | E582: Dark
A583: pd.1_Thiosulfate_Dark | B583: 150 | C583: ='r2.raw.P'!I8 -> 0.2528 | D583: Thiosulfate | E583: Dark
A584: pd.1_Thiosulfate_Dark | B584: 180 | C584: ='r2.raw.P'!I9 -> 0.1897 | D584: Thiosulfate | E584: Dark
A585: pd.1_Thiosulfate_Dark | B585: 210 | C585: ='r2.raw.P'!I10 -> 0.2123 | D585: Thiosulfate | E585: Dark
A586: pd.1_Thiosulfate_Dark | B586: 240 | C586: ='r2.raw.P'!I11 -> 0.1684 | D586: Thiosulfate | E586: Dark
A587: pd.1_Thiosulfate_Dark | B587: 270 | C587: ='r2.raw.P'!I12 -> 0.1877 | D587: Thiosulfate | E587: Dark
A588: pd.1_Thiosulfate_Dark | B588: 300 | C588: ='r2.raw.P'!I13 -> 0.2053 | D588: Thiosulfate | E588: Dark
A589: pd.1_Thiosulfate_Dark | B589: 330 | C589: ='r2.raw.P'!I14 -> 0.1609 | D589: Thiosulfate | E589: Dark
... A673: pd.1_Thiosulfate_Dark | B673: 2900 | C673: ='r2.raw.P'!I98 -> 0.1764 | D673: Thiosulfate | E673: Dark
A674: pd.2_Thiosulfate_Dark | B674: 0 | C674: ='r2.raw.P'!J3 -> 0.1132 | D674: Thiosulfate | E674: Dark
A675: pd.2_Thiosulfate_Dark | B675: 30 | C675: ='r2.raw.P'!J4 -> 0.1191 | D675: Thiosulfate | E675: Dark
A676: pd.2_Thiosulfate_Dark | B676: 60 | C676: ='r2.raw.P'!J5 -> 0.1144 | D676: Thiosulfate | E676: Dark
A677: pd.2_Thiosulfate_Dark | B677: 90 | C677: ='r2.raw.P'!J6 -> 0.136 | D677: Thiosulfate | E677: Dark
A678: pd.2_Thiosulfate_Dark | B678: 120 | C678: ='r2.raw.P'!J7 -> 0.1136 | D678: Thiosulfate | E678: Dark
A679: pd.2_Thiosulfate_Dark | B679: 150 | C679: ='r2.raw.P'!J8 -> 0.1036 | D679: Thiosulfate | E679: Dark
A680: pd.2_Thiosulfate_Dark | B680: 180 | C680: ='r2.raw.P'!J9 -> 0.1048 | D680: Thiosulfate | E680: Dark
A681: pd.2_Thiosulfate_Dark | B681: 210 | C681: ='r2.raw.P'!J10 -> 0.1067 | D681: Thiosulfate | E681: Dark
...

Sheet r2.raw.P
A1: Data-Time | B1: Time | C1: Dark | L1: IR | V1: RAW
A2: Data-Time | B2: Time 1 | C2: Dark-P-C1 | D2: Dark-P-C2 | E2: Dark-P-C3 | F2: Dark-P-Ac1 | G2: Dark-P-Ac2 | H2: Dark-P-Ac3 | I2: Dark-P-S1 | J2: Dark-P-S2 | K2: Dark-P-S3 | L2: IR-P-C1 | M2: IR-P-C2 | N2: IR-P-C3 | O2: IR-P-Ac1 | P2: IR-P-Ac2 | Q2: IR-P-Ac3 | R2: IR-P-S1 | S2: IR-P-S2 | T2: IR-P-S3 | U2: Tips | V2: C-D | Y2: C-I | AB2: Ac-D | AE2: Ac-I | AH2: S-D | AK2: S-I
A3: 46076.738 | B3: 0 | C3: 0.1119 | D3: 0.1107 | E3: 0.1092 | F3: 0.1654 | G3: 0.1137 | H3: 0.1186 | I3: 0.182 | J3: 0.1132 | K3: 0.1089 | L3: 0.1157 | M3: 0.1175 | N3: 0.1197 | O3: 0.1127 | P3: 0.1137 | Q3: 0.1093 | R3: 0.1054 | S3: 0.1135 | T3: 0.1121 | V3: 0.1119 | W3: 0.1107 | X3: 0.1092 | Y3: 0.1157 | Z3: 0.1175 | AA3: 0.1197 | AB3: 0.1654 | AC3: 0.1137 | AD3: 0.1186 | AE3: 0.1127 | AF3: 0.1137 | AG3: 0.1093 | AH3: 0.182 | AI3: 0.1132 | AJ3: 0.1089 | AK3: 0.1054 | AL3: 0.1135 | AM3: 0.1121
B4: =B3+30 -> 30 | C4: 0.1093 | D4: 0.1061 | E4: 0.1044 | F4: 0.2135 | G4: 0.1137 | H4: 0.1176 | I4: 0.2422 | J4: 0.1191 | K4: 0.1078 | L4: 0.1153 | M4: 0.1157 | N4: 0.1241 | O4: 0.1101 | P4: 0.1102 | Q4: 0.1092 | R4: 0.1052 | S4: 0.1036 | T4: 0.108 | V4: 0.1093 | W4: 0.1061 | X4: 0.1044 | Y4: 0.1153 | Z4: 0.1157 | AA4: 0.1241 | AB4: 0.2135 | AC4: 0.1137 | AD4: 0.1176 | AE4: 0.1101 | AF4: 0.1102 | AG4: 0.1092 | AH4: 0.2422 | AI4: 0.1191 | AJ4: 0.1078 | AK4: 0.1052 | AL4: 0.1036 | AM4: 0.108
B5: =B4+30 -> 60 | C5: 0.1089 | D5: 0.1065 | E5: 0.1043 | F5: 0.1886 | G5: 0.1161 | H5: 0.1203 | I5: 0.2302 | J5: 0.1144 | K5: 0.108 | L5: 0.1143 | M5: 0.1155 | N5: 0.1232 | O5: 0.1109 | P5: 0.1121 | Q5: 0.1095 | R5: 0.1068 | S5: 0.1049 | T5: 0.1071 | V5: 0.1089 | W5: 0.1065 | X5: 0.1043 | Y5: 0.1143 | Z5: 0.1155 | AA5: 0.1232 | AB5: 0.1886 | AC5: 0.1161 | AD5: 0.1203 | AE5: 0.1109 | AF5: 0.1121 | AG5: 0.1095 | AH5: 0.2302 | AI5: 0.1144 | AJ5: 0.108 | AK5: 0.1068 | AL5: 0.1049 | AM5: 0.1071
B6: =B5+30 -> 90 | C6: 0.1091 | D6: 0.1065 | E6: 0.1044 | F6: 0.2107 | G6: 0.1127 | H6: 0.1184 | I6: 0.185 | J6: 0.136 | K6: 0.1086 | L6: 0.1143 | M6: 0.115 | N6: 0.1224 | O6: 0.1107 | P6: 0.113 | Q6: 0.1103 | R6: 0.1088 | S6: 0.1062 | T6: 0.1283 | V6: 0.1091 | W6: 0.1065 | X6: 0.1044 | Y6: 0.1143 | Z6: 0.115 | AA6: 0.1224 | AB6: 0.2107 | AC6: 0.1127 | AD6: 0.1184 | AE6: 0.1107 | AF6: 0.113 | AG6: 0.1103 | AH6: 0.185 | AI6: 0.136 | AJ6: 0.1086 | AK6: 0.1088 | AL6: 0.1062 | AM6: 0.1283
A7: 46076.821 | B7: =B6+30 -> 120 | C7: 0.109 | D7: 0.106 | E7: 0.1044 | F7: 0.204 | G7: 0.1134 | H7: 0.1178 | I7: 0.1765 | J7: 0.1136 | K7: 0.1076 | L7: 0.1141 | M7: 0.1159 | N7: 0.126 | O7: 0.1256 | P7: 0.1105 | Q7: 0.1094 | R7: 0.1053 | S7: 0.1034 | T7: 0.1053 | V7: 0.109 | W7: 0.106 | X7: 0.1044 | Y7: 0.1141 | Z7: 0.1159 | AA7: 0.126 | AB7: 0.204 | AC7: 0.1134 | AD7: 0.1178 | AE7: 0.1256 | AF7: 0.1105 | AG7: 0.1094 | AH7: 0.1765 | AI7: 0.1136 | AJ7: 0.1076 | AK7: 0.1053 | AL7: 0.1034 | AM7: 0.1053
A8: 46076.829 | B8: =B7+30 -> 150 | C8: 0.1095 | D8: 0.1091 | E8: 0.1088 | F8: 0.2592 | G8: 0.1099 | H8: 0.1095 | I8: 0.2528 | J8: 0.1036 | K8: 0.1057 | L8: 0.1145 | M8: 0.1128 | N8: 0.1144 | O8: 0.1091 | P8: 0.1097 | Q8: 0.1079 | R8: 0.102 | S8: 0.1023 | T8: 0.1017 | V8: 0.1095 | W8: 0.1091 | X8: 0.1088 | Y8: 0.1145 | Z8: 0.1128 | AA8: 0.1144 | AB8: 0.2592 | AC8: 0.1099 | AD8: 0.1095 | AE8: 0.1091 | AF8: 0.1097 | AG8: 0.1079 | AH8: 0.2528 | AI8: 0.1036 | AJ8: 0.1057 | AK8: 0.102 | AL8: 0.1023 | AM8: 0.1017
B9: =B8+30 -> 180 | C9: 0.1092 | D9: 0.1098 | E9: 0.1087 | F9: 0.1954 | G9: 0.1127 | H9: 0.1119 | I9: 0.1897 | J9: 0.1048 | K9: 0.1078 | L9: 0.122 | M9: 0.1159 | N9: 0.1237 | O9: 0.1185 | P9: 0.1117 | Q9: 0.11 | R9: 0.1027 | S9: 0.1027 | T9: 0.1022 | V9: 0.1092 | W9: 0.1098 | X9: 0.1087 | Y9: 0.122 | Z9: 0.1159 | AA9: 0.1237 | AB9: 0.1954 | AC9: 0.1127 | AD9: 0.1119 | AE9: 0.1185 | AF9: 0.1117 | AG9: 0.11 | AH9: 0.1897 | AI9: 0.1048 | AJ9: 0.1078 | AK9: 0.1027 | AL9: 0.1027 | AM9: 0.1022
B10: =B9+30 -> 210 | C10: 0.1109 | D10: 0.1109 | E10: 0.1092 | F10: 0.2089 | G10: 0.1119 | H10: 0.1168 | I10: 0.2123 | J10: 0.1067 | K10: 0.1097 | L10: 0.1197 | M10: 0.1157 | N10: 0.1362 | O10: 0.1145 | P10: 0.1202 | Q10: 0.1158 | R10: 0.1033 | S10: 0.1035 | T10: 0.103 | V10: 0.1109 | W10: 0.1109 | X10: 0.1092 | Y10: 0.1197 | Z10: 0.1157 | AA10: 0.1362 | AB10: 0.2089 | AC10: 0.1119 | AD10: 0.1168 | AE10: 0.1145 | AF10: 0.1202 | AG10: 0.1158 | AH10: 0.2123 | AI10: 0.1067 | AJ10: 0.1097 | AK10: 0.1033 | AL10: 0.1035 | AM10: 0.103
B11: =B10+30 -> 240 | C11: 0.111 | D11: 0.1112 | E11: 0.1101 | F11: 0.2085 | G11: 0.1202 | H11: 0.1145 | I11: 0.1684 | J11: 0.115 | K11: 0.1107 | L11: 0.1196 | M11: 0.1175 | N11: 0.119 | O11: 0.1147 | P11: 0.1183 | Q11: 0.1143 | R11: 0.105 | S11: 0.104 | T11: 0.1035 | V11: 0.111 | W11: 0.1112 | X11: 0.1101 | Y11: 0.1196 | Z11: 0.1175 | AA11: 0.119 | AB11: 0.2085 | AC11: 0.1202 | AD11: 0.1145 | AE11: 0.1147 | AF11: 0.1183 | AG11: 0.1143 | AH11: 0.1684 | AI11: 0.115 | AJ11: 0.1107 | AK11: 0.105 | AL11: 0.104 | AM11: 0.1035
B12: =B11+30 -> 270 | C12: 0.1107 | D12: 0.1105 | E12: 0.1101 | F12: 0.1809 | G12: 0.1167 | H12: 0.1123 | I12: 0.1877 | J12: 0.1144 | K12: 0.1115 | L12: 0.1189 | M12: 0.1169 | N12: 0.119 | O12: 0.1144 | P12: 0.1143 | Q12: 0.1218 | R12: 0.1035 | S12: 0.1053 | T12: 0.1034 | V12: 0.1107 | W12: 0.1105 | X12: 0.1101 | Y12: 0.1189 | Z12: 0.1169 | AA12: 0.119 | AB12: 0.1809 | AC12: 0.1167 | AD12: 0.1123 | AE12: 0.1144 | AF12: 0.1143 | AG12: 0.1218 | AH12: 0.1877 | AI12: 0.1144 | AJ12: 0.1115 | AK12: 0.1035 | AL12: 0.1053 | AM12: 0.1034
B13: =B12+30 -> 300 | C13: 0.1111 | D13: 0.1103 | E13: 0.1106 | F13: 0.127 | G13: 0.1141 | H13: 0.1133 | I13: 0.2053 | J13: 0.1158 | K13: 0.1173 | L13: 0.1201 | M13: 0.1195 | N13: 0.1284 | O13: 0.1143 | P13: 0.1149 | Q13: 0.1221 | R13: 0.1054 | S13: 0.1064 | T13: 0.1036 | V13: 0.1111 | W13: 0.1103 | X13: 0.1106 | Y13: 0.1201 | Z13: 0.1195 | AA13: 0.1284 | AB13: 0.127 | AC13: 0.1141 | AD13: 0.1133 | AE13: 0.1143 | AF13: 0.1149 | AG13: 0.1221 | AH13: 0.2053 | AI13: 0.1158 | AJ13: 0.1173 | AK13: 0.1054 | AL13: 0.1064 | AM13: 0.1036
B14: =B13+30 -> 330 | C14: 0.1108 | D14: 0.1104 | E14: 0.1104 | F14: 0.1613 | G14: 0.1155 | H14: 0.1138 | I14: 0.1609 | J14: 0.127 | K14: 0.1149 | L14: 0.1258 | M14: 0.1167 | N14: 0.1342 | O14: 0.1162 | P14: 0.1212 | Q14: 0.1135 | R14: 0.1041 | S14: 0.105 | T14: 0.1035 | V14: 0.1108 | W14: 0.1104 | X14: 0.1104 | Y14: 0.1258 | Z14: 0.1167 | AA14: 0.1342 | AB14: 0.1613 | AC14: 0.1155 | AD14: 0.1138 | AE14: 0.1162 | AF14: 0.1212 | AG14: 0.1135 | AH14: 0.1609 | AI14: 0.127 | AJ14: 0.1149 | AK14: 0.1041 | AL14: 0.105 | AM14: 0.1035
B15: =B14+30 -> 360 | C15: 0.1112 | D15: 0.1109 | E15: 0.1106 | F15: 0.1411 | G15: 0.1257 | H15: 0.1146 | I15: 0.1489 | J15: 0.1109 | K15: 0.1129 | L15: 0.1228 | M15: 0.1182 | N15: 0.125 | O15: 0.1206 | P15: 0.1155 | Q15: 0.1242 | R15: 0.1134 | S15: 0.115 | T15: 0.1037 | V15: 0.1112 | W15: 0.1109 | X15: 0.1106 | Y15: 0.1228 | Z15: 0.1182 | AA15: 0.125 | AB15: 0.1411 | AC15: 0.1257 | AD15: 0.1146 | AE15: 0.1206 | AF15: 0.1155 | AG15: 0.1242 | AH15: 0.1489 | AI15: 0.1109 | AJ15: 0.1129 | AK15: 0.1134 | AL15: 0.115 | AM15: 0.1037
B16: =B15+30 -> 390 | C16: 0.1111 | D16: 0.1109 | E16: 0.1105 | F16: 0.1329 | G16: 0.1166 | H16: 0.1122 | I16: 0.1606 | J16: 0.1182 | K16: 0.1138 | L16: 0.125 | M16: 0.1164 | N16: 0.139 | O16: 0.1199 | P16: 0.1223 | Q16: 0.113 | R16: 0.1056 | S16: 0.1036 | T16: 0.1033 | V16: 0.1111 | W16: 0.1109 | X16: 0.1105 | Y16: 0.125 | Z16: 0.1164 | AA16: 0.139 | AB16: 0.1329 | AC16: 0.1166 | AD16: 0.1122 | AE16: 0.1199 | AF16: 0.1223 | AG16: 0.113 | AH16: 0.1606 | AI16: 0.1182 | AJ16: 0.1138 | AK16: 0.1056 | AL16: 0.1036 | AM16: 0.1033
B17: =B16+30 -> 420 | C17: 0.1112 | D17: 0.1106 | E17: 0.1104 | F17: 0.1294 | G17: 0.113 | H17: 0.1126 | I17: 0.1544 | J17: 0.1113 | K17: 0.1131 | L17: 0.125 | M17: 0.121 | N17: 0.1226 | O17: 0.1214 | P17: 0.1191 | Q17: 0.1167 | R17: 0.1102 | S17: 0.103 | T17: 0.103 | V17: 0.1112 | W17: 0.1106 | X17: 0.1104 | Y17: 0.125 | Z17: 0.121 | AA17: 0.1226 | AB17: 0.1294 | AC17: 0.113 | AD17: 0.1126 | AE17: 0.1214 | AF17: 0.1191 | AG17: 0.1167 | AH17: 0.1544 | AI17: 0.1113 | AJ17: 0.1131 | AK17: 0.1102 | AL17: 0.103 | AM17: 0.103
B18: =B17+30 -> 450 | C18: 0.1114 | D18: 0.1106 | E18: 0.1108 | F18: 0.1286 | G18: 0.1229 | H18: 0.1122 | I18: 0.153 | J18: 0.1135 | K18: 0.1112 | L18: 0.1254 | M18: 0.125 | N18: 0.1234 | O18: 0.1205 | P18: 0.1166 | Q18: 0.1149 | R18: 0.1119 | S18: 0.1037 | T18: 0.1028 | V18: 0.1114 | W18: 0.1106 | X18: 0.1108 | Y18: 0.1254 | Z18: 0.125 | AA18: 0.1234 | AB18: 0.1286 | AC18: 0.1229 | AD18: 0.1122 | AE18: 0.1205 | AF18: 0.1166 | AG18: 0.1149 | AH18: 0.153 | AI18: 0.1135 | AJ18: 0.1112 | AK18: 0.1119 | AL18: 0.1037 | AM18: 0.1028
B19: =B18+30 -> 480 | C19: 0.1111 | D19: 0.1104 | E19: 0.111 | F19: 0.1607 | G19: 0.1289 | H19: 0.1124 | I19: 0.1528 | J19: 0.1143 | K19: 0.112 | L19: 0.126 | M19: 0.1217 | N19: 0.1225 | O19: 0.1216 | P19: 0.1172 | Q19: 0.1206 | R19: 0.1206 | S19: 0.1146 | T19: 0.1027 | V19: 0.1111 | W19: 0.1104 | X19: 0.111 | Y19: 0.126 | Z19: 0.1217 | AA19: 0.1225 | AB19: 0.1607 | AC19: 0.1289 | AD19: 0.1124 | AE19: 0.1216 | AF19: 0.1172 | AG19: 0.1206 | AH19: 0.1528 | AI19: 0.1143 | AJ19: 0.112 | AK19: 0.1206 | AL19: 0.1146 | AM19: 0.1027
B20: =B19+30 -> 510 | C20: 0.1115 | D20: 0.1104 | E20: 0.111 | F20: 0.1336 | G20: 0.1202 | H20: 0.1114 | I20: 0.1625 | J20: 0.111 | K20: 0.1135 | L20: 0.1252 | M20: 0.118 | N20: 0.1252 | O20: 0.1222 | P20: 0.1187 | Q20: 0.1128 | R20: 0.1075 | S20: 0.1034 | T20: 0.1023 | V20: 0.1115 | W20: 0.1104 | X20: 0.111 | Y20: 0.1252 | Z20: 0.118 | AA20: 0.1252 | AB20: 0.1336 | AC20: 0.1202 | AD20: 0.1114 | AE20: 0.1222 | AF20: 0.1187 | AG20: 0.1128 | AH20: 0.1625 | AI20: 0.111 | AJ20: 0.1135 | AK20: 0.1075 | AL20: 0.1034 | AM20: 0.1023
... B29: =B28+30 -> 780 | C29: 0.1116 | D29: 0.1104 | E29: 0.1115 | F29: 0.1344 | G29: 0.1246 | H29: 0.1111 | I29: 0.15 | J29: 0.1099 | K29: 0.1135 | L29: 0.1242 | M29: 0.1176 | N29: 0.1203 | O29: 0.1272 | P29: 0.1155 | Q29: 0.1133 | R29: 0.1241 | S29: 0.1027 | T29: 0.1021 | V29: 0.1116 | W29: 0.1104 | X29: 0.1115 | Y29: 0.1242 | Z29: 0.1176 | AA29: 0.1203 | AB29: 0.1344 | AC29: 0.1246 | AD29: 0.1111 | AE29: 0.1272 | AF29: 0.1155 | AG29: 0.1133 | AH29: 0.15 | AI29: 0.1099 | AJ29: 0.1135 | AK29: 0.1241 | AL29: 0.1027 | AM29: 0.1021
B30: =B29+40 -> 820 | C30: 0.1117 | D30: 0.1105 | E30: 0.1115 | F30: 0.1191 | G30: 0.1124 | H30: 0.111 | I30: 0.1453 | J30: 0.1091 | K30: 0.1106 | L30: 0.1244 | M30: 0.1185 | N30: 0.1208 | O30: 0.1268 | P30: 0.117 | Q30: 0.1134 | R30: 0.1117 | S30: 0.1296 | T30: 0.1013 | V30: 0.1117 | W30: 0.1105 | X30: 0.1115 | Y30: 0.1244 | Z30: 0.1185 | AA30: 0.1208 | AB30: 0.1191 | AC30: 0.1124 | AD30: 0.111 | AE30: 0.1268 | AF30: 0.117 | AG30: 0.1134 | AH30: 0.1453 | AI30: 0.1091 | AJ30: 0.1106 | AK30: 0.1117 | AL30: 0.1296 | AM30: 0.1013
B31: =B30+30 -> 850 | C31: 0.1118 | D31: 0.1103 | E31: 0.1116 | F31: 0.1505 | G31: 0.1224 | H31: 0.1142 | I31: 0.145 | J31: 0.1114 | K31: 0.1106 | L31: 0.1269 | M31: 0.1202 | N31: 0.1251 | O31: 0.1274 | P31: 0.1199 | Q31: 0.1133 | R31: 0.1073 | S31: 0.1165 | T31: 0.1027 | V31: 0.1118 | W31: 0.1103 | X31: 0.1116 | Y31: 0.1269 | Z31: 0.1202 | AA31: 0.1251 | AB31: 0.1505 | AC31: 0.1224 | AD31: 0.1142 | AE31: 0.1274 | AF31: 0.1199 | AG31: 0.1133 | AH31: 0.145 | AI31: 0.1114 | AJ31: 0.1106 | AK31: 0.1073 | AL31: 0.1165 | AM31: 0.1027
B32: =B31+30 -> 880 | C32: 0.1115 | D32: 0.1103 | E32: 0.1107 | F32: 0.131 | G32: 0.1098 | H32: 0.1104 | I32: 0.1562 | J32: 0.1089 | K32: 0.1109 | L32: 0.1263 | M32: 0.1177 | N32: 0.13 | O32: 0.1278 | P32: 0.12 | Q32: 0.1175 | R32: 0.1074 | S32: 0.117 | T32: 0.1022 | V32: 0.1115 | W32: 0.1103 | X32: 0.1107 | Y32: 0.1263 | Z32: 0.1177 | AA32: 0.13 | AB32: 0.131 | AC32: 0.1098 | AD32: 0.1104 | AE32: 0.1278 | AF32: 0.12 | AG32: 0.1175 | AH32: 0.1562 | AI32: 0.1089 | AJ32: 0.1109 | AK32: 0.1074 | AL32: 0.117 | AM32: 0.1022
B33: =B32+30 -> 910 | C33: 0.1118 | D33: 0.1101 | E33: 0.1105 | F33: 0.1216 | G33: 0.1103 | H33: 0.1115 | I33: 0.1372 | J33: 0.1091 | K33: 0.1107 | L33: 0.1242 | M33: 0.1193 | N33: 0.1209 | O33: 0.1261 | P33: 0.1158 | Q33: 0.122 | R33: 0.1095 | S33: 0.1115 | T33: 0.102 | V33: 0.1118 | W33: 0.1101 | X33: 0.1105 | Y33: 0.1242 | Z33: 0.1193 | AA33: 0.1209 | AB33: 0.1216 | AC33: 0.1103 | AD33: 0.1115 | AE33: 0.1261 | AF33: 0.1158 | AG33: 0.122 | AH33: 0.1372 | AI33: 0.1091 | AJ33: 0.1107 | AK33: 0.1095 | AL33: 0.1115 | AM33: 0.102
B34: =B33+30 -> 940 | C34: 0.1117 | D34: 0.1102 | E34: 0.1109 | F34: 0.1507 | G34: 0.1169 | H34: 0.111 | I34: 0.1535 | J34: 0.1081 | K34: 0.111 | L34: 0.1256 | M34: 0.1173 | N34: 0.122 | O34: 0.1273 | P34: 0.1154 | Q34: 0.1145 | R34: 0.1098 | S34: 0.1104 | T34: 0.1014 | V34: 0.1117 | W34: 0.1102 | X34: 0.1109 | Y34: 0.1256 | Z34: 0.1173 | AA34: 0.122 | AB34: 0.1507 | AC34: 0.1169 | AD34: 0.111 | AE34: 0.1273 | AF34: 0.1154 | AG34: 0.1145 | AH34: 0.1535 | AI34: 0.1081 | AJ34: 0.111 | AK34: 0.1098 | AL34: 0.1104 | AM34: 0.1014
B35: =B34+30 -> 970 | C35: 0.1115 | D35: 0.1103 | E35: 0.1108 | F35: 0.1203 | G35: 0.1157 | H35: 0.1112 | I35: 0.1484 | J35: 0.1101 | K35: 0.1106 | L35: 0.1293 | M35: 0.1178 | N35: 0.1359 | O35: 0.126 | P35: 0.1221 | Q35: 0.1143 | R35: 0.1097 | S35: 0.1284 | T35: 0.1022 | V35: 0.1115 | W35: 0.1103 | X35: 0.1108 | Y35: 0.1293 | Z35: 0.1178 | AA35: 0.1359 | AB35: 0.1203 | AC35: 0.1157 | AD35: 0.1112 | AE35: 0.126 | AF35: 0.1221 | AG35: 0.1143 | AH35: 0.1484 | AI35: 0.1101 | AJ35: 0.1106 | AK35: 0.1097 | AL35: 0.1284 | AM35: 0.1022
B36: =B35+30 -> 1000 | C36: 0.1119 | D36: 0.1103 | E36: 0.111 | F36: 0.1387 | G36: 0.126 | H36: 0.1098 | I36: 0.1556 | J36: 0.1084 | K36: 0.1097 | L36: 0.126 | M36: 0.1174 | N36: 0.1233 | O36: 0.1253 | P36: 0.1146 | Q36: 0.1163 | R36: 0.1155 | S36: 0.1239 | T36: 0.1019 | V36: 0.1119 | W36: 0.1103 | X36: 0.111 | Y36: 0.126 | Z36: 0.1174 | AA36: 0.1233 | AB36: 0.1387 | AC36: 0.126 | AD36: 0.1098 | AE36: 0.1253 | AF36: 0.1146 | AG36: 0.1163 | AH36: 0.1556 | AI36: 0.1084 | AJ36: 0.1097 | AK36: 0.1155 | AL36: 0.1239 | AM36: 0.1019
B37: =B36+10 -> 1010 | C37: 0.112 | D37: 0.1104 | E37: 0.111 | F37: 0.1638 | G37: 0.1176 | H37: 0.1108 | I37: 0.1337 | J37: 0.1082 | K37: 0.1111 | L37: 0.1262 | M37: 0.118 | N37: 0.1283 | O37: 0.1274 | P37: 0.1159 | Q37: 0.1148 | R37: 0.1088 | S37: 0.1199 | T37: 0.1028 | V37: 0.112 | W37: 0.1104 | X37: 0.111 | Y37: 0.1262 | Z37: 0.118 | AA37: 0.1283 | AB37: 0.1638 | AC37: 0.1176 | AD37: 0.1108 | AE37: 0.1274 | AF37: 0.1159 | AG37: 0.1148 | AH37: 0.1337 | AI37: 0.1082 | AJ37: 0.1111 | AK37: 0.1088 | AL37: 0.1199 | AM37: 0.1028
B38: =B37+30 -> 1040 | C38: 0.1119 | D38: 0.1103 | E38: 0.1118 | F38: 0.1674 | G38: 0.1172 | H38: 0.1118 | I38: 0.148 | J38: 0.1083 | K38: 0.109 | L38: 0.131 | M38: 0.1177 | N38: 0.1286 | O38: 0.1281 | P38: 0.1168 | Q38: 0.1155 | R38: 0.1087 | S38: 0.1215 | T38: 0.1021 | V38: 0.1119 | W38: 0.1103 | X38: 0.1118 | Y38: 0.131 | Z38: 0.1177 | AA38: 0.1286 | AB38: 0.1674 | AC38: 0.1172 | AD38: 0.1118 | AE38: 0.1281 | AF38: 0.1168 | AG38: 0.1155 | AH38: 0.148 | AI38: 0.1083 | AJ38: 0.109 | AK38: 0.1087 | AL38: 0.1215 | AM38: 0.1021
B39: =B38+30 -> 1070 | C39: 0.1119 | D39: 0.1103 | E39: 0.1117 | F39: 0.1429 | G39: 0.1097 | H39: 0.1097 | I39: 0.1494 | J39: 0.1084 | K39: 0.1097 | L39: 0.13 | M39: 0.1221 | N39: 0.1335 | O39: 0.1212 | P39: 0.1149 | Q39: 0.1198 | R39: 0.1091 | S39: 0.1057 | T39: 0.1099 | V39: 0.1119 | W39: 0.1103 | X39: 0.1117 | Y39: 0.13 | Z39: 0.1221 | AA39: 0.1335 | AB39: 0.1429 | AC39: 0.1097 | AD39: 0.1097 | AE39: 0.1212 | AF39: 0.1149 | AG39: 0.1198 | AH39: 0.1494 | AI39: 0.1084 | AJ39: 0.1097 | AK39: 0.1091 | AL39: 0.1057 | AM39: 0.1099
B40: =B39+30 -> 1100 | C40: 0.1117 | D40: 0.1106 | E40: 0.112 | F40: 0.1659 | G40: 0.1183 | H40: 0.1156 | I40: 0.1479 | J40: 0.1082 | K40: 0.1102 | L40: 0.1286 | M40: 0.1183 | N40: 0.121 | O40: 0.1283 | P40: 0.1172 | Q40: 0.1157 | R40: 0.1067 | S40: 0.1085 | T40: 0.102 | V40: 0.1117 | W40: 0.1106 | X40: 0.112 | Y40: 0.1286 | Z40: 0.1183 | AA40: 0.121 | AB40: 0.1659 | AC40: 0.1183 | AD40: 0.1156 | AE40: 0.1283 | AF40: 0.1172 | AG40: 0.1157 | AH40: 0.1479 | AI40: 0.1082 | AJ40: 0.1102 | AK40: 0.1067 | AL40: 0.1085 | AM40: 0.102
B41: =B40+30 -> 1130 | C41: 0.1118 | D41: 0.1103 | E41: 0.1119 | F41: 0.1614 | G41: 0.1274 | H41: 0.1091 | I41: 0.1572 | J41: 0.1093 | K41: 0.109 | L41: 0.1292 | M41: 0.1177 | N41: 0.1205 | O41: 0.124 | P41: 0.1151 | Q41: 0.1172 | R41: 0.1059 | S41: 0.1067 | T41: 0.1015 | V41: 0.1118 | W41: 0.1103 | X41: 0.1119 | Y41: 0.1292 | Z41: 0.1177 | AA41: 0.1205 | AB41: 0.1614 | AC41: 0.1274 | AD41: 0.1091 | AE41: 0.124 | AF41: 0.1151 | AG41: 0.1172 | AH41: 0.1572 | AI41: 0.1093 | AJ41: 0.109 | AK41: 0.1059 | AL41: 0.1067 | AM41: 0.1015
B42: =B41+30 -> 1160 | C42: 0.1118 | D42: 0.1103 | E42: 0.1119 | F42: 0.1372 | G42: 0.1105 | H42: 0.1096 | I42: 0.1635 | J42: 0.1082 | K42: 0.1101 | L42: 0.1297 | M42: 0.1209 | N42: 0.1284 | O42: 0.128 | P42: 0.1141 | Q42: 0.1205 | R42: 0.1062 | S42: 0.1126 | T42: 0.1019 | V42: 0.1118 | W42: 0.1103 | X42: 0.1119 | Y42: 0.1297 | Z42: 0.1209 | AA42: 0.1284 | AB42: 0.1372 | AC42: 0.1105 | AD42: 0.1096 | AE42: 0.128 | AF42: 0.1141 | AG42: 0.1205 | AH42: 0.1635 | AI42: 0.1082 | AJ42: 0.1101 | AK42: 0.1062 | AL42: 0.1126 | AM42: 0.1019
B43: =B42+30 -> 1190 | C43: 0.1115 | D43: 0.1103 | E43: 0.112 | F43: 0.1238 | G43: 0.1105 | H43: 0.1102 | I43: 0.1516 | J43: 0.1086 | K43: 0.1141 | L43: 0.134 | M43: 0.1208 | N43: 0.1213 | O43: 0.1299 | P43: 0.1142 | Q43: 0.117 | R43: 0.1054 | S43: 0.1235 | T43: 0.1049 | V43: 0.1115 | W43: 0.1103 | X43: 0.112 | Y43: 0.134 | Z43: 0.1208 | AA43: 0.1213 | AB43: 0.1238 | AC43: 0.1105 | AD43: 0.1102 | AE43: 0.1299 | AF43: 0.1142 | AG43: 0.117 | AH43: 0.1516 | AI43: 0.1086 | AJ43: 0.1141 | AK43: 0.1054 | AL43: 0.1235 | AM43: 0.1049
B44: =B43+30 -> 1220 | C44: 0.1121 | D44: 0.1106 | E44: 0.1117 | F44: 0.1605 | G44: 0.1122 | H44: 0.1093 | I44: 0.1638 | J44: 0.1128 | K44: 0.1091 | L44: 0.1337 | M44: 0.1229 | N44: 0.1248 | O44: 0.1162 | P44: 0.1143 | Q44: 0.1202 | R44: 0.1055 | S44: 0.1234 | T44: 0.102 | V44: 0.1121 | W44: 0.1106 | X44: 0.1117 | Y44: 0.1337 | Z44: 0.1229 | AA44: 0.1248 | AB44: 0.1605 | AC44: 0.1122 | AD44: 0.1093 | AE44: 0.1162 | AF44: 0.1143 | AG44: 0.1202 | AH44: 0.1638 | AI44: 0.1128 | AJ44: 0.1091 | AK44: 0.1055 | AL44: 0.1234 | AM44: 0.102
B45: =B44+50 -> 1270 | C45: 0.1119 | D45: 0.1102 | E45: 0.1115 | F45: 0.151 | G45: 0.1112 | H45: 0.1091 | I45: 0.169 | J45: 0.1116 | K45: 0.1139 | L45: 0.1336 | M45: 0.1259 | N45: 0.1425 | O45: 0.1265 | P45: 0.1185 | Q45: 0.1176 | R45: 0.1051 | S45: 0.1086 | T45: 0.1044 | V45: 0.1119 | W45: 0.1102 | X45: 0.1115 | Y45: 0.1336 | Z45: 0.1259 | AA45: 0.1425 | AB45: 0.151 | AC45: 0.1112 | AD45: 0.1091 | AE45: 0.1265 | AF45: 0.1185 | AG45: 0.1176 | AH45: 0.169 | AI45: 0.1116 | AJ45: 0.1139 | AK45: 0.1051 | AL45: 0.1086 | AM45: 0.1044
B46: =B45+30 -> 1300 | C46: 0.1119 | D46: 0.1097 | E46: 0.1114 | F46: 0.1412 | G46: 0.1086 | H46: 0.1092 | I46: 0.1366 | J46: 0.1078 | K46: 0.1113 | L46: 0.1435 | M46: 0.123 | N46: 0.1217 | O46: 0.1265 | P46: 0.1153 | Q46: 0.119 | R46: 0.1069 | S46: 0.1021 | T46: 0.1011 | V46: 0.1119 | W46: 0.1097 | X46: 0.1114 | Y46: 0.1435 | Z46: 0.123 | AA46: 0.1217 | AB46: 0.1412 | AC46: 0.1086 | AD46: 0.1092 | AE46: 0.1265 | AF46: 0.1153 | AG46: 0.119 | AH46: 0.1366 | AI46: 0.1078 | AJ46: 0.1113 | AK46: 0.1069 | AL46: 0.1021 | AM46: 0.1011
B47: =B46+30 -> 1330 | C47: 0.1115 | D47: 0.1095 | E47: 0.1107 | F47: 0.1465 | G47: 0.1168 | H47: 0.1092 | I47: 0.1602 | J47: 0.1095 | K47: 0.1099 | L47: 0.1423 | M47: 0.1272 | N47: 0.1309 | O47: 0.1261 | P47: 0.1142 | Q47: 0.1241 | R47: 0.1049 | S47: 0.107 | T47: 0.1009 | V47: 0.1115 | W47: 0.1095 | X47: 0.1107 | Y47: 0.1423 | Z47: 0.1272 | AA47: 0.1309 | AB47: 0.1465 | AC47: 0.1168 | AD47: 0.1092 | AE47: 0.1261 | AF47: 0.1142 | AG47: 0.1241 | AH47: 0.1602 | AI47: 0.1095 | AJ47: 0.1099 | AK47: 0.1049 | AL47: 0.107 | AM47: 0.1009
B48: =B47+30 -> 1360 | C48: 0.112 | D48: 0.1099 | E48: 0.1111 | F48: 0.1414 | G48: 0.1086 | H48: 0.1094 | I48: 0.1769 | J48: 0.1108 | K48: 0.1132 | L48: 0.1476 | M48: 0.1241 | N48: 0.1421 | O48: 0.1265 | P48: 0.1174 | Q48: 0.119 | R48: 0.1165 | S48: 0.1119 | T48: 0.1008 | V48: 0.112 | W48: 0.1099 | X48: 0.1111 | Y48: 0.1476 | Z48: 0.1241 | AA48: 0.1421 | AB48: 0.1414 | AC48: 0.1086 | AD48: 0.1094 | AE48: 0.1265 | AF48: 0.1174 | AG48: 0.119 | AH48: 0.1769 | AI48: 0.1108 | AJ48: 0.1132 | AK48: 0.1165 | AL48: 0.1119 | AM48: 0.1008
B49: =B48+30 -> 1390 | C49: 0.1121 | D49: 0.1097 | E49: 0.1113 | F49: 0.1283 | G49: 0.1123 | H49: 0.1092 | I49: 0.1594 | J49: 0.1076 | K49: 0.1142 | L49: 0.1453 | M49: 0.1202 | N49: 0.1334 | O49: 0.126 | P49: 0.1176 | Q49: 0.1198 | R49: 0.1049 | S49: 0.1083 | T49: 0.1008 | V49: 0.1121 | W49: 0.1097 | X49: 0.1113 | Y49: 0.1453 | Z49: 0.1202 | AA49: 0.1334 | AB49: 0.1283 | AC49: 0.1123 | AD49: 0.1092 | AE49: 0.126 | AF49: 0.1176 | AG49: 0.1198 | AH49: 0.1594 | AI49: 0.1076 | AJ49: 0.1142 | AK49: 0.1049 | AL49: 0.1083 | AM49: 0.1008
B50: =B49+30 -> 1420 | C50: 0.1119 | D50: 0.1096 | E50: 0.1109 | F50: 0.1492 | G50: 0.1111 | H50: 0.109 | I50: 0.1661 | J50: 0.1081 | K50: 0.1091 | L50: 0.1446 | M50: 0.1225 | N50: 0.1321 | O50: 0.1282 | P50: 0.1137 | Q50: 0.1212 | R50: 0.1107 | S50: 0.1026 | T50: 0.1009 | V50: 0.1119 | W50: 0.1096 | X50: 0.1109 | Y50: 0.1446 | Z50: 0.1225 | AA50: 0.1321 | AB50: 0.1492 | AC50: 0.1111 | AD50: 0.109 | AE50: 0.1282 | AF50: 0.1137 | AG50: 0.1212 | AH50: 0.1661 | AI50: 0.1081 | AJ50: 0.1091 | AK50: 0.1107 | AL50: 0.1026 | AM50: 0.1009
B51: =B50+30 -> 1450 | C51: 0.1121 | D51: 0.1098 | E51: 0.1111 | F51: 0.171 | G51: 0.1224 | H51: 0.1088 | I51: 0.1437 | J51: 0.1124 | K51: 0.1127 | L51: 0.1458 | M51: 0.1233 | N51: 0.131 | O51: 0.1277 | P51: 0.1168 | Q51: 0.1248 | R51: 0.1097 | S51: 0.108 | T51: 0.1011 | V51: 0.1121 | W51: 0.1098 | X51: 0.1111 | Y51: 0.1458 | Z51: 0.1233 | AA51: 0.131 | AB51: 0.171 | AC51: 0.1224 | AD51: 0.1088 | AE51: 0.1277 | AF51: 0.1168 | AG51: 0.1248 | AH51: 0.1437 | AI51: 0.1124 | AJ51: 0.1127 | AK51: 0.1097 | AL51: 0.108 | AM51: 0.1011
B52: =B51+30 -> 1480 | C52: 0.1122 | D52: 0.11 | E52: 0.111 | F52: 0.132 | G52: 0.112 | H52: 0.1091 | I52: 0.1495 | J52: 0.1077 | K52: 0.11 | L52: 0.1459 | M52: 0.1256 | N52: 0.131 | O52: 0.1265 | P52: 0.1162 | Q52: 0.1245 | R52: 0.1152 | S52: 0.1015 | T52: 0.1004 | V52: 0.1122 | W52: 0.11 | X52: 0.111 | Y52: 0.1459 | Z52: 0.1256 | AA52: 0.131 | AB52: 0.132 | AC52: 0.112 | AD52: 0.1091 | AE52: 0.1265 | AF52: 0.1162 | AG52: 0.1245 | AH52: 0.1495 | AI52: 0.1077 | AJ52: 0.11 | AK52: 0.1152 | AL52: 0.1015 | AM52: 0.1004
B53: =B52+30 -> 1510 | C53: 0.1123 | D53: 0.1098 | E53: 0.1109 | F53: 0.1561 | G53: 0.1116 | H53: 0.1089 | I53: 0.183 | J53: 0.1083 | K53: 0.1117 | L53: 0.1259 | M53: 0.1352 | N53: 0.1326 | O53: 0.1254 | P53: 0.114 | Q53: 0.1263 | R53: 0.105 | S53: 0.1023 | T53: 0.1013 | V53: 0.1123 | W53: 0.1098 | X53: 0.1109 | Y53: 0.1259 | Z53: 0.1352 | AA53: 0.1326 | AB53: 0.1561 | AC53: 0.1116 | AD53: 0.1089 | AE53: 0.1254 | AF53: 0.114 | AG53: 0.1263 | AH53: 0.183 | AI53: 0.1083 | AJ53: 0.1117 | AK53: 0.105 | AL53: 0.1023 | AM53: 0.1013
B54: =B53+30 -> 1540 | C54: 0.1122 | D54: 0.1097 | E54: 0.1109 | F54: 0.1956 | G54: 0.1184 | H54: 0.1091 | I54: 0.1698 | J54: 0.1136 | K54: 0.1104 | L54: 0.1183 | M54: 0.1444 | N54: 0.1324 | O54: 0.1273 | P54: 0.1145 | Q54: 0.1271 | R54: 0.1057 | S54: 0.1012 | T54: 0.1012 | V54: 0.1122 | W54: 0.1097 | X54: 0.1109 | Y54: 0.1183 | Z54: 0.1444 | AA54: 0.1324 | AB54: 0.1956 | AC54: 0.1184 | AD54: 0.1091 | AE54: 0.1273 | AF54: 0.1145 | AG54: 0.1271 | AH54: 0.1698 | AI54: 0.1136 | AJ54: 0.1104 | AK54: 0.1057 | AL54: 0.1012 | AM54: 0.1012
A55: 46077.808 | B55: =B54+30 -> 1570 | C55: 0.1121 | D55: 0.1101 | E55: 0.1109 | F55: 0.1369 | G55: 0.1082 | H55: 0.1094 | I55: 0.1443 | J55: 0.1089 | K55: 0.1149 | L55: 0.1193 | M55: 0.1343 | N55: 0.151 | O55: 0.1159 | P55: 0.117 | Q55: 0.1214 | R55: 0.1046 | S55: 0.1198 | T55: 0.1009 | V55: 0.1121 | W55: 0.1101 | X55: 0.1109 | Y55: 0.1193 | Z55: 0.1343 | AA55: 0.151 | AB55: 0.1369 | AC55: 0.1082 | AD55: 0.1094 | AE55: 0.1159 | AF55: 0.117 | AG55: 0.1214 | AH55: 0.1443 | AI55: 0.1089 | AJ55: 0.1149 | AK55: 0.1046 | AL55: 0.1198 | AM55: 0.1009
A56: 46077.864 | B56: =B55+80 -> 1650 | C56: =V56 -> 0.118 | D56: =W56 -> 0.1139 | E56: =X56 -> 0.1122 | F56: =AB56 -> 0.1403 | G56: =AC56 -> 0.1169 | H56: =AD56 -> 0.1148 | I56: =AH56 -> 0.1597 | J56: =AI56 -> 0.1118 | K56: =AJ56 -> 0.1152 | L56: =Y56 -> 0.1511 | M56: =Z56 -> 0.1708 | N56: =AA56 -> 0.1376 | O56: =AE56 -> 0.1222 | P56: =AF56 -> 0.1214 | Q56: =AG56 -> 0.1304 | R56: =AK56 -> 0.1147 | S56: =AL56 -> 0.1049 | T56: =AM56 -> 0.1015 | V56: 0.118 | W56: 0.1139 | X56: 0.1122 | Y56: 0.1511 | Z56: 0.1708 | AA56: 0.1376 | AB56: 0.1403 | AC56: 0.1169 | AD56: 0.1148 | AE56: 0.1222 | AF56: 0.1214 | AG56: 0.1304 | AH56: 0.1597 | AI56: 0.1118 | AJ56: 0.1152 | AK56: 0.1147 | AL56: 0.1049 | AM56: 0.1015
B57: =B56+80 -> 1730 | C57: =V57 -> 0.1177 | D57: =W57 -> 0.1122 | E57: =X57 -> 0.1109 | F57: =AB57 -> 0.1537 | G57: =AC57 -> 0.1109 | H57: =AD57 -> 0.1089 | I57: =AH57 -> 0.1979 | J57: =AI57 -> 0.108 | K57: =AJ57 -> 0.1096 | L57: =Y57 -> 0.1237 | M57: =Z57 -> 0.1568 | N57: =AA57 -> 0.1266 | O57: =AE57 -> 0.1274 | P57: =AF57 -> 0.1165 | Q57: =AG57 -> 0.1261 | R57: =AK57 -> 0.1124 | S57: =AL57 -> 0.1017 | T57: =AM57 -> 0.1007 | V57: 0.1177 | W57: 0.1122 | X57: 0.1109 | Y57: 0.1237 | Z57: 0.1568 | AA57: 0.1266 | AB57: 0.1537 | AC57: 0.1109 | AD57: 0.1089 | AE57: 0.1274 | AF57: 0.1165 | AG57: 0.1261 | AH57: 0.1979 | AI57: 0.108 | AJ57: 0.1096 | AK57: 0.1124 | AL57: 0.1017 | AM57: 0.1007
A58: 46077.905 | B58: =B57+80 -> 1810 | C58: =V58 -> 0.1155 | D58: =W58 -> 0.1121 | E58: =X58 -> 0.1108 | F58: =AB58 -> 0.1482 | G58: =AC58 -> 0.1356 | H58: =AD58 -> 0.1089 | I58: =AH58 -> 0.156 | J58: =AI58 -> 0.1079 | K58: =AJ58 -> 0.111 | L58: =Y58 -> 0.1517 | M58: =Z58 -> 0.1563 | N58: =AA58 -> 0.1334 | O58: =AE58 -> 0.1184 | P58: =AF58 -> 0.1182 | Q58: =AG58 -> 0.1297 | R58: =AK58 -> 0.117 | S58: =AL58 -> 0.1014 | T58: =AM58 -> 0.1007 | V58: 0.1155 | W58: 0.1121 | X58: 0.1108 | Y58: 0.1517 | Z58: 0.1563 | AA58: 0.1334 | AB58: 0.1482 | AC58: 0.1356 | AD58: 0.1089 | AE58: 0.1184 | AF58: 0.1182 | AG58: 0.1297 | AH58: 0.156 | AI58: 0.1079 | AJ58: 0.111 | AK58: 0.117 | AL58: 0.1014 | AM58: 0.1007
A59: 46077.921 | B59: =B58+20 -> 1830 | C59: =V59 -> 0.1274 | D59: =W59 -> 0.128 | E59: =X59 -> 0.1292 | F59: =AB59 -> 0.1789 | G59: =AC59 -> 0.1317 | H59: =AD59 -> 0.1266 | I59: =AH59 -> 0.1339 | J59: =AI59 -> 0.1283 | K59: =AJ59 -> 0.1248 | L59: =Y59 -> 0.1605 | M59: =Z59 -> 0.2017 | N59: =AA59 -> 0.1627 | O59: =AE59 -> 0.1408 | P59: =AF59 -> 0.144 | Q59: =AG59 -> 0.1463 | R59: =AK59 -> 0.1062 | S59: =AL59 -> 0.1274 | T59: =AM59 -> 0.1171 | V59: 0.1274 | W59: 0.128 | X59: 0.1292 | Y59: 0.1605 | Z59: 0.2017 | AA59: 0.1627 | AB59: 0.1789 | AC59: 0.1317 | AD59: 0.1266 | AE59: 0.1408 | AF59: 0.144 | AG59: 0.1463 | AH59: 0.1339 | AI59: 0.1283 | AJ59: 0.1248 | AK59: 0.1062 | AL59: 0.1274 | AM59: 0.1171
B60: =B59+30 -> 1860 | C60: =V60 -> 0.1248 | D60: =W60 -> 0.1127 | E60: =X60 -> 0.1111 | F60: =AB60 -> 0.1514 | G60: =AC60 -> 0.1109 | H60: =AD60 -> 0.1107 | I60: =AH60 -> 0.1462 | J60: =AI60 -> 0.109 | K60: =AJ60 -> 0.1083 | L60: =Y60 -> 0.1244 | M60: =Z60 -> 0.1722 | N60: =AA60 -> 0.1306 | O60: =AE60 -> 0.1231 | P60: =AF60 -> 0.1208 | Q60: =AG60 -> 0.1319 | R60: =AK60 -> 0.1082 | S60: =AL60 -> 0.1016 | T60: =AM60 -> 0.101 | V60: 0.1248 | W60: 0.1127 | X60: 0.1111 | Y60: 0.1244 | Z60: 0.1722 | AA60: 0.1306 | AB60: 0.1514 | AC60: 0.1109 | AD60: 0.1107 | AE60: 0.1231 | AF60: 0.1208 | AG60: 0.1319 | AH60: 0.1462 | AI60: 0.109 | AJ60: 0.1083 | AK60: 0.1082 | AL60: 0.1016 | AM60: 0.101
B61: =B60+30 -> 1890 | C61: =V61 -> 0.1172 | D61: =W61 -> 0.1131 | E61: =X61 -> 0.1115 | F61: =AB61 -> 0.2146 | G61: =AC61 -> 0.1161 | H61: =AD61 -> 0.1103 | I61: =AH61 -> 0.1744 | J61: =AI61 -> 0.1076 | K61: =AJ61 -> 0.1083 | L61: =Y61 -> 0.1563 | M61: =Z61 -> 0.1536 | N61: =AA61 -> 0.1353 | O61: =AE61 -> 0.1245 | P61: =AF61 -> 0.1177 | Q61: =AG61 -> 0.1304 | R61: =AK61 -> 0.1086 | S61: =AL61 -> 0.101 | T61: =AM61 -> 0.1002 | V61: 0.1172 | W61: 0.1131 | X61: 0.1115 | Y61: 0.1563 | Z61: 0.1536 | AA61: 0.1353 | AB61: 0.2146 | AC61: 0.1161 | AD61: 0.1103 | AE61: 0.1245 | AF61: 0.1177 | AG61: 0.1304 | AH61: 0.1744 | AI61: 0.1076 | AJ61: 0.1083 | AK61: 0.1086 | AL61: 0.101 | AM61: 0.1002
B62: =B61+30 -> 1920 | C62: =V62 -> 0.1143 | D62: =W62 -> 0.1128 | E62: =X62 -> 0.1111 | F62: =AB62 -> 0.1797 | G62: =AC62 -> 0.1177 | H62: =AD62 -> 0.1103 | I62: =AH62 -> 0.1676 | J62: =AI62 -> 0.1078 | K62: =AJ62 -> 0.1084 | L62: =Y62 -> 0.1612 | M62: =Z62 -> 0.1506 | N62: =AA62 -> 0.1355 | O62: =AE62 -> 0.1226 | P62: =AF62 -> 0.1186 | Q62: =AG62 -> 0.1304 | R62: =AK62 -> 0.107 | S62: =AL62 -> 0.1133 | T62: =AM62 -> 0.1107 | V62: 0.1143 | W62: 0.1128 | X62: 0.1111 | Y62: 0.1612 | Z62: 0.1506 | AA62: 0.1355 | AB62: 0.1797 | AC62: 0.1177 | AD62: 0.1103 | AE62: 0.1226 | AF62: 0.1186 | AG62: 0.1304 | AH62: 0.1676 | AI62: 0.1078 | AJ62: 0.1084 | AK62: 0.107 | AL62: 0.1133 | AM62: 0.1107
B63: =B62+30 -> 1950 | C63: =V63 -> 0.114 | D63: =W63 -> 0.113 | E63: =X63 -> 0.1114 | F63: =AB63 -> 0.1943 | G63: =AC63 -> 0.1091 | H63: =AD63 -> 0.11 | I63: =AH63 -> 0.1686 | J63: =AI63 -> 0.1074 | K63: =AJ63 -> 0.1103 | L63: =Y63 -> 0.1536 | M63: =Z63 -> 0.1452 | N63: =AA63 -> 0.1404 | O63: =AE63 -> 0.1247 | P63: =AF63 -> 0.1175 | Q63: =AG63 -> 0.1334 | R63: =AK63 -> 0.1144 | S63: =AL63 -> 0.1017 | T63: =AM63 -> 0.1008 | V63: 0.114 | W63: 0.113 | X63: 0.1114 | Y63: 0.1536 | Z63: 0.1452 | AA63: 0.1404 | AB63: 0.1943 | AC63: 0.1091 | AD63: 0.11 | AE63: 0.1247 | AF63: 0.1175 | AG63: 0.1334 | AH63: 0.1686 | AI63: 0.1074 | AJ63: 0.1103 | AK63: 0.1144 | AL63: 0.1017 | AM63: 0.1008
B64: =B63+30 -> 1980 | C64: =V64 -> 0.1144 | D64: =W64 -> 0.113 | E64: =X64 -> 0.112 | F64: =AB64 -> 0.1462 | G64: =AC64 -> 0.1076 | H64: =AD64 -> 0.1104 | I64: =AH64 -> 0.1781 | J64: =AI64 -> 0.1076 | K64: =AJ64 -> 0.1084 | L64: =Y64 -> 0.1445 | M64: =Z64 -> 0.1416 | N64: =AA64 -> 0.1261 | O64: =AE64 -> 0.1236 | P64: =AF64 -> 0.1171 | Q64: =AG64 -> 0.1274 | R64: =AK64 -> 0.1062 | S64: =AL64 -> 0.1012 | T64: =AM64 -> 0.0999 | V64: 0.1144 | W64: 0.113 | X64: 0.112 | Y64: 0.1445 | Z64: 0.1416 | AA64: 0.1261 | AB64: 0.1462 | AC64: 0.1076 | AD64: 0.1104 | AE64: 0.1236 | AF64: 0.1171 | AG64: 0.1274 | AH64: 0.1781 | AI64: 0.1076 | AJ64: 0.1084 | AK64: 0.1062 | AL64: 0.1012 | AM64: 0.0999
B65: =B64+30 -> 2010 | C65: =V65 -> 0.1146 | D65: =W65 -> 0.1128 | E65: =X65 -> 0.1115 | F65: =AB65 -> 0.1856 | G65: =AC65 -> 0.1085 | H65: =AD65 -> 0.1099 | I65: =AH65 -> 0.1862 | J65: =AI65 -> 0.1071 | K65: =AJ65 -> 0.1097 | L65: =Y65 -> 0.1323 | M65: =Z65 -> 0.1415 | N65: =AA65 -> 0.1259 | O65: =AE65 -> 0.1259 | P65: =AF65 -> 0.1183 | Q65: =AG65 -> 0.1294 | R65: =AK65 -> 0.1114 | S65: =AL65 -> 0.1011 | T65: =AM65 -> 0.1005 | V65: 0.1146 | W65: 0.1128 | X65: 0.1115 | Y65: 0.1323 | Z65: 0.1415 | AA65: 0.1259 | AB65: 0.1856 | AC65: 0.1085 | AD65: 0.1099 | AE65: 0.1259 | AF65: 0.1183 | AG65: 0.1294 | AH65: 0.1862 | AI65: 0.1071 | AJ65: 0.1097 | AK65: 0.1114 | AL65: 0.1011 | AM65: 0.1005
B66: =B65+30 -> 2040 | C66: =V66 -> 0.1165 | D66: =W66 -> 0.1129 | E66: =X66 -> 0.1119 | F66: =AB66 -> 0.2162 | G66: =AC66 -> 0.1188 | H66: =AD66 -> 0.1104 | I66: =AH66 -> 0.1952 | J66: =AI66 -> 0.108 | K66: =AJ66 -> 0.1088 | L66: =Y66 -> 0.1461 | M66: =Z66 -> 0.1437 | N66: =AA66 -> 0.1291 | O66: =AE66 -> 0.1302 | P66: =AF66 -> 0.1187 | Q66: =AG66 -> 0.131 | R66: =AK66 -> 0.1108 | S66: =AL66 -> 0.1013 | T66: =AM66 -> 0.1004 | V66: 0.1165 | W66: 0.1129 | X66: 0.1119 | Y66: 0.1461 | Z66: 0.1437 | AA66: 0.1291 | AB66: 0.2162 | AC66: 0.1188 | AD66: 0.1104 | AE66: 0.1302 | AF66: 0.1187 | AG66: 0.131 | AH66: 0.1952 | AI66: 0.108 | AJ66: 0.1088 | AK66: 0.1108 | AL66: 0.1013 | AM66: 0.1004
B67: =B66+30 -> 2070 | C67: =V67 -> 0.1165 | D67: =W67 -> 0.1134 | E67: =X67 -> 0.1119 | F67: =AB67 -> 0.1869 | G67: =AC67 -> 0.1076 | H67: =AD67 -> 0.1104 | I67: =AH67 -> 0.189 | J67: =AI67 -> 0.1074 | K67: =AJ67 -> 0.1089 | L67: =Y67 -> 0.1589 | M67: =Z67 -> 0.1411 | N67: =AA67 -> 0.1244 | O67: =AE67 -> 0.1202 | P67: =AF67 -> 0.1188 | Q67: =AG67 -> 0.1313 | R67: =AK67 -> 0.1144 | S67: =AL67 -> 0.1009 | T67: =AM67 -> 0.1004 | V67: 0.1165 | W67: 0.1134 | X67: 0.1119 | Y67: 0.1589 | Z67: 0.1411 | AA67: 0.1244 | AB67: 0.1869 | AC67: 0.1076 | AD67: 0.1104 | AE67: 0.1202 | AF67: 0.1188 | AG67: 0.1313 | AH67: 0.189 | AI67: 0.1074 | AJ67: 0.1089 | AK67: 0.1144 | AL67: 0.1009 | AM67: 0.1004
B68: =B67+30 -> 2100 | C68: =V68 -> 0.116 | D68: =W68 -> 0.1136 | E68: =X68 -> 0.1119 | F68: =AB68 -> 0.1441 | G68: =AC68 -> 0.1111 | H68: =AD68 -> 0.1099 | I68: =AH68 -> 0.167 | J68: =AI68 -> 0.1081 | K68: =AJ68 -> 0.1129 | L68: =Y68 -> 0.1412 | M68: =Z68 -> 0.1441 | N68: =AA68 -> 0.1275 | O68: =AE68 -> 0.121 | P68: =AF68 -> 0.117 | Q68: =AG68 -> 0.1349 | R68: =AK68 -> 0.1213 | S68: =AL68 -> 0.1012 | T68: =AM68 -> 0.1005 | V68: 0.116 | W68: 0.1136 | X68: 0.1119 | Y68: 0.1412 | Z68: 0.1441 | AA68: 0.1275 | AB68: 0.1441 | AC68: 0.1111 | AD68: 0.1099 | AE68: 0.121 | AF68: 0.117 | AG68: 0.1349 | AH68: 0.167 | AI68: 0.1081 | AJ68: 0.1129 | AK68: 0.1213 | AL68: 0.1012 | AM68: 0.1005
B69: =B68+30 -> 2130 | C69: =V69 -> 0.1154 | D69: =W69 -> 0.1136 | E69: =X69 -> 0.1119 | F69: =AB69 -> 0.204 | G69: =AC69 -> 0.1197 | H69: =AD69 -> 0.11 | I69: =AH69 -> 0.2019 | J69: =AI69 -> 0.1075 | K69: =AJ69 -> 0.1134 | L69: =Y69 -> 0.1587 | M69: =Z69 -> 0.1427 | N69: =AA69 -> 0.1281 | O69: =AE69 -> 0.1295 | P69: =AF69 -> 0.1182 | Q69: =AG69 -> 0.1315 | R69: =AK69 -> 0.1055 | S69: =AL69 -> 0.1009 | T69: =AM69 -> 0.1003 | V69: 0.1154 | W69: 0.1136 | X69: 0.1119 | Y69: 0.1587 | Z69: 0.1427 | AA69: 0.1281 | AB69: 0.204 | AC69: 0.1197 | AD69: 0.11 | AE69: 0.1295 | AF69: 0.1182 | AG69: 0.1315 | AH69: 0.2019 | AI69: 0.1075 | AJ69: 0.1134 | AK69: 0.1055 | AL69: 0.1009 | AM69: 0.1003
B70: =B69+30 -> 2160 | C70: =V70 -> 0.1149 | D70: =W70 -> 0.1137 | E70: =X70 -> 0.1117 | F70: =AB70 -> 0.1562 | G70: =AC70 -> 0.1096 | H70: =AD70 -> 0.1106 | I70: =AH70 -> 0.1762 | J70: =AI70 -> 0.1078 | K70: =AJ70 -> 0.112 | L70: =Y70 -> 0.1354 | M70: =Z70 -> 0.1426 | N70: =AA70 -> 0.127 | O70: =AE70 -> 0.1306 | P70: =AF70 -> 0.1225 | Q70: =AG70 -> 0.1396 | R70: =AK70 -> 0.1077 | S70: =AL70 -> 0.1012 | T70: =AM70 -> 0.1006 | V70: 0.1149 | W70: 0.1137 | X70: 0.1117 | Y70: 0.1354 | Z70: 0.1426 | AA70: 0.127 | AB70: 0.1562 | AC70: 0.1096 | AD70: 0.1106 | AE70: 0.1306 | AF70: 0.1225 | AG70: 0.1396 | AH70: 0.1762 | AI70: 0.1078 | AJ70: 0.112 | AK70: 0.1077 | AL70: 0.1012 | AM70: 0.1006
B71: =B70+30 -> 2190 | C71: =V71 -> 0.115 | D71: =W71 -> 0.1138 | E71: =X71 -> 0.1118 | F71: =AB71 -> 0.1903 | G71: =AC71 -> 0.1065 | H71: =AD71 -> 0.1099 | I71: =AH71 -> 0.1721 | J71: =AI71 -> 0.1072 | K71: =AJ71 -> 0.1095 | L71: =Y71 -> 0.1547 | M71: =Z71 -> 0.1414 | N71: =AA71 -> 0.1335 | O71: =AE71 -> 0.1346 | P71: =AF71 -> 0.1182 | Q71: =AG71 -> 0.1369 | R71: =AK71 -> 0.1152 | S71: =AL71 -> 0.101 | T71: =AM71 -> 0.1003 | V71: 0.115 | W71: 0.1138 | X71: 0.1118 | Y71: 0.1547 | Z71: 0.1414 | AA71: 0.1335 | AB71: 0.1903 | AC71: 0.1065 | AD71: 0.1099 | AE71: 0.1346 | AF71: 0.1182 | AG71: 0.1369 | AH71: 0.1721 | AI71: 0.1072 | AJ71: 0.1095 | AK71: 0.1152 | AL71: 0.101 | AM71: 0.1003
... B97: =B96+30 -> 2970 | C97: =V97 -> 0.1181 | D97: =W97 -> 0.1183 | E97: =X97 -> 0.1146 | F97: =AB97 -> 0.2204 | G97: =AC97 -> 0.106 | H97: =AD97 -> 0.1113 | I97: =AH97 -> 0.16 | J97: =AI97 -> 0.1078 | K97: =AJ97 -> 0.1103 | L97: =Y97 -> 0.1363 | M97: =Z97 -> 0.1464 | N97: =AA97 -> 0.1331 | O97: =AE97 -> 0.1293 | P97: =AF97 -> 0.1245 | Q97: =AG97 -> 0.1557 | R97: =AK97 -> 0.1045 | S97: =AL97 -> 0.1009 | T97: =AM97 -> 0.1 | V97: 0.1181 | W97: 0.1183 | X97: 0.1146 | Y97: 0.1363 | Z97: 0.1464 | AA97: 0.1331 | AB97: 0.2204 | AC97: 0.106 | AD97: 0.1113 | AE97: 0.1293 | AF97: 0.1245 | AG97: 0.1557 | AH97: 0.16 | AI97: 0.1078 | AJ97: 0.1103 | AK97: 0.1045 | AL97: 0.1009 | AM97: 0.1
A98: 46078.733 | B98: =B97+30 -> 3000 | C98: =V98 -> 0.1188 | D98: =W98 -> 0.1178 | E98: =X98 -> 0.1146 | F98: =AB98 -> 0.1899 | G98: =AC98 -> 0.1057 | H98: =AD98 -> 0.1115 | I98: =AH98 -> 0.1764 | J98: =AI98 -> 0.1078 | K98: =AJ98 -> 0.108 | L98: =Y98 -> 0.1573 | M98: =Z98 -> 0.1435 | N98: =AA98 -> 0.1359 | O98: =AE98 -> 0.1268 | P98: =AF98 -> 0.1244 | Q98: =AG98 -> 0.1521 | R98: =AK98 -> 0.1091 | S98: =AL98 -> 0.1012 | T98: =AM98 -> 0.1002 | V98: 0.1188 | W98: 0.1178 | X98: 0.1146 | Y98: 0.1573 | Z98: 0.1435 | AA98: 0.1359 | AB98: 0.1899 | AC98: 0.1057 | AD98: 0.1115 | AE98: 0.1268 | AF98: 0.1244 | AG98: 0.1521 | AH98: 0.1764 | AI98: 0.1078 | AJ98: 0.108 | AK98: 0.1091 | AL98: 0.1012 | AM98: 0.1002
A99: Time Slots | B99: Time point | C99: =C2 -> Dark-P-C1 | D99: =D2 -> Dark-P-C2 | E99: =E2 -> Dark-P-C3 | F99: =F2 -> Dark-P-Ac1 | G99: =G2 -> Dark-P-Ac2 | H99: =H2 -> Dark-P-Ac3 | I99: =I2 -> Dark-P-S1 | J99: =J2 -> Dark-P-S2 | ... T99: =T2 -> IR-P-S3
A100: △0-12 | B100: =12*60 -> 720 | C100: =(C27-C3)/0.5 -> -0.0006 | D100: =(D27-D3)/0.5 -> -0.001 | E100: =(E27-E3)/0.5 -> 0.005 | F100: =(F27-F3)/0.5 -> -0.0398 | G100: =(G27-G3)/0.5 -> 0.0462 | H100: =(H27-H3)/0.5 -> -0.0142 | I100: =(I27-I3)/0.5 -> -0.0666 | J100: =(J27-J3)/0.5 -> 0.0094 | ... T100: =(T27-T3)/0.5 -> -0.0202
A101: △12-24 | B101: =24*60 -> 1440 | C101: =(C51-C27)/0.5 -> 0.001 | D101: =(D51-D27)/0.5 -> -0.0008 | E101: =(E51-E27)/0.5 -> -0.0012 | F101: =(F51-F27)/0.5 -> 0.051 | G101: =(G51-G27)/0.5 -> -0.0288 | H101: =(H51-H27)/0.5 -> -0.0054 | I101: =(I51-I27)/0.5 -> -0.01 | J101: =(J51-J27)/0.5 -> -0.011 | ... T101: =(T51-T27)/0.5 -> -0.0018
A102: △24-36 | B102: =36*60 -> 2160 | C102: =(C70-C51)/0.5 -> 0.0056 | D102: =(D70-D51)/0.5 -> 0.0078 | E102: =(E70-E51)/0.5 -> 0.0012 | F102: =(F70-F51)/0.5 -> -0.0296 | G102: =(G70-G51)/0.5 -> -0.0256 | H102: =(H70-H51)/0.5 -> 0.0036 | I102: =(I70-I51)/0.5 -> 0.065 | J102: =(J70-J51)/0.5 -> -0.0092 | ... T102: =(T70-T51)/0.5 -> -0.001
A103: △36-48 | B103: =48*60 -> 2880 | C103: =(C97-C70)/0.5 -> 0.0064 | D103: =(D97-D70)/0.5 -> 0.0092 | E103: =(E97-E70)/0.5 -> 0.0058 | F103: =(F97-F70)/0.5 -> 0.1284 | G103: =(G97-G70)/0.5 -> -0.0072 | H103: =(H97-H70)/0.5 -> 0.0014 | I103: =(I97-I70)/0.5 -> -0.0324 | J103: =(J97-J70)/0.5 -> 0 | ... Q103: =(Q97-Q70)/0.5 -> 0.0322 | R103: =(R94-R70)/0.5 -> -0.0014 | S103: =(S94-S70)/0.5 -> 0 | T103: =(T94-T70)/0.5 -> -0.0006
A104: △sum | B104: 0-2880 | C104: =SUM(C100:C103)/4 -> 0.0031 | D104: =SUM(D100:D103)/4 -> 0.0038 | E104: =SUM(E100:E103)/4 -> 0.0027 | F104: =SUM(F100:F103)/4 -> 0.0275 | G104: =SUM(G100:G103)/4 -> -0.00385 | H104: =SUM(H100:H103)/4 -> -0.00365 | I104: =SUM(I100:I103)/4 -> -0.011 | J104: =SUM(J100:J103)/4 -> -0.0027 | ... T104: =SUM(T100:T103)/4 -> -0.0059

Sheet r2.A
A1: Sample | B1: Time | C1: OD600 | D1: Group | E1: Light
A2: pd.1_Control_Dark | B2: 0 | C2: ='r2.raw.A'!C3 -> 0.1096 | D2: Control | E2: Dark
A3: pd.1_Control_Dark | B3: 30 | C3: ='r2.raw.A'!C4 -> 0.1096 | D3: Control | E3: Dark
A4: pd.1_Control_Dark | B4: 60 | C4: ='r2.raw.A'!C5 -> 0.1095 | D4: Control | E4: Dark
A5: pd.1_Control_Dark | B5: 90 | C5: ='r2.raw.A'!C6 -> 0.1094 | D5: Control | E5: Dark
A6: pd.1_Control_Dark | B6: 120 | C6: ='r2.raw.A'!C7 -> 0.1092 | D6: Control | E6: Dark
A7: pd.1_Control_Dark | B7: 150 | C7: ='r2.raw.A'!C8 -> 0.1088 | D7: Control | E7: Dark
A8: pd.1_Control_Dark | B8: 180 | C8: ='r2.raw.A'!C9 -> 0.1087 | D8: Control | E8: Dark
A9: pd.1_Control_Dark | B9: 210 | C9: ='r2.raw.A'!C10 -> 0.1092 | D9: Control | E9: Dark
A10: pd.1_Control_Dark | B10: 240 | C10: ='r2.raw.A'!C11 -> 0.1101 | D10: Control | E10: Dark
A11: pd.1_Control_Dark | B11: 270 | C11: ='r2.raw.A'!C12 -> 0.1101 | D11: Control | E11: Dark
A12: pd.1_Control_Dark | B12: 300 | C12: ='r2.raw.A'!C13 -> 0.1106 | D12: Control | E12: Dark
A13: pd.1_Control_Dark | B13: 330 | C13: ='r2.raw.A'!C14 -> 0.1104 | D13: Control | E13: Dark
... A97: pd.1_Control_Dark | B97: 2900 | C97: ='r2.raw.A'!C98 -> 0.1153 | D97: Control | E97: Dark
A98: pd.2_Control_Dark | B98: 0 | C98: ='r2.raw.A'!D3 -> 0.1125 | D98: Control | E98: Dark
A99: pd.2_Control_Dark | B99: 30 | C99: ='r2.raw.A'!D4 -> 0.1128 | D99: Control | E99: Dark
A100: pd.2_Control_Dark | B100: 60 | C100: ='r2.raw.A'!D5 -> 0.1127 | D100: Control | E100: Dark
A101: pd.2_Control_Dark | B101: 90 | C101: ='r2.raw.A'!D6 -> 0.1123 | D101: Control | E101: Dark
A102: pd.2_Control_Dark | B102: 120 | C102: ='r2.raw.A'!D7 -> 0.1122 | D102: Control | E102: Dark
A103: pd.2_Control_Dark | B103: 150 | C103: ='r2.raw.A'!D8 -> 0.1096 | D103: Control | E103: Dark
A104: pd.2_Control_Dark | B104: 180 | C104: ='r2.raw.A'!D9 -> 0.11 | D104: Control | E104: Dark
A105: pd.2_Control_Dark | B105: 210 | C105: ='r2.raw.A'!D10 -> 0.1105 | D105: Control | E105: Dark
A106: pd.2_Control_Dark | B106: 240 | C106: ='r2.raw.A'!D11 -> 0.1106 | D106: Control | E106: Dark
A107: pd.2_Control_Dark | B107: 270 | C107: ='r2.raw.A'!D12 -> 0.1107 | D107: Control | E107: Dark
A108: pd.2_Control_Dark | B108: 300 | C108: ='r2.raw.A'!D13 -> 0.1111 | D108: Control | E108: Dark
A109: pd.2_Control_Dark | B109: 330 | C109: ='r2.raw.A'!D14 -> 0.1116 | D109: Control | E109: Dark
... A193: pd.2_Control_Dark | B193: 2900 | C193: ='r2.raw.A'!D98 -> 0.1183 | D193: Control | E193: Dark
A194: pd.3_Control_Dark | B194: 0 | C194: ='r2.raw.A'!E3 -> 0.114 | D194: Control | E194: Dark
A195: pd.3_Control_Dark | B195: 30 | C195: ='r2.raw.A'!E4 -> 0.1141 | D195: Control | E195: Dark
A196: pd.3_Control_Dark | B196: 60 | C196: ='r2.raw.A'!E5 -> 0.114 | D196: Control | E196: Dark
A197: pd.3_Control_Dark | B197: 90 | C197: ='r2.raw.A'!E6 -> 0.1139 | D197: Control | E197: Dark
A198: pd.3_Control_Dark | B198: 120 | C198: ='r2.raw.A'!E7 -> 0.1141 | D198: Control | E198: Dark
A199: pd.3_Control_Dark | B199: 150 | C199: ='r2.raw.A'!E8 -> 0.1096 | D199: Control | E199: Dark
A200: pd.3_Control_Dark | B200: 180 | C200: ='r2.raw.A'!E9 -> 0.11 | D200: Control | E200: Dark
A201: pd.3_Control_Dark | B201: 210 | C201: ='r2.raw.A'!E10 -> 0.1107 | D201: Control | E201: Dark
A202: pd.3_Control_Dark | B202: 240 | C202: ='r2.raw.A'!E11 -> 0.1107 | D202: Control | E202: Dark
A203: pd.3_Control_Dark | B203: 270 | C203: ='r2.raw.A'!E12 -> 0.111 | D203: Control | E203: Dark
A204: pd.3_Control_Dark | B204: 300 | C204: ='r2.raw.A'!E13 -> 0.1113 | D204: Control | E204: Dark
A205: pd.3_Control_Dark | B205: 330 | C205: ='r2.raw.A'!E14 -> 0.1117 | D205: Control | E205: Dark
... A289: pd.3_Control_Dark | B289: 2900 | C289: ='r2.raw.A'!E98 -> 0.1114 | D289: Control | E289: Dark
A290: pd.1_Acetate_Dark | B290: 0 | C290: ='r2.raw.A'!F3 -> 0.1158 | D290: Acetate | E290: Dark
A291: pd.1_Acetate_Dark | B291: 30 | C291: ='r2.raw.A'!F4 -> 0.1141 | D291: Acetate | E291: Dark
A292: pd.1_Acetate_Dark | B292: 60 | C292: ='r2.raw.A'!F5 -> 0.1147 | D292: Acetate | E292: Dark
A293: pd.1_Acetate_Dark | B293: 90 | C293: ='r2.raw.A'!F6 -> 0.1145 | D293: Acetate | E293: Dark
A294: pd.1_Acetate_Dark | B294: 120 | C294: ='r2.raw.A'!F7 -> 0.115 | D294: Acetate | E294: Dark
A295: pd.1_Acetate_Dark | B295: 150 | C295: ='r2.raw.A'!F8 -> 0.1051 | D295: Acetate | E295: Dark
A296: pd.1_Acetate_Dark | B296: 180 | C296: ='r2.raw.A'!F9 -> 0.1051 | D296: Acetate | E296: Dark
A297: pd.1_Acetate_Dark | B297: 210 | C297: ='r2.raw.A'!F10 -> 0.1049 | D297: Acetate | E297: Dark
A298: pd.1_Acetate_Dark | B298: 240 | C298: ='r2.raw.A'!F11 -> 0.1051 | D298: Acetate | E298: Dark
A299: pd.1_Acetate_Dark | B299: 270 | C299: ='r2.raw.A'!F12 -> 0.1052 | D299: Acetate | E299: Dark
A300: pd.1_Acetate_Dark | B300: 300 | C300: ='r2.raw.A'!F13 -> 0.105 | D300: Acetate | E300: Dark
A301: pd.1_Acetate_Dark | B301: 330 | C301: ='r2.raw.A'!F14 -> 0.1053 | D301: Acetate | E301: Dark
... A385: pd.1_Acetate_Dark | B385: 2900 | C385: ='r2.raw.A'!F98 -> 0.1051 | D385: Acetate | E385: Dark
A386: pd.2_Acetate_Dark | B386: 0 | C386: ='r2.raw.A'!G3 -> 0.1228 | D386: Acetate | E386: Dark
A387: pd.2_Acetate_Dark | B387: 30 | C387: ='r2.raw.A'!G4 -> 0.1209 | D387: Acetate | E387: Dark
A388: pd.2_Acetate_Dark | B388: 60 | C388: ='r2.raw.A'!G5 -> 0.1214 | D388: Acetate | E388: Dark
A389: pd.2_Acetate_Dark | B389: 90 | C389: ='r2.raw.A'!G6 -> 0.1217 | D389: Acetate | E389: Dark
A390: pd.2_Acetate_Dark | B390: 120 | C390: ='r2.raw.A'!G7 -> 0.122 | D390: Acetate | E390: Dark
A391: pd.2_Acetate_Dark | B391: 150 | C391: ='r2.raw.A'!G8 -> 0.1059 | D391: Acetate | E391: Dark
A392: pd.2_Acetate_Dark | B392: 180 | C392: ='r2.raw.A'!G9 -> 0.1059 | D392: Acetate | E392: Dark
A393: pd.2_Acetate_Dark | B393: 210 | C393: ='r2.raw.A'!G10 -> 0.1058 | D393: Acetate | E393: Dark
A394: pd.2_Acetate_Dark | B394: 240 | C394: ='r2.raw.A'!G11 -> 0.1056 | D394: Acetate | E394: Dark
A395: pd.2_Acetate_Dark | B395: 270 | C395: ='r2.raw.A'!G12 -> 0.1056 | D395: Acetate | E395: Dark
A396: pd.2_Acetate_Dark | B396: 300 | C396: ='r2.raw.A'!G13 -> 0.1056 | D396: Acetate | E396: Dark
A397: pd.2_Acetate_Dark | B397: 330 | C397: ='r2.raw.A'!G14 -> 0.106 | D397: Acetate | E397: Dark
... A481: pd.2_Acetate_Dark | B481: 2900 | C481: ='r2.raw.A'!G98 -> 0.1265 | D481: Acetate | E481: Dark
A482: pd.3_Acetate_Dark | B482: 0 | C482: ='r2.raw.A'!H3 -> 0.1259 | D482: Acetate | E482: Dark
A483: pd.3_Acetate_Dark | B483: 30 | C483: ='r2.raw.A'!H4 -> 0.1238 | D483: Acetate | E483: Dark
A484: pd.3_Acetate_Dark | B484: 60 | C484: ='r2.raw.A'!H5 -> 0.1239 | D484: Acetate | E484: Dark
A485: pd.3_Acetate_Dark | B485: 90 | C485: ='r2.raw.A'!H6 -> 0.1237 | D485: Acetate | E485: Dark
A486: pd.3_Acetate_Dark | B486: 120 | C486: ='r2.raw.A'!H7 -> 0.1235 | D486: Acetate | E486: Dark
A487: pd.3_Acetate_Dark | B487: 150 | C487: ='r2.raw.A'!H8 -> 0.1061 | D487: Acetate | E487: Dark
A488: pd.3_Acetate_Dark | B488: 180 | C488: ='r2.raw.A'!H9 -> 0.1062 | D488: Acetate | E488: Dark
A489: pd.3_Acetate_Dark | B489: 210 | C489: ='r2.raw.A'!H10 -> 0.1063 | D489: Acetate | E489: Dark
A490: pd.3_Acetate_Dark | B490: 240 | C490: ='r2.raw.A'!H11 -> 0.1064 | D490: Acetate | E490: Dark
A491: pd.3_Acetate_Dark | B491: 270 | C491: ='r2.raw.A'!H12 -> 0.1063 | D491: Acetate | E491: Dark
A492: pd.3_Acetate_Dark | B492: 300 | C492: ='r2.raw.A'!H13 -> 0.1064 | D492: Acetate | E492: Dark
A493: pd.3_Acetate_Dark | B493: 330 | C493: ='r2.raw.A'!H14 -> 0.1066 | D493: Acetate | E493: Dark
... A577: pd.3_Acetate_Dark | B577: 2900 | C577: ='r2.raw.A'!H98 -> 0.1285 | D577: Acetate | E577: Dark
A578: pd.1_Thiosulfate_Dark | B578: 0 | C578: ='r2.raw.A'!I3 -> 0.1088 | D578: Thiosulfate | E578: Dark
A579: pd.1_Thiosulfate_Dark | B579: 30 | C579: ='r2.raw.A'!I4 -> 0.1087 | D579: Thiosulfate | E579: Dark
A580: pd.1_Thiosulfate_Dark | B580: 60 | C580: ='r2.raw.A'!I5 -> 0.1085 | D580: Thiosulfate | E580: Dark
A581: pd.1_Thiosulfate_Dark | B581: 90 | C581: ='r2.raw.A'!I6 -> 0.1086 | D581: Thiosulfate | E581: Dark
A582: pd.1_Thiosulfate_Dark | B582: 120 | C582: ='r2.raw.A'!I7 -> 0.1084 | D582: Thiosulfate | E582: Dark
A583: pd.1_Thiosulfate_Dark | B583: 150 | C583: ='r2.raw.A'!I8 -> 0.1077 | D583: Thiosulfate | E583: Dark
A584: pd.1_Thiosulfate_Dark | B584: 180 | C584: ='r2.raw.A'!I9 -> 0.1077 | D584: Thiosulfate | E584: Dark
A585: pd.1_Thiosulfate_Dark | B585: 210 | C585: ='r2.raw.A'!I10 -> 0.1077 | D585: Thiosulfate | E585: Dark
A586: pd.1_Thiosulfate_Dark | B586: 240 | C586: ='r2.raw.A'!I11 -> 0.108 | D586: Thiosulfate | E586: Dark
A587: pd.1_Thiosulfate_Dark | B587: 270 | C587: ='r2.raw.A'!I12 -> 0.108 | D587: Thiosulfate | E587: Dark
A588: pd.1_Thiosulfate_Dark | B588: 300 | C588: ='r2.raw.A'!I13 -> 0.1082 | D588: Thiosulfate | E588: Dark
A589: pd.1_Thiosulfate_Dark | B589: 330 | C589: ='r2.raw.A'!I14 -> 0.1081 | D589: Thiosulfate | E589: Dark
... A673: pd.1_Thiosulfate_Dark | B673: 2900 | C673: ='r2.raw.A'!I98 -> 0.1121 | D673: Thiosulfate | E673: Dark
A674: pd.2_Thiosulfate_Dark | B674: 0 | C674: ='r2.raw.A'!J3 -> 0.1083 | D674: Thiosulfate | E674: Dark
A675: pd.2_Thiosulfate_Dark | B675: 30 | C675: ='r2.raw.A'!J4 -> 0.1082 | D675: Thiosulfate | E675: Dark
A676: pd.2_Thiosulfate_Dark | B676: 60 | C676: ='r2.raw.A'!J5 -> 0.108 | D676: Thiosulfate | E676: Dark
A677: pd.2_Thiosulfate_Dark | B677: 90 | C677: ='r2.raw.A'!J6 -> 0.1079 | D677: Thiosulfate | E677: Dark
A678: pd.2_Thiosulfate_Dark | B678: 120 | C678: ='r2.raw.A'!J7 -> 0.1081 | D678: Thiosulfate | E678: Dark
A679: pd.2_Thiosulfate_Dark | B679: 150 | C679: ='r2.raw.A'!J8 -> 0.1078 | D679: Thiosulfate | E679: Dark
A680: pd.2_Thiosulfate_Dark | B680: 180 | C680: ='r2.raw.A'!J9 -> 0.1091 | D680: Thiosulfate | E680: Dark
A681: pd.2_Thiosulfate_Dark | B681: 210 | C681: ='r2.raw.A'!J10 -> 0.1089 | D681: Thiosulfate | E681: Dark
...

Sheet r2.raw.A
A1: Data-Time | B1: Time | C1: Dark | L1: IR | V1: RAW
A2: Data-Time | B2: Time 1 | C2: Dark-A-C1 | D2: Dark-A-C2 | E2: Dark-A-C3 | F2: Dark-A-Ac1 | G2: Dark-A-Ac2 | H2: Dark-A-Ac3 | I2: Dark-A-S1 | J2: Dark-A-S2 | K2: Dark-A-S3 | L2: IR-A-C1 | M2: IR-A-C2 | N2: IR-A-C3 | O2: IR-A-Ac1 | P2: IR-A-Ac2 | Q2: IR-A-Ac3 | R2: IR-A-S1 | S2: IR-A-S2 | T2: IR-A-S3 | U2: Tips | V2: C-D | Y2: C-I | AB2: Ac-D | AE2: Ac-I | AH2: S-D | AK2: S-I
A3: 46076.738 | B3: 0 | C3: 0.1096 | D3: 0.1125 | E3: 0.114 | F3: 0.1158 | G3: 0.1228 | H3: 0.1259 | I3: 0.1088 | J3: 0.1083 | K3: 0.1115 | L3: 0.1101 | M3: 0.1106 | N3: 0.1106 | O3: 0.1094 | P3: 0.1143 | Q3: 0.1245 | R3: 0.1077 | S3: 0.1114 | T3: 0.112 | V3: 0.1096 | W3: 0.1125 | X3: 0.114 | Y3: 0.1101 | Z3: 0.1106 | AA3: 0.1106 | AB3: 0.1158 | AC3: 0.1228 | AD3: 0.1259 | AE3: 0.1094 | AF3: 0.1143 | AG3: 0.1245 | AH3: 0.1088 | AI3: 0.1083 | AJ3: 0.1115 | AK3: 0.1077 | AL3: 0.1114 | AM3: 0.112
B4: 30 | C4: 0.1096 | D4: 0.1128 | E4: 0.1141 | F4: 0.1141 | G4: 0.1209 | H4: 0.1238 | I4: 0.1087 | J4: 0.1082 | K4: 0.1116 | L4: 0.1099 | M4: 0.1105 | N4: 0.1103 | O4: 0.109 | P4: 0.114 | Q4: 0.1232 | R4: 0.1077 | S4: 0.1109 | T4: 0.1118 | V4: 0.1096 | W4: 0.1128 | X4: 0.1141 | Y4: 0.1099 | Z4: 0.1105 | AA4: 0.1103 | AB4: 0.1141 | AC4: 0.1209 | AD4: 0.1238 | AE4: 0.109 | AF4: 0.114 | AG4: 0.1232 | AH4: 0.1087 | AI4: 0.1082 | AJ4: 0.1116 | AK4: 0.1077 | AL4: 0.1109 | AM4: 0.1118
B5: =B4+30 -> 60 | C5: 0.1095 | D5: 0.1127 | E5: 0.114 | F5: 0.1147 | G5: 0.1214 | H5: 0.1239 | I5: 0.1085 | J5: 0.108 | K5: 0.1112 | L5: 0.1097 | M5: 0.1103 | N5: 0.1101 | O5: 0.1089 | P5: 0.1145 | Q5: 0.1237 | R5: 0.1074 | S5: 0.1107 | T5: 0.1118 | V5: 0.1095 | W5: 0.1127 | X5: 0.114 | Y5: 0.1097 | Z5: 0.1103 | AA5: 0.1101 | AB5: 0.1147 | AC5: 0.1214 | AD5: 0.1239 | AE5: 0.1089 | AF5: 0.1145 | AG5: 0.1237 | AH5: 0.1085 | AI5: 0.108 | AJ5: 0.1112 | AK5: 0.1074 | AL5: 0.1107 | AM5: 0.1118
B6: =B5+30 -> 90 | C6: 0.1094 | D6: 0.1123 | E6: 0.1139 | F6: 0.1145 | G6: 0.1217 | H6: 0.1237 | I6: 0.1086 | J6: 0.1079 | K6: 0.1112 | L6: 0.1095 | M6: 0.1102 | N6: 0.1101 | O6: 0.1089 | P6: 0.1148 | Q6: 0.1242 | R6: 0.1075 | S6: 0.1107 | T6: 0.1115 | V6: 0.1094 | W6: 0.1123 | X6: 0.1139 | Y6: 0.1095 | Z6: 0.1102 | AA6: 0.1101 | AB6: 0.1145 | AC6: 0.1217 | AD6: 0.1237 | AE6: 0.1089 | AF6: 0.1148 | AG6: 0.1242 | AH6: 0.1086 | AI6: 0.1079 | AJ6: 0.1112 | AK6: 0.1075 | AL6: 0.1107 | AM6: 0.1115
A7: 46076.821 | B7: =B6+30 -> 120 | C7: 0.1092 | D7: 0.1122 | E7: 0.1141 | F7: 0.115 | G7: 0.122 | H7: 0.1235 | I7: 0.1084 | J7: 0.1081 | K7: 0.111 | L7: 0.1096 | M7: 0.1102 | N7: 0.11 | O7: 0.1088 | P7: 0.1154 | Q7: 0.1245 | R7: 0.1075 | S7: 0.1105 | T7: 0.1113 | V7: 0.1092 | W7: 0.1122 | X7: 0.1141 | Y7: 0.1096 | Z7: 0.1102 | AA7: 0.11 | AB7: 0.115 | AC7: 0.122 | AD7: 0.1235 | AE7: 0.1088 | AF7: 0.1154 | AG7: 0.1245 | AH7: 0.1084 | AI7: 0.1081 | AJ7: 0.111 | AK7: 0.1075 | AL7: 0.1105 | AM7: 0.1113
A8: 46076.829 | B8: =B7+30 -> 150 | C8: 0.1088 | D8: 0.1096 | E8: 0.1096 | F8: 0.1051 | G8: 0.1059 | H8: 0.1061 | I8: 0.1077 | J8: 0.1078 | K8: 0.1084 | L8: 0.1085 | M8: 0.1107 | N8: 0.1117 | O8: 0.1079 | P8: 0.1078 | Q8: 0.1068 | R8: 0.1072 | S8: 0.1083 | T8: 0.1081 | V8: 0.1088 | W8: 0.1096 | X8: 0.1096 | Y8: 0.1085 | Z8: 0.1107 | AA8: 0.1117 | AB8: 0.1051 | AC8: 0.1059 | AD8: 0.1061 | AE8: 0.1079 | AF8: 0.1078 | AG8: 0.1068 | AH8: 0.1077 | AI8: 0.1078 | AJ8: 0.1084 | AK8: 0.1072 | AL8: 0.1083 | AM8: 0.1081
B9: =B8+30 -> 180 | C9: 0.1087 | D9: 0.11 | E9: 0.11 | F9: 0.1051 | G9: 0.1059 | H9: 0.1062 | I9: 0.1077 | J9: 0.1091 | K9: 0.1086 | L9: 0.1088 | M9: 0.1104 | N9: 0.1115 | O9: 0.1083 | P9: 0.108 | Q9: 0.1064 | R9: 0.107 | S9: 0.1087 | T9: 0.1083 | V9: 0.1087 | W9: 0.11 | X9: 0.11 | Y9: 0.1088 | Z9: 0.1104 | AA9: 0.1115 | AB9: 0.1051 | AC9: 0.1059 | AD9: 0.1062 | AE9: 0.1083 | AF9: 0.108 | AG9: 0.1064 | AH9: 0.1077 | AI9: 0.1091 | AJ9: 0.1086 | AK9: 0.107 | AL9: 0.1087 | AM9: 0.1083
B10: =B9+30 -> 210 | C10: 0.1092 | D10: 0.1105 | E10: 0.1107 | F10: 0.1049 | G10: 0.1058 | H10: 0.1063 | I10: 0.1077 | J10: 0.1089 | K10: 0.1087 | L10: 0.1092 | M10: 0.111 | N10: 0.112 | O10: 0.1081 | P10: 0.1078 | Q10: 0.1071 | R10: 0.1076 | S10: 0.1089 | T10: 0.1092 | V10: 0.1092 | W10: 0.1105 | X10: 0.1107 | Y10: 0.1092 | Z10: 0.111 | AA10: 0.112 | AB10: 0.1049 | AC10: 0.1058 | AD10: 0.1063 | AE10: 0.1081 | AF10: 0.1078 | AG10: 0.1071 | AH10: 0.1077 | AI10: 0.1089 | AJ10: 0.1087 | AK10: 0.1076 | AL10: 0.1089 | AM10: 0.1092
B11: =B10+30 -> 240 | C11: 0.1101 | D11: 0.1106 | E11: 0.1107 | F11: 0.1051 | G11: 0.1056 | H11: 0.1064 | I11: 0.108 | J11: 0.1089 | K11: 0.109 | L11: 0.1091 | M11: 0.1115 | N11: 0.1121 | O11: 0.1082 | P11: 0.1074 | Q11: 0.1069 | R11: 0.108 | S11: 0.109 | T11: 0.1093 | V11: 0.1101 | W11: 0.1106 | X11: 0.1107 | Y11: 0.1091 | Z11: 0.1115 | AA11: 0.1121 | AB11: 0.1051 | AC11: 0.1056 | AD11: 0.1064 | AE11: 0.1082 | AF11: 0.1074 | AG11: 0.1069 | AH11: 0.108 | AI11: 0.1089 | AJ11: 0.109 | AK11: 0.108 | AL11: 0.109 | AM11: 0.1093
B12: =B11+30 -> 270 | C12: 0.1101 | D12: 0.1107 | E12: 0.111 | F12: 0.1052 | G12: 0.1056 | H12: 0.1063 | I12: 0.108 | J12: 0.1085 | K12: 0.1097 | L12: 0.109 | M12: 0.1118 | N12: 0.1116 | O12: 0.1079 | P12: 0.1072 | Q12: 0.1068 | R12: 0.1083 | S12: 0.109 | T12: 0.1094 | V12: 0.1101 | W12: 0.1107 | X12: 0.111 | Y12: 0.109 | Z12: 0.1118 | AA12: 0.1116 | AB12: 0.1052 | AC12: 0.1056 | AD12: 0.1063 | AE12: 0.1079 | AF12: 0.1072 | AG12: 0.1068 | AH12: 0.108 | AI12: 0.1085 | AJ12: 0.1097 | AK12: 0.1083 | AL12: 0.109 | AM12: 0.1094
B13: =B12+30 -> 300 | C13: 0.1106 | D13: 0.1111 | E13: 0.1113 | F13: 0.105 | G13: 0.1056 | H13: 0.1064 | I13: 0.1082 | J13: 0.1087 | K13: 0.1101 | L13: 0.109 | M13: 0.1117 | N13: 0.1121 | O13: 0.108 | P13: 0.1075 | Q13: 0.1072 | R13: 0.1081 | S13: 0.1091 | T13: 0.1093 | V13: 0.1106 | W13: 0.1111 | X13: 0.1113 | Y13: 0.109 | Z13: 0.1117 | AA13: 0.1121 | AB13: 0.105 | AC13: 0.1056 | AD13: 0.1064 | AE13: 0.108 | AF13: 0.1075 | AG13: 0.1072 | AH13: 0.1082 | AI13: 0.1087 | AJ13: 0.1101 | AK13: 0.1081 | AL13: 0.1091 | AM13: 0.1093
B14: =B13+30 -> 330 | C14: 0.1104 | D14: 0.1116 | E14: 0.1117 | F14: 0.1053 | G14: 0.106 | H14: 0.1066 | I14: 0.1081 | J14: 0.1087 | K14: 0.1098 | L14: 0.1092 | M14: 0.112 | N14: 0.1125 | O14: 0.1081 | P14: 0.1072 | Q14: 0.1074 | R14: 0.1083 | S14: 0.1091 | T14: 0.1094 | V14: 0.1104 | W14: 0.1116 | X14: 0.1117 | Y14: 0.1092 | Z14: 0.112 | AA14: 0.1125 | AB14: 0.1053 | AC14: 0.106 | AD14: 0.1066 | AE14: 0.1081 | AF14: 0.1072 | AG14: 0.1074 | AH14: 0.1081 | AI14: 0.1087 | AJ14: 0.1098 | AK14: 0.1083 | AL14: 0.1091 | AM14: 0.1094
B15: =B14+30 -> 360 | C15: 0.1106 | D15: 0.1116 | E15: 0.1119 | F15: 0.1057 | G15: 0.1058 | H15: 0.1069 | I15: 0.1082 | J15: 0.1088 | K15: 0.1102 | L15: 0.1092 | M15: 0.1119 | N15: 0.1123 | O15: 0.1076 | P15: 0.1073 | Q15: 0.1074 | R15: 0.1084 | S15: 0.109 | T15: 0.1095 | V15: 0.1106 | W15: 0.1116 | X15: 0.1119 | Y15: 0.1092 | Z15: 0.1119 | AA15: 0.1123 | AB15: 0.1057 | AC15: 0.1058 | AD15: 0.1069 | AE15: 0.1076 | AF15: 0.1073 | AG15: 0.1074 | AH15: 0.1082 | AI15: 0.1088 | AJ15: 0.1102 | AK15: 0.1084 | AL15: 0.109 | AM15: 0.1095
B16: =B15+30 -> 390 | C16: 0.1105 | D16: 0.112 | E16: 0.1124 | F16: 0.1058 | G16: 0.1059 | H16: 0.1066 | I16: 0.1083 | J16: 0.1087 | K16: 0.1101 | L16: 0.1092 | M16: 0.1117 | N16: 0.1122 | O16: 0.1078 | P16: 0.1073 | Q16: 0.1076 | R16: 0.1087 | S16: 0.1092 | T16: 0.1096 | V16: 0.1105 | W16: 0.112 | X16: 0.1124 | Y16: 0.1092 | Z16: 0.1117 | AA16: 0.1122 | AB16: 0.1058 | AC16: 0.1059 | AD16: 0.1066 | AE16: 0.1078 | AF16: 0.1073 | AG16: 0.1076 | AH16: 0.1083 | AI16: 0.1087 | AJ16: 0.1101 | AK16: 0.1087 | AL16: 0.1092 | AM16: 0.1096
B17: =B16+30 -> 420 | C17: 0.1104 | D17: 0.1122 | E17: 0.1126 | F17: 0.1057 | G17: 0.1059 | H17: 0.1071 | I17: 0.1083 | J17: 0.1086 | K17: 0.1102 | L17: 0.1092 | M17: 0.1112 | N17: 0.1123 | O17: 0.1076 | P17: 0.1073 | Q17: 0.1074 | R17: 0.1082 | S17: 0.1085 | T17: 0.1098 | V17: 0.1104 | W17: 0.1122 | X17: 0.1126 | Y17: 0.1092 | Z17: 0.1112 | AA17: 0.1123 | AB17: 0.1057 | AC17: 0.1059 | AD17: 0.1071 | AE17: 0.1076 | AF17: 0.1073 | AG17: 0.1074 | AH17: 0.1083 | AI17: 0.1086 | AJ17: 0.1102 | AK17: 0.1082 | AL17: 0.1085 | AM17: 0.1098
B18: =B17+30 -> 450 | C18: 0.1108 | D18: 0.1128 | E18: 0.1129 | F18: 0.1056 | G18: 0.1059 | H18: 0.1072 | I18: 0.1082 | J18: 0.1085 | K18: 0.1102 | L18: 0.1089 | M18: 0.1111 | N18: 0.1122 | O18: 0.1075 | P18: 0.1068 | Q18: 0.1076 | R18: 0.1085 | S18: 0.1087 | T18: 0.1096 | V18: 0.1108 | W18: 0.1128 | X18: 0.1129 | Y18: 0.1089 | Z18: 0.1111 | AA18: 0.1122 | AB18: 0.1056 | AC18: 0.1059 | AD18: 0.1072 | AE18: 0.1075 | AF18: 0.1068 | AG18: 0.1076 | AH18: 0.1082 | AI18: 0.1085 | AJ18: 0.1102 | AK18: 0.1085 | AL18: 0.1087 | AM18: 0.1096
B19: =B18+30 -> 480 | C19: 0.111 | D19: 0.1127 | E19: 0.113 | F19: 0.1058 | G19: 0.106 | H19: 0.1077 | I19: 0.1081 | J19: 0.1083 | K19: 0.1103 | L19: 0.109 | M19: 0.1112 | N19: 0.1122 | O19: 0.1074 | P19: 0.107 | Q19: 0.1078 | R19: 0.1082 | S19: 0.1086 | T19: 0.1096 | V19: 0.111 | W19: 0.1127 | X19: 0.113 | Y19: 0.109 | Z19: 0.1112 | AA19: 0.1122 | AB19: 0.1058 | AC19: 0.106 | AD19: 0.1077 | AE19: 0.1074 | AF19: 0.107 | AG19: 0.1078 | AH19: 0.1081 | AI19: 0.1083 | AJ19: 0.1103 | AK19: 0.1082 | AL19: 0.1086 | AM19: 0.1096
B20: =B19+30 -> 510 | C20: 0.111 | D20: 0.1131 | E20: 0.1134 | F20: 0.106 | G20: 0.1062 | H20: 0.1081 | I20: 0.1083 | J20: 0.1083 | K20: 0.1103 | L20: 0.109 | M20: 0.1112 | N20: 0.1123 | O20: 0.1074 | P20: 0.1071 | Q20: 0.1077 | R20: 0.1083 | S20: 0.1083 | T20: 0.1099 | V20: 0.111 | W20: 0.1131 | X20: 0.1134 | Y20: 0.109 | Z20: 0.1112 | AA20: 0.1123 | AB20: 0.106 | AC20: 0.1062 | AD20: 0.1081 | AE20: 0.1074 | AF20: 0.1071 | AG20: 0.1077 | AH20: 0.1083 | AI20: 0.1083 | AJ20: 0.1103 | AK20: 0.1083 | AL20: 0.1083 | AM20: 0.1099
... B54: =B53+30 -> 1530 | C54: 0.1109 | D54: 0.1102 | E54: 0.1097 | F54: 0.1066 | G54: 0.1146 | H54: 0.1138 | I54: 0.1073 | J54: 0.1061 | K54: 0.1092 | L54: 0.1073 | M54: 0.11 | N54: 0.1107 | O54: 0.1079 | P54: 0.1062 | Q54: 0.1109 | R54: 0.1077 | S54: 0.1072 | T54: 0.1097 | V54: 0.1109 | W54: 0.1102 | X54: 0.1097 | Y54: 0.1073 | Z54: 0.11 | AA54: 0.1107 | AB54: 0.1066 | AC54: 0.1146 | AD54: 0.1138 | AE54: 0.1079 | AF54: 0.1062 | AG54: 0.1109 | AH54: 0.1073 | AI54: 0.1061 | AJ54: 0.1092 | AK54: 0.1077 | AL54: 0.1072 | AM54: 0.1097
A55: 46077.808 | B55: =B54+30 -> 1560 | C55: 0.1109 | D55: 0.1102 | E55: 0.1098 | F55: 0.1064 | G55: 0.115 | H55: 0.1137 | I55: 0.107 | J55: 0.1062 | K55: 0.1091 | L55: 0.1072 | M55: 0.11 | N55: 0.1105 | O55: 0.108 | P55: 0.1062 | Q55: 0.1111 | R55: 0.1075 | S55: 0.107 | T55: 0.11 | V55: 0.1109 | W55: 0.1102 | X55: 0.1098 | Y55: 0.1072 | Z55: 0.11 | AA55: 0.1105 | AB55: 0.1064 | AC55: 0.115 | AD55: 0.1137 | AE55: 0.108 | AF55: 0.1062 | AG55: 0.1111 | AH55: 0.107 | AI55: 0.1062 | AJ55: 0.1091 | AK55: 0.1075 | AL55: 0.107 | AM55: 0.11
A56: 46077.864 | B56: =B55+80 -> 1640 | C56: =V56 -> 0.1135 | D56: =W56 -> 0.1133 | E56: =X56 -> 0.1132 | F56: =AB56 -> 0.1089 | G56: =AC56 -> 0.1168 | H56: =AD56 -> 0.1153 | I56: =AH56 -> 0.1102 | J56: =AI56 -> 0.1089 | K56: =AJ56 -> 0.1109 | L56: =Y56 -> 0.1133 | M56: =Z56 -> 0.1198 | N56: =AA56 -> 0.1161 | O56: =AE56 -> 0.1144 | P56: =AF56 -> 0.1112 | Q56: =AG56 -> 0.1127 | R56: =AK56 -> 0.1078 | S56: =AL56 -> 0.1071 | T56: =AM56 -> 0.1103 | V56: 0.1135 | W56: 0.1133 | X56: 0.1132 | Y56: 0.1133 | Z56: 0.1198 | AA56: 0.1161 | AB56: 0.1089 | AC56: 0.1168 | AD56: 0.1153 | AE56: 0.1144 | AF56: 0.1112 | AG56: 0.1127 | AH56: 0.1102 | AI56: 0.1089 | AJ56: 0.1109 | AK56: 0.1078 | AL56: 0.1071 | AM56: 0.1103
B57: =B56+80 -> 1720 | C57: =V57 -> 0.1108 | D57: =W57 -> 0.1107 | E57: =X57 -> 0.112 | F57: =AB57 -> 0.1047 | G57: =AC57 -> 0.1109 | H57: =AD57 -> 0.1094 | I57: =AH57 -> 0.1063 | J57: =AI57 -> 0.106 | K57: =AJ57 -> 0.1085 | L57: =Y57 -> 0.1069 | M57: =Z57 -> 0.1099 | N57: =AA57 -> 0.1109 | O57: =AE57 -> 0.1075 | P57: =AF57 -> 0.1044 | Q57: =AG57 -> 0.1098 | R57: =AK57 -> 0.1073 | S57: =AL57 -> 0.107 | T57: =AM57 -> 0.1098 | V57: 0.1108 | W57: 0.1107 | X57: 0.112 | Y57: 0.1069 | Z57: 0.1099 | AA57: 0.1109 | AB57: 0.1047 | AC57: 0.1109 | AD57: 0.1094 | AE57: 0.1075 | AF57: 0.1044 | AG57: 0.1098 | AH57: 0.1063 | AI57: 0.106 | AJ57: 0.1085 | AK57: 0.1073 | AL57: 0.107 | AM57: 0.1098
A58: 46077.905 | B58: =B57+80 -> 1800 | C58: =V58 -> 0.1108 | D58: =W58 -> 0.1105 | E58: =X58 -> 0.112 | F58: =AB58 -> 0.1048 | G58: =AC58 -> 0.1109 | H58: =AD58 -> 0.1096 | I58: =AH58 -> 0.1064 | J58: =AI58 -> 0.106 | K58: =AJ58 -> 0.1085 | L58: =Y58 -> 0.1068 | M58: =Z58 -> 0.1099 | N58: =AA58 -> 0.1108 | O58: =AE58 -> 0.1074 | P58: =AF58 -> 0.1047 | Q58: =AG58 -> 0.1099 | R58: =AK58 -> 0.1073 | S58: =AL58 -> 0.107 | T58: =AM58 -> 0.1099 | V58: 0.1108 | W58: 0.1105 | X58: 0.112 | Y58: 0.1068 | Z58: 0.1099 | AA58: 0.1108 | AB58: 0.1048 | AC58: 0.1109 | AD58: 0.1096 | AE58: 0.1074 | AF58: 0.1047 | AG58: 0.1099 | AH58: 0.1064 | AI58: 0.106 | AJ58: 0.1085 | AK58: 0.1073 | AL58: 0.107 | AM58: 0.1099
A59: 46077.921 | B59: =B58+20 -> 1820 | C59: =V59 -> 0.1315 | D59: =W59 -> 0.1312 | E59: =X59 -> 0.1184 | F59: =AB59 -> 0.1212 | G59: =AC59 -> 0.1322 | H59: =AD59 -> 0.1275 | I59: =AH59 -> 0.1237 | J59: =AI59 -> 0.1213 | K59: =AJ59 -> 0.1205 | L59: =Y59 -> 0.1343 | M59: =Z59 -> 0.1418 | N59: =AA59 -> 0.1301 | O59: =AE59 -> 0.1346 | P59: =AF59 -> 0.1274 | Q59: =AG59 -> 0.1215 | R59: =AK59 -> 0.1153 | S59: =AL59 -> 0.1211 | T59: =AM59 -> 0.1217 | V59: 0.1315 | W59: 0.1312 | X59: 0.1184 | Y59: 0.1343 | Z59: 0.1418 | AA59: 0.1301 | AB59: 0.1212 | AC59: 0.1322 | AD59: 0.1275 | AE59: 0.1346 | AF59: 0.1274 | AG59: 0.1215 | AH59: 0.1237 | AI59: 0.1213 | AJ59: 0.1205 | AK59: 0.1153 | AL59: 0.1211 | AM59: 0.1217
B60: =B59+30 -> 1850 | C60: =V60 -> 0.1107 | D60: =W60 -> 0.1104 | E60: =X60 -> 0.1122 | F60: =AB60 -> 0.105 | G60: =AC60 -> 0.1109 | H60: =AD60 -> 0.1102 | I60: =AH60 -> 0.1064 | J60: =AI60 -> 0.1059 | K60: =AJ60 -> 0.1083 | L60: =Y60 -> 0.1071 | M60: =Z60 -> 0.1101 | N60: =AA60 -> 0.1111 | O60: =AE60 -> 0.1076 | P60: =AF60 -> 0.1048 | Q60: =AG60 -> 0.1099 | R60: =AK60 -> 0.1072 | S60: =AL60 -> 0.1068 | T60: =AM60 -> 0.1098 | V60: 0.1107 | W60: 0.1104 | X60: 0.1122 | Y60: 0.1071 | Z60: 0.1101 | AA60: 0.1111 | AB60: 0.105 | AC60: 0.1109 | AD60: 0.1102 | AE60: 0.1076 | AF60: 0.1048 | AG60: 0.1099 | AH60: 0.1064 | AI60: 0.1059 | AJ60: 0.1083 | AK60: 0.1072 | AL60: 0.1068 | AM60: 0.1098
B61: =B60+30 -> 1880 | C61: =V61 -> 0.1109 | D61: =W61 -> 0.1109 | E61: =X61 -> 0.1128 | F61: =AB61 -> 0.105 | G61: =AC61 -> 0.1111 | H61: =AD61 -> 0.1105 | I61: =AH61 -> 0.1063 | J61: =AI61 -> 0.1058 | K61: =AJ61 -> 0.1085 | L61: =Y61 -> 0.1067 | M61: =Z61 -> 0.1101 | N61: =AA61 -> 0.111 | O61: =AE61 -> 0.1078 | P61: =AF61 -> 0.1045 | Q61: =AG61 -> 0.1102 | R61: =AK61 -> 0.1072 | S61: =AL61 -> 0.1068 | T61: =AM61 -> 0.1098 | V61: 0.1109 | W61: 0.1109 | X61: 0.1128 | Y61: 0.1067 | Z61: 0.1101 | AA61: 0.111 | AB61: 0.105 | AC61: 0.1111 | AD61: 0.1105 | AE61: 0.1078 | AF61: 0.1045 | AG61: 0.1102 | AH61: 0.1063 | AI61: 0.1058 | AJ61: 0.1085 | AK61: 0.1072 | AL61: 0.1068 | AM61: 0.1098
B62: =B61+30 -> 1910 | C62: =V62 -> 0.1108 | D62: =W62 -> 0.111 | E62: =X62 -> 0.1148 | F62: =AB62 -> 0.1052 | G62: =AC62 -> 0.1114 | H62: =AD62 -> 0.1111 | I62: =AH62 -> 0.1065 | J62: =AI62 -> 0.1057 | K62: =AJ62 -> 0.1082 | L62: =Y62 -> 0.1072 | M62: =Z62 -> 0.1102 | N62: =AA62 -> 0.1109 | O62: =AE62 -> 0.108 | P62: =AF62 -> 0.105 | Q62: =AG62 -> 0.1105 | R62: =AK62 -> 0.1071 | S62: =AL62 -> 0.1069 | T62: =AM62 -> 0.1096 | V62: 0.1108 | W62: 0.111 | X62: 0.1148 | Y62: 0.1072 | Z62: 0.1102 | AA62: 0.1109 | AB62: 0.1052 | AC62: 0.1114 | AD62: 0.1111 | AE62: 0.108 | AF62: 0.105 | AG62: 0.1105 | AH62: 0.1065 | AI62: 0.1057 | AJ62: 0.1082 | AK62: 0.1071 | AL62: 0.1069 | AM62: 0.1096
B63: =B62+30 -> 1940 | C63: =V63 -> 0.1109 | D63: =W63 -> 0.1107 | E63: =X63 -> 0.1148 | F63: =AB63 -> 0.1052 | G63: =AC63 -> 0.1116 | H63: =AD63 -> 0.1118 | I63: =AH63 -> 0.1067 | J63: =AI63 -> 0.1058 | K63: =AJ63 -> 0.1083 | L63: =Y63 -> 0.1071 | M63: =Z63 -> 0.11 | N63: =AA63 -> 0.1109 | O63: =AE63 -> 0.1084 | P63: =AF63 -> 0.1049 | Q63: =AG63 -> 0.1106 | R63: =AK63 -> 0.1074 | S63: =AL63 -> 0.107 | T63: =AM63 -> 0.1097 | V63: 0.1109 | W63: 0.1107 | X63: 0.1148 | Y63: 0.1071 | Z63: 0.11 | AA63: 0.1109 | AB63: 0.1052 | AC63: 0.1116 | AD63: 0.1118 | AE63: 0.1084 | AF63: 0.1049 | AG63: 0.1106 | AH63: 0.1067 | AI63: 0.1058 | AJ63: 0.1083 | AK63: 0.1074 | AL63: 0.107 | AM63: 0.1097
B64: =B63+30 -> 1970 | C64: =V64 -> 0.1109 | D64: =W64 -> 0.1105 | E64: =X64 -> 0.1145 | F64: =AB64 -> 0.1051 | G64: =AC64 -> 0.1114 | H64: =AD64 -> 0.1124 | I64: =AH64 -> 0.1064 | J64: =AI64 -> 0.106 | K64: =AJ64 -> 0.1081 | L64: =Y64 -> 0.1074 | M64: =Z64 -> 0.1105 | N64: =AA64 -> 0.1105 | O64: =AE64 -> 0.1084 | P64: =AF64 -> 0.1049 | Q64: =AG64 -> 0.1107 | R64: =AK64 -> 0.1071 | S64: =AL64 -> 0.107 | T64: =AM64 -> 0.1096 | V64: 0.1109 | W64: 0.1105 | X64: 0.1145 | Y64: 0.1074 | Z64: 0.1105 | AA64: 0.1105 | AB64: 0.1051 | AC64: 0.1114 | AD64: 0.1124 | AE64: 0.1084 | AF64: 0.1049 | AG64: 0.1107 | AH64: 0.1064 | AI64: 0.106 | AJ64: 0.1081 | AK64: 0.1071 | AL64: 0.107 | AM64: 0.1096
B65: =B64+30 -> 2000 | C65: =V65 -> 0.1108 | D65: =W65 -> 0.1106 | E65: =X65 -> 0.1146 | F65: =AB65 -> 0.1051 | G65: =AC65 -> 0.1114 | H65: =AD65 -> 0.1127 | I65: =AH65 -> 0.1064 | J65: =AI65 -> 0.1059 | K65: =AJ65 -> 0.1082 | L65: =Y65 -> 0.1074 | M65: =Z65 -> 0.1107 | N65: =AA65 -> 0.1107 | O65: =AE65 -> 0.1086 | P65: =AF65 -> 0.1048 | Q65: =AG65 -> 0.111 | R65: =AK65 -> 0.1073 | S65: =AL65 -> 0.1069 | T65: =AM65 -> 0.1094 | V65: 0.1108 | W65: 0.1106 | X65: 0.1146 | Y65: 0.1074 | Z65: 0.1107 | AA65: 0.1107 | AB65: 0.1051 | AC65: 0.1114 | AD65: 0.1127 | AE65: 0.1086 | AF65: 0.1048 | AG65: 0.111 | AH65: 0.1064 | AI65: 0.1059 | AJ65: 0.1082 | AK65: 0.1073 | AL65: 0.1069 | AM65: 0.1094
B66: =B65+30 -> 2030 | C66: =V66 -> 0.1107 | D66: =W66 -> 0.1103 | E66: =X66 -> 0.1135 | F66: =AB66 -> 0.105 | G66: =AC66 -> 0.1122 | H66: =AD66 -> 0.1131 | I66: =AH66 -> 0.1062 | J66: =AI66 -> 0.1059 | K66: =AJ66 -> 0.1081 | L66: =Y66 -> 0.1076 | M66: =Z66 -> 0.1106 | N66: =AA66 -> 0.1104 | O66: =AE66 -> 0.1088 | P66: =AF66 -> 0.105 | Q66: =AG66 -> 0.1114 | R66: =AK66 -> 0.1074 | S66: =AL66 -> 0.107 | T66: =AM66 -> 0.1099 | V66: 0.1107 | W66: 0.1103 | X66: 0.1135 | Y66: 0.1076 | Z66: 0.1106 | AA66: 0.1104 | AB66: 0.105 | AC66: 0.1122 | AD66: 0.1131 | AE66: 0.1088 | AF66: 0.105 | AG66: 0.1114 | AH66: 0.1062 | AI66: 0.1059 | AJ66: 0.1081 | AK66: 0.1074 | AL66: 0.107 | AM66: 0.1099
B67: =B66+30 -> 2060 | C67: =V67 -> 0.1109 | D67: =W67 -> 0.1104 | E67: =X67 -> 0.1127 | F67: =AB67 -> 0.1049 | G67: =AC67 -> 0.1127 | H67: =AD67 -> 0.1137 | I67: =AH67 -> 0.1062 | J67: =AI67 -> 0.1063 | K67: =AJ67 -> 0.1079 | L67: =Y67 -> 0.1076 | M67: =Z67 -> 0.1105 | N67: =AA67 -> 0.1104 | O67: =AE67 -> 0.1089 | P67: =AF67 -> 0.1046 | Q67: =AG67 -> 0.1114 | R67: =AK67 -> 0.1074 | S67: =AL67 -> 0.1069 | T67: =AM67 -> 0.1097 | V67: 0.1109 | W67: 0.1104 | X67: 0.1127 | Y67: 0.1076 | Z67: 0.1105 | AA67: 0.1104 | AB67: 0.1049 | AC67: 0.1127 | AD67: 0.1137 | AE67: 0.1089 | AF67: 0.1046 | AG67: 0.1114 | AH67: 0.1062 | AI67: 0.1063 | AJ67: 0.1079 | AK67: 0.1074 | AL67: 0.1069 | AM67: 0.1097
B68: =B67+30 -> 2090 | C68: =V68 -> 0.1109 | D68: =W68 -> 0.1106 | E68: =X68 -> 0.1129 | F68: =AB68 -> 0.105 | G68: =AC68 -> 0.113 | H68: =AD68 -> 0.1143 | I68: =AH68 -> 0.1064 | J68: =AI68 -> 0.1059 | K68: =AJ68 -> 0.108 | L68: =Y68 -> 0.1075 | M68: =Z68 -> 0.1106 | N68: =AA68 -> 0.1102 | O68: =AE68 -> 0.1093 | P68: =AF68 -> 0.1048 | Q68: =AG68 -> 0.1121 | R68: =AK68 -> 0.1074 | S68: =AL68 -> 0.107 | T68: =AM68 -> 0.1096 | V68: 0.1109 | W68: 0.1106 | X68: 0.1129 | Y68: 0.1075 | Z68: 0.1106 | AA68: 0.1102 | AB68: 0.105 | AC68: 0.113 | AD68: 0.1143 | AE68: 0.1093 | AF68: 0.1048 | AG68: 0.1121 | AH68: 0.1064 | AI68: 0.1059 | AJ68: 0.108 | AK68: 0.1074 | AL68: 0.107 | AM68: 0.1096
B69: =B68+30 -> 2120 | C69: =V69 -> 0.1114 | D69: =W69 -> 0.1105 | E69: =X69 -> 0.1133 | F69: =AB69 -> 0.1049 | G69: =AC69 -> 0.1133 | H69: =AD69 -> 0.1147 | I69: =AH69 -> 0.1061 | J69: =AI69 -> 0.1061 | K69: =AJ69 -> 0.1079 | L69: =Y69 -> 0.1076 | M69: =Z69 -> 0.1106 | N69: =AA69 -> 0.11 | O69: =AE69 -> 0.1092 | P69: =AF69 -> 0.105 | Q69: =AG69 -> 0.1122 | R69: =AK69 -> 0.1076 | S69: =AL69 -> 0.1069 | T69: =AM69 -> 0.1094 | V69: 0.1114 | W69: 0.1105 | X69: 0.1133 | Y69: 0.1076 | Z69: 0.1106 | AA69: 0.11 | AB69: 0.1049 | AC69: 0.1133 | AD69: 0.1147 | AE69: 0.1092 | AF69: 0.105 | AG69: 0.1122 | AH69: 0.1061 | AI69: 0.1061 | AJ69: 0.1079 | AK69: 0.1076 | AL69: 0.1069 | AM69: 0.1094
B70: =B69+30 -> 2150 | C70: =V70 -> 0.1121 | D70: =W70 -> 0.1103 | E70: =X70 -> 0.1132 | F70: =AB70 -> 0.1046 | G70: =AC70 -> 0.1137 | H70: =AD70 -> 0.115 | I70: =AH70 -> 0.106 | J70: =AI70 -> 0.1062 | K70: =AJ70 -> 0.1074 | L70: =Y70 -> 0.1072 | M70: =Z70 -> 0.1108 | N70: =AA70 -> 0.1101 | O70: =AE70 -> 0.1099 | P70: =AF70 -> 0.1054 | Q70: =AG70 -> 0.1133 | R70: =AK70 -> 0.1077 | S70: =AL70 -> 0.1074 | T70: =AM70 -> 0.1094 | V70: 0.1121 | W70: 0.1103 | X70: 0.1132 | Y70: 0.1072 | Z70: 0.1108 | AA70: 0.1101 | AB70: 0.1046 | AC70: 0.1137 | AD70: 0.115 | AE70: 0.1099 | AF70: 0.1054 | AG70: 0.1133 | AH70: 0.106 | AI70: 0.1062 | AJ70: 0.1074 | AK70: 0.1077 | AL70: 0.1074 | AM70: 0.1094
B71: =B70+30 -> 2180 | C71: =V71 -> 0.1126 | D71: =W71 -> 0.1102 | E71: =X71 -> 0.1144 | F71: =AB71 -> 0.1047 | G71: =AC71 -> 0.1142 | H71: =AD71 -> 0.116 | I71: =AH71 -> 0.1061 | J71: =AI71 -> 0.1062 | K71: =AJ71 -> 0.1078 | L71: =Y71 -> 0.1073 | M71: =Z71 -> 0.1106 | N71: =AA71 -> 0.1105 | O71: =AE71 -> 0.1097 | P71: =AF71 -> 0.1048 | Q71: =AG71 -> 0.1136 | R71: =AK71 -> 0.1076 | S71: =AL71 -> 0.1072 | T71: =AM71 -> 0.1092 | V71: 0.1126 | W71: 0.1102 | X71: 0.1144 | Y71: 0.1073 | Z71: 0.1106 | AA71: 0.1105 | AB71: 0.1047 | AC71: 0.1142 | AD71: 0.116 | AE71: 0.1097 | AF71: 0.1048 | AG71: 0.1136 | AH71: 0.1061 | AI71: 0.1062 | AJ71: 0.1078 | AK71: 0.1076 | AL71: 0.1072 | AM71: 0.1092
... B97: =B96+30 -> 2960 | C97: =V97 -> 0.1155 | D97: =W97 -> 0.1183 | E97: =X97 -> 0.1112 | F97: =AB97 -> 0.1049 | G97: =AC97 -> 0.1256 | H97: =AD97 -> 0.1285 | I97: =AH97 -> 0.109 | J97: =AI97 -> 0.1099 | K97: =AJ97 -> 0.1128 | L97: =Y97 -> 0.1251 | M97: =Z97 -> 0.1186 | N97: =AA97 -> 0.1114 | O97: =AE97 -> 0.1131 | P97: =AF97 -> 0.1031 | Q97: =AG97 -> 0.132 | R97: =AK97 -> 0.1117 | S97: =AL97 -> 0.1319 | T97: =AM97 -> 0.117 | V97: 0.1155 | W97: 0.1183 | X97: 0.1112 | Y97: 0.1251 | Z97: 0.1186 | AA97: 0.1114 | AB97: 0.1049 | AC97: 0.1256 | AD97: 0.1285 | AE97: 0.1131 | AF97: 0.1031 | AG97: 0.132 | AH97: 0.109 | AI97: 0.1099 | AJ97: 0.1128 | AK97: 0.1117 | AL97: 0.1319 | AM97: 0.117
A98: 46078.733 | B98: =B97+30 -> 2990 | C98: =V98 -> 0.1153 | D98: =W98 -> 0.1183 | E98: =X98 -> 0.1114 | F98: =AB98 -> 0.1051 | G98: =AC98 -> 0.1265 | H98: =AD98 -> 0.1285 | I98: =AH98 -> 0.1121 | J98: =AI98 -> 0.1099 | K98: =AJ98 -> 0.1095 | L98: =Y98 -> 0.1089 | M98: =Z98 -> 0.1106 | N98: =AA98 -> 0.1108 | O98: =AE98 -> 0.1132 | P98: =AF98 -> 0.103 | Q98: =AG98 -> 0.1324 | R98: =AK98 -> 0.1197 | S98: =AL98 -> 0.1285 | T98: =AM98 -> 0.1137 | V98: 0.1153 | W98: 0.1183 | X98: 0.1114 | Y98: 0.1089 | Z98: 0.1106 | AA98: 0.1108 | AB98: 0.1051 | AC98: 0.1265 | AD98: 0.1285 | AE98: 0.1132 | AF98: 0.103 | AG98: 0.1324 | AH98: 0.1121 | AI98: 0.1099 | AJ98: 0.1095 | AK98: 0.1197 | AL98: 0.1285 | AM98: 0.1137
A99: Time Slots | B99: Time point | C99: =C2 -> Dark-A-C1 | D99: =D2 -> Dark-A-C2 | E99: =E2 -> Dark-A-C3 | F99: =F2 -> Dark-A-Ac1 | G99: =G2 -> Dark-A-Ac2 | H99: =H2 -> Dark-A-Ac3 | I99: =I2 -> Dark-A-S1 | J99: =J2 -> Dark-A-S2 | ... T99: =T2 -> IR-A-S3
A100: △0-12 | B100: =12*60 -> 720 | C100: =(C27-C3)/0.5 -> 0.0042 | D100: =(D27-D3)/0.5 -> 0.0012 | E100: =(E27-E3)/0.5 -> -0.0028 | F100: =(F27-F3)/0.5 -> -0.0198 | G100: =(G27-G3)/0.5 -> -0.0322 | H100: =(H27-H3)/0.5 -> -0.0344 | I100: =(I27-I3)/0.5 -> -0.0014 | J100: =(J27-J3)/0.5 -> -0.0006 | ... T100: =(T27-T3)/0.5 -> -0.0056
A101: △12-24 | B101: =24*60 -> 1440 | C101: =(C51-C27)/0.5 -> -0.0012 | D101: =(D51-D27)/0.5 -> -0.0054 | E101: =(E51-E27)/0.5 -> -0.0062 | F101: =(F51-F27)/0.5 -> 0.0022 | G101: =(G51-G27)/0.5 -> 0.0136 | H101: =(H51-H27)/0.5 -> 0.0076 | I101: =(I51-I27)/0.5 -> -0.001 | J101: =(J51-J27)/0.5 -> -0.0036 | ... T101: =(T51-T27)/0.5 -> 0.0016
A102: △24-36 | B102: =36*60 -> 2160 | C102: =(C70-C51)/0.5 -> 0.002 | D102: =(D70-D51)/0.5 -> -0.0002 | E102: =(E70-E51)/0.5 -> 0.0074 | F102: =(F70-F51)/0.5 -> -0.0048 | G102: =(G70-G51)/0.5 -> 0.0004 | H102: =(H70-H51)/0.5 -> 0.005 | I102: =(I70-I51)/0.5 -> -0.0032 | J102: =(J70-J51)/0.5 -> 0 | ... T102: =(T70-T51)/0.5 -> -0.0012
A103: △36-48 | B103: =48*60 -> 2880 | C103: =(C97-C70)/0.5 -> 0.0068 | D103: =(D97-D70)/0.5 -> 0.016 | E103: =(E97-E70)/0.5 -> -0.004 | F103: =(F97-F70)/0.5 -> 0.0006 | G103: =(G97-G70)/0.5 -> 0.0238 | H103: =(H97-H70)/0.5 -> 0.027 | I103: =(I97-I70)/0.5 -> 0.006 | J103: =(J97-J70)/0.5 -> 0.0074 | ... Q103: =(Q97-Q70)/0.5 -> 0.0374 | R103: =(R94-R70)/0.5 -> 0.01 | S103: =(S94-S70)/0.5 -> 0.0144 | T103: =(T94-T70)/0.5 -> 0.0264
A104: △Sum & Mean | B104: 0-2880 | C104: =SUM(C100:C103)/4 -> 0.00295 | D104: =SUM(D100:D103)/4 -> 0.0029 | E104: =SUM(E100:E103)/4 -> -0.0014 | F104: =SUM(F100:F103)/4 -> -0.00545 | G104: =SUM(G100:G103)/4 -> 0.0014 | H104: =SUM(H100:H103)/4 -> 0.0013 | I104: =SUM(I100:I103)/4 -> 0.0001 | J104: =SUM(J100:J103)/4 -> 0.0008 | ... T104: =SUM(T100:T103)/4 -> 0.0053

Sheet r2.M
A1: Sample | B1: Time | C1: OD600 | D1: Group | E1: Light
A2: pd.1_Control_Dark | B2: 0 | C2: ='r2.raw.M'!C3 -> 0.1398 | D2: Control | E2: Dark
A3: pd.1_Control_Dark | B3: 30 | C3: ='r2.raw.M'!C4 -> 0.1403 | D3: Control | E3: Dark
A4: pd.1_Control_Dark | B4: 60 | C4: ='r2.raw.M'!C5 -> 0.1401 | D4: Control | E4: Dark
A5: pd.1_Control_Dark | B5: 90 | C5: ='r2.raw.M'!C6 -> 0.1402 | D5: Control | E5: Dark
A6: pd.1_Control_Dark | B6: 120 | C6: ='r2.raw.M'!C7 -> 0.14 | D6: Control | E6: Dark
A7: pd.1_Control_Dark | B7: 150 | C7: ='r2.raw.M'!C8 -> 0.1313 | D7: Control | E7: Dark
A8: pd.1_Control_Dark | B8: 180 | C8: ='r2.raw.M'!C9 -> 0.1326 | D8: Control | E8: Dark
A9: pd.1_Control_Dark | B9: 210 | C9: ='r2.raw.M'!C10 -> 0.1336 | D9: Control | E9: Dark
A10: pd.1_Control_Dark | B10: 240 | C10: ='r2.raw.M'!C11 -> 0.1322 | D10: Control | E10: Dark
A11: pd.1_Control_Dark | B11: 270 | C11: ='r2.raw.M'!C12 -> 0.1328 | D11: Control | E11: Dark
A12: pd.1_Control_Dark | B12: 300 | C12: ='r2.raw.M'!C13 -> 0.133 | D12: Control | E12: Dark
A13: pd.1_Control_Dark | B13: 330 | C13: ='r2.raw.M'!C14 -> 0.1334 | D13: Control | E13: Dark
... A97: pd.1_Control_Dark | B97: 2900 | C97: ='r2.raw.M'!C98 -> 0.134 | D97: Control | E97: Dark
A98: pd.2_Control_Dark | B98: 0 | C98: ='r2.raw.M'!D3 -> 0.1412 | D98: Control | E98: Dark
A99: pd.2_Control_Dark | B99: 30 | C99: ='r2.raw.M'!D4 -> 0.1413 | D99: Control | E99: Dark
A100: pd.2_Control_Dark | B100: 60 | C100: ='r2.raw.M'!D5 -> 0.1415 | D100: Control | E100: Dark
A101: pd.2_Control_Dark | B101: 90 | C101: ='r2.raw.M'!D6 -> 0.1415 | D101: Control | E101: Dark
A102: pd.2_Control_Dark | B102: 120 | C102: ='r2.raw.M'!D7 -> 0.1412 | D102: Control | E102: Dark
A103: pd.2_Control_Dark | B103: 150 | C103: ='r2.raw.M'!D8 -> 0.13 | D103: Control | E103: Dark
A104: pd.2_Control_Dark | B104: 180 | C104: ='r2.raw.M'!D9 -> 0.1311 | D104: Control | E104: Dark
A105: pd.2_Control_Dark | B105: 210 | C105: ='r2.raw.M'!D10 -> 0.1319 | D105: Control | E105: Dark
A106: pd.2_Control_Dark | B106: 240 | C106: ='r2.raw.M'!D11 -> 0.131 | D106: Control | E106: Dark
A107: pd.2_Control_Dark | B107: 270 | C107: ='r2.raw.M'!D12 -> 0.1317 | D107: Control | E107: Dark
A108: pd.2_Control_Dark | B108: 300 | C108: ='r2.raw.M'!D13 -> 0.1312 | D108: Control | E108: Dark
A109: pd.2_Control_Dark | B109: 330 | C109: ='r2.raw.M'!D14 -> 0.1318 | D109: Control | E109: Dark
... A193: pd.2_Control_Dark | B193: 2900 | C193: ='r2.raw.M'!D98 -> 0.1314 | D193: Control | E193: Dark
A194: pd.3_Control_Dark | B194: 0 | C194: ='r2.raw.M'!E3 -> 0.1438 | D194: Control | E194: Dark
A195: pd.3_Control_Dark | B195: 30 | C195: ='r2.raw.M'!E4 -> 0.1438 | D195: Control | E195: Dark
A196: pd.3_Control_Dark | B196: 60 | C196: ='r2.raw.M'!E5 -> 0.1439 | D196: Control | E196: Dark
A197: pd.3_Control_Dark | B197: 90 | C197: ='r2.raw.M'!E6 -> 0.144 | D197: Control | E197: Dark
A198: pd.3_Control_Dark | B198: 120 | C198: ='r2.raw.M'!E7 -> 0.1439 | D198: Control | E198: Dark
A199: pd.3_Control_Dark | B199: 150 | C199: ='r2.raw.M'!E8 -> 0.1309 | D199: Control | E199: Dark
A200: pd.3_Control_Dark | B200: 180 | C200: ='r2.raw.M'!E9 -> 0.131 | D200: Control | E200: Dark
A201: pd.3_Control_Dark | B201: 210 | C201: ='r2.raw.M'!E10 -> 0.1317 | D201: Control | E201: Dark
A202: pd.3_Control_Dark | B202: 240 | C202: ='r2.raw.M'!E11 -> 0.1312 | D202: Control | E202: Dark
A203: pd.3_Control_Dark | B203: 270 | C203: ='r2.raw.M'!E12 -> 0.1311 | D203: Control | E203: Dark
A204: pd.3_Control_Dark | B204: 300 | C204: ='r2.raw.M'!E13 -> 0.131 | D204: Control | E204: Dark
A205: pd.3_Control_Dark | B205: 330 | C205: ='r2.raw.M'!E14 -> 0.1311 | D205: Control | E205: Dark
... A289: pd.3_Control_Dark | B289: 2900 | C289: ='r2.raw.M'!E98 -> 0.1333 | D289: Control | E289: Dark
A290: pd.1_Acetate_Dark | B290: 0 | C290: ='r2.raw.M'!F3 -> 0.147 | D290: Acetate | E290: Dark
A291: pd.1_Acetate_Dark | B291: 30 | C291: ='r2.raw.M'!F4 -> 0.1467 | D291: Acetate | E291: Dark
A292: pd.1_Acetate_Dark | B292: 60 | C292: ='r2.raw.M'!F5 -> 0.1468 | D292: Acetate | E292: Dark
A293: pd.1_Acetate_Dark | B293: 90 | C293: ='r2.raw.M'!F6 -> 0.1467 | D293: Acetate | E293: Dark
A294: pd.1_Acetate_Dark | B294: 120 | C294: ='r2.raw.M'!F7 -> 0.1466 | D294: Acetate | E294: Dark
A295: pd.1_Acetate_Dark | B295: 150 | C295: ='r2.raw.M'!F8 -> 0.1303 | D295: Acetate | E295: Dark
A296: pd.1_Acetate_Dark | B296: 180 | C296: ='r2.raw.M'!F9 -> 0.1311 | D296: Acetate | E296: Dark
A297: pd.1_Acetate_Dark | B297: 210 | C297: ='r2.raw.M'!F10 -> 0.1319 | D297: Acetate | E297: Dark
A298: pd.1_Acetate_Dark | B298: 240 | C298: ='r2.raw.M'!F11 -> 0.1323 | D298: Acetate | E298: Dark
A299: pd.1_Acetate_Dark | B299: 270 | C299: ='r2.raw.M'!F12 -> 0.1332 | D299: Acetate | E299: Dark
A300: pd.1_Acetate_Dark | B300: 300 | C300: ='r2.raw.M'!F13 -> 0.1333 | D300: Acetate | E300: Dark
A301: pd.1_Acetate_Dark | B301: 330 | C301: ='r2.raw.M'!F14 -> 0.1325 | D301: Acetate | E301: Dark
... A385: pd.1_Acetate_Dark | B385: 2900 | C385: ='r2.raw.M'!F98 -> 0.1515 | D385: Acetate | E385: Dark
A386: pd.2_Acetate_Dark | B386: 0 | C386: ='r2.raw.M'!G3 -> 0.1516 | D386: Acetate | E386: Dark
A387: pd.2_Acetate_Dark | B387: 30 | C387: ='r2.raw.M'!G4 -> 0.1515 | D387: Acetate | E387: Dark
A388: pd.2_Acetate_Dark | B388: 60 | C388: ='r2.raw.M'!G5 -> 0.1518 | D388: Acetate | E388: Dark
A389: pd.2_Acetate_Dark | B389: 90 | C389: ='r2.raw.M'!G6 -> 0.1516 | D389: Acetate | E389: Dark
A390: pd.2_Acetate_Dark | B390: 120 | C390: ='r2.raw.M'!G7 -> 0.1518 | D390: Acetate | E390: Dark
A391: pd.2_Acetate_Dark | B391: 150 | C391: ='r2.raw.M'!G8 -> 0.1341 | D391: Acetate | E391: Dark
A392: pd.2_Acetate_Dark | B392: 180 | C392: ='r2.raw.M'!G9 -> 0.1349 | D392: Acetate | E392: Dark
A393: pd.2_Acetate_Dark | B393: 210 | C393: ='r2.raw.M'!G10 -> 0.1366 | D393: Acetate | E393: Dark
A394: pd.2_Acetate_Dark | B394: 240 | C394: ='r2.raw.M'!G11 -> 0.1376 | D394: Acetate | E394: Dark
A395: pd.2_Acetate_Dark | B395: 270 | C395: ='r2.raw.M'!G12 -> 0.1377 | D395: Acetate | E395: Dark
A396: pd.2_Acetate_Dark | B396: 300 | C396: ='r2.raw.M'!G13 -> 0.1364 | D396: Acetate | E396: Dark
A397: pd.2_Acetate_Dark | B397: 330 | C397: ='r2.raw.M'!G14 -> 0.1337 | D397: Acetate | E397: Dark
... A481: pd.2_Acetate_Dark | B481: 2900 | C481: ='r2.raw.M'!G98 -> 0.1383 | D481: Acetate | E481: Dark
A482: pd.3_Acetate_Dark | B482: 0 | C482: ='r2.raw.M'!H3 -> 0.1524 | D482: Acetate | E482: Dark
A483: pd.3_Acetate_Dark | B483: 30 | C483: ='r2.raw.M'!H4 -> 0.1525 | D483: Acetate | E483: Dark
A484: pd.3_Acetate_Dark | B484: 60 | C484: ='r2.raw.M'!H5 -> 0.1527 | D484: Acetate | E484: Dark
A485: pd.3_Acetate_Dark | B485: 90 | C485: ='r2.raw.M'!H6 -> 0.1527 | D485: Acetate | E485: Dark
A486: pd.3_Acetate_Dark | B486: 120 | C486: ='r2.raw.M'!H7 -> 0.1527 | D486: Acetate | E486: Dark
A487: pd.3_Acetate_Dark | B487: 150 | C487: ='r2.raw.M'!H8 -> 0.1321 | D487: Acetate | E487: Dark
A488: pd.3_Acetate_Dark | B488: 180 | C488: ='r2.raw.M'!H9 -> 0.134 | D488: Acetate | E488: Dark
A489: pd.3_Acetate_Dark | B489: 210 | C489: ='r2.raw.M'!H10 -> 0.136 | D489: Acetate | E489: Dark
A490: pd.3_Acetate_Dark | B490: 240 | C490: ='r2.raw.M'!H11 -> 0.1377 | D490: Acetate | E490: Dark
A491: pd.3_Acetate_Dark | B491: 270 | C491: ='r2.raw.M'!H12 -> 0.1391 | D491: Acetate | E491: Dark
A492: pd.3_Acetate_Dark | B492: 300 | C492: ='r2.raw.M'!H13 -> 0.1393 | D492: Acetate | E492: Dark
A493: pd.3_Acetate_Dark | B493: 330 | C493: ='r2.raw.M'!H14 -> 0.14 | D493: Acetate | E493: Dark
... A577: pd.3_Acetate_Dark | B577: 2900 | C577: ='r2.raw.M'!H98 -> 0.1773 | D577: Acetate | E577: Dark
A578: pd.1_Thiosulfate_Dark | B578: 0 | C578: ='r2.raw.M'!I3 -> 0.1422 | D578: Thiosulfate | E578: Dark
A579: pd.1_Thiosulfate_Dark | B579: 30 | C579: ='r2.raw.M'!I4 -> 0.1425 | D579: Thiosulfate | E579: Dark
A580: pd.1_Thiosulfate_Dark | B580: 60 | C580: ='r2.raw.M'!I5 -> 0.1424 | D580: Thiosulfate | E580: Dark
A581: pd.1_Thiosulfate_Dark | B581: 90 | C581: ='r2.raw.M'!I6 -> 0.1424 | D581: Thiosulfate | E581: Dark
A582: pd.1_Thiosulfate_Dark | B582: 120 | C582: ='r2.raw.M'!I7 -> 0.1423 | D582: Thiosulfate | E582: Dark
A583: pd.1_Thiosulfate_Dark | B583: 150 | C583: ='r2.raw.M'!I8 -> 0.1282 | D583: Thiosulfate | E583: Dark
A584: pd.1_Thiosulfate_Dark | B584: 180 | C584: ='r2.raw.M'!I9 -> 0.1279 | D584: Thiosulfate | E584: Dark
A585: pd.1_Thiosulfate_Dark | B585: 210 | C585: ='r2.raw.M'!I10 -> 0.128 | D585: Thiosulfate | E585: Dark
A586: pd.1_Thiosulfate_Dark | B586: 240 | C586: ='r2.raw.M'!I11 -> 0.1271 | D586: Thiosulfate | E586: Dark
A587: pd.1_Thiosulfate_Dark | B587: 270 | C587: ='r2.raw.M'!I12 -> 0.1269 | D587: Thiosulfate | E587: Dark
A588: pd.1_Thiosulfate_Dark | B588: 300 | C588: ='r2.raw.M'!I13 -> 0.1267 | D588: Thiosulfate | E588: Dark
A589: pd.1_Thiosulfate_Dark | B589: 330 | C589: ='r2.raw.M'!I14 -> 0.126 | D589: Thiosulfate | E589: Dark
... A673: pd.1_Thiosulfate_Dark | B673: 2900 | C673: ='r2.raw.M'!I98 -> 0.1152 | D673: Thiosulfate | E673: Dark
A674: pd.2_Thiosulfate_Dark | B674: 0 | C674: ='r2.raw.M'!J3 -> 0.1444 | D674: Thiosulfate | E674: Dark
A675: pd.2_Thiosulfate_Dark | B675: 30 | C675: ='r2.raw.M'!J4 -> 0.1445 | D675: Thiosulfate | E675: Dark
A676: pd.2_Thiosulfate_Dark | B676: 60 | C676: ='r2.raw.M'!J5 -> 0.1445 | D676: Thiosulfate | E676: Dark
A677: pd.2_Thiosulfate_Dark | B677: 90 | C677: ='r2.raw.M'!J6 -> 0.1446 | D677: Thiosulfate | E677: Dark
A678: pd.2_Thiosulfate_Dark | B678: 120 | C678: ='r2.raw.M'!J7 -> 0.1446 | D678: Thiosulfate | E678: Dark
A679: pd.2_Thiosulfate_Dark | B679: 150 | C679: ='r2.raw.M'!J8 -> 0.1269 | D679: Thiosulfate | E679: Dark
A680: pd.2_Thiosulfate_Dark | B680: 180 | C680: ='r2.raw.M'!J9 -> 0.1279 | D680: Thiosulfate | E680: Dark
A681: pd.2_Thiosulfate_Dark | B681: 210 | C681: ='r2.raw.M'!J10 -> 0.1299 | D681: Thiosulfate | E681: Dark
...

Sheet r2.raw.M
A1: Data-Time | B1: Time | C1: Dark | L1: IR | V1: RAW
A2: Data-Time | B2: Time 1 | C2: Dark-M-C1 | D2: Dark-M-C2 | E2: Dark-M-C3 | F2: Dark-M-Ac1 | G2: Dark-M-Ac2 | H2: Dark-M-Ac3 | I2: Dark-M-S1 | J2: Dark-M-S2 | K2: Dark-M-S3 | L2: IR-M-C1 | M2: IR-M-C2 | N2: IR-M-C3 | O2: IR-M-Ac1 | P2: IR-M-Ac2 | Q2: IR-M-Ac3 | R2: IR-M-S1 | S2: IR-M-S2 | T2: IR-M-S3 | U2: Tips | V2: C-D | Y2: C-I | AB2: Ac-D | AE2: Ac-I | AH2: S-D | AK2: S-I
A3: 46076.738 | B3: 0 | C3: 0.1398 | D3: 0.1412 | E3: 0.1438 | F3: 0.147 | G3: 0.1516 | H3: 0.1524 | I3: 0.1422 | J3: 0.1444 | K3: 0.1449 | L3: 0.146 | M3: 0.1409 | N3: 0.1434 | O3: 0.1486 | P3: 0.1457 | Q3: 0.151 | R3: 0.1453 | S3: 0.1446 | T3: 0.145 | V3: 0.1398 | W3: 0.1412 | X3: 0.1438 | Y3: 0.146 | Z3: 0.1409 | AA3: 0.1434 | AB3: 0.147 | AC3: 0.1516 | AD3: 0.1524 | AE3: 0.1486 | AF3: 0.1457 | AG3: 0.151 | AH3: 0.1422 | AI3: 0.1444 | AJ3: 0.1449 | AK3: 0.1453 | AL3: 0.1446 | AM3: 0.145
B4: =B3+30 -> 30 | C4: 0.1403 | D4: 0.1413 | E4: 0.1438 | F4: 0.1467 | G4: 0.1515 | H4: 0.1525 | I4: 0.1425 | J4: 0.1445 | K4: 0.1449 | L4: 0.1461 | M4: 0.1409 | N4: 0.1437 | O4: 0.1487 | P4: 0.1458 | Q4: 0.1511 | R4: 0.1454 | S4: 0.1449 | T4: 0.1453 | V4: 0.1403 | W4: 0.1413 | X4: 0.1438 | Y4: 0.1461 | Z4: 0.1409 | AA4: 0.1437 | AB4: 0.1467 | AC4: 0.1515 | AD4: 0.1525 | AE4: 0.1487 | AF4: 0.1458 | AG4: 0.1511 | AH4: 0.1425 | AI4: 0.1445 | AJ4: 0.1449 | AK4: 0.1454 | AL4: 0.1449 | AM4: 0.1453
B5: =B4+30 -> 60 | C5: 0.1401 | D5: 0.1415 | E5: 0.1439 | F5: 0.1468 | G5: 0.1518 | H5: 0.1527 | I5: 0.1424 | J5: 0.1445 | K5: 0.1449 | L5: 0.1462 | M5: 0.1409 | N5: 0.1438 | O5: 0.1485 | P5: 0.1455 | Q5: 0.1511 | R5: 0.1454 | S5: 0.1446 | T5: 0.1451 | V5: 0.1401 | W5: 0.1415 | X5: 0.1439 | Y5: 0.1462 | Z5: 0.1409 | AA5: 0.1438 | AB5: 0.1468 | AC5: 0.1518 | AD5: 0.1527 | AE5: 0.1485 | AF5: 0.1455 | AG5: 0.1511 | AH5: 0.1424 | AI5: 0.1445 | AJ5: 0.1449 | AK5: 0.1454 | AL5: 0.1446 | AM5: 0.1451
B6: =B5+30 -> 90 | C6: 0.1402 | D6: 0.1415 | E6: 0.144 | F6: 0.1467 | G6: 0.1516 | H6: 0.1527 | I6: 0.1424 | J6: 0.1446 | K6: 0.1449 | L6: 0.1465 | M6: 0.1409 | N6: 0.1435 | O6: 0.1484 | P6: 0.1455 | Q6: 0.1512 | R6: 0.1455 | S6: 0.1448 | T6: 0.145 | V6: 0.1402 | W6: 0.1415 | X6: 0.144 | Y6: 0.1465 | Z6: 0.1409 | AA6: 0.1435 | AB6: 0.1467 | AC6: 0.1516 | AD6: 0.1527 | AE6: 0.1484 | AF6: 0.1455 | AG6: 0.1512 | AH6: 0.1424 | AI6: 0.1446 | AJ6: 0.1449 | AK6: 0.1455 | AL6: 0.1448 | AM6: 0.145
A7: 46076.821 | B7: =B6+30 -> 120 | C7: 0.14 | D7: 0.1412 | E7: 0.1439 | F7: 0.1466 | G7: 0.1518 | H7: 0.1527 | I7: 0.1423 | J7: 0.1446 | K7: 0.1449 | L7: 0.1464 | M7: 0.1409 | N7: 0.1437 | O7: 0.1481 | P7: 0.1457 | Q7: 0.1513 | R7: 0.1456 | S7: 0.1446 | T7: 0.145 | V7: 0.14 | W7: 0.1412 | X7: 0.1439 | Y7: 0.1464 | Z7: 0.1409 | AA7: 0.1437 | AB7: 0.1466 | AC7: 0.1518 | AD7: 0.1527 | AE7: 0.1481 | AF7: 0.1457 | AG7: 0.1513 | AH7: 0.1423 | AI7: 0.1446 | AJ7: 0.1449 | AK7: 0.1456 | AL7: 0.1446 | AM7: 0.145
A8: 46076.829 | B8: =B7+30 -> 150 | C8: 0.1313 | D8: 0.13 | E8: 0.1309 | F8: 0.1303 | G8: 0.1341 | H8: 0.1321 | I8: 0.1282 | J8: 0.1269 | K8: 0.1307 | L8: 0.1317 | M8: 0.132 | N8: 0.1304 | O8: 0.132 | P8: 0.1331 | Q8: 0.1347 | R8: 0.1244 | S8: 0.1363 | T8: 0.127 | V8: 0.1313 | W8: 0.13 | X8: 0.1309 | Y8: 0.1317 | Z8: 0.132 | AA8: 0.1304 | AB8: 0.1303 | AC8: 0.1341 | AD8: 0.1321 | AE8: 0.132 | AF8: 0.1331 | AG8: 0.1347 | AH8: 0.1282 | AI8: 0.1269 | AJ8: 0.1307 | AK8: 0.1244 | AL8: 0.1363 | AM8: 0.127
B9: =B8+30 -> 180 | C9: 0.1326 | D9: 0.1311 | E9: 0.131 | F9: 0.1311 | G9: 0.1349 | H9: 0.134 | I9: 0.1279 | J9: 0.1279 | K9: 0.1314 | L9: 0.1321 | M9: 0.1324 | N9: 0.1304 | O9: 0.1321 | P9: 0.1348 | Q9: 0.1349 | R9: 0.1246 | S9: 0.1348 | T9: 0.1271 | V9: 0.1326 | W9: 0.1311 | X9: 0.131 | Y9: 0.1321 | Z9: 0.1324 | AA9: 0.1304 | AB9: 0.1311 | AC9: 0.1349 | AD9: 0.134 | AE9: 0.1321 | AF9: 0.1348 | AG9: 0.1349 | AH9: 0.1279 | AI9: 0.1279 | AJ9: 0.1314 | AK9: 0.1246 | AL9: 0.1348 | AM9: 0.1271
B10: =B9+30 -> 210 | C10: 0.1336 | D10: 0.1319 | E10: 0.1317 | F10: 0.1319 | G10: 0.1366 | H10: 0.136 | I10: 0.128 | J10: 0.1299 | K10: 0.1295 | L10: 0.1336 | M10: 0.1334 | N10: 0.1308 | O10: 0.1336 | P10: 0.1371 | Q10: 0.136 | R10: 0.1248 | S10: 0.1364 | T10: 0.1272 | V10: 0.1336 | W10: 0.1319 | X10: 0.1317 | Y10: 0.1336 | Z10: 0.1334 | AA10: 0.1308 | AB10: 0.1319 | AC10: 0.1366 | AD10: 0.136 | AE10: 0.1336 | AF10: 0.1371 | AG10: 0.136 | AH10: 0.128 | AI10: 0.1299 | AJ10: 0.1295 | AK10: 0.1248 | AL10: 0.1364 | AM10: 0.1272
B11: =B10+30 -> 240 | C11: 0.1322 | D11: 0.131 | E11: 0.1312 | F11: 0.1323 | G11: 0.1376 | H11: 0.1377 | I11: 0.1271 | J11: 0.133 | K11: 0.131 | L11: 0.1343 | M11: 0.1333 | N11: 0.1309 | O11: 0.1325 | P11: 0.1387 | Q11: 0.1372 | R11: 0.1252 | S11: 0.1351 | T11: 0.127 | V11: 0.1322 | W11: 0.131 | X11: 0.1312 | Y11: 0.1343 | Z11: 0.1333 | AA11: 0.1309 | AB11: 0.1323 | AC11: 0.1376 | AD11: 0.1377 | AE11: 0.1325 | AF11: 0.1387 | AG11: 0.1372 | AH11: 0.1271 | AI11: 0.133 | AJ11: 0.131 | AK11: 0.1252 | AL11: 0.1351 | AM11: 0.127
B12: =B11+30 -> 270 | C12: 0.1328 | D12: 0.1317 | E12: 0.1311 | F12: 0.1332 | G12: 0.1377 | H12: 0.1391 | I12: 0.1269 | J12: 0.1329 | K12: 0.1312 | L12: 0.1344 | M12: 0.1279 | N12: 0.1322 | O12: 0.1317 | P12: 0.1393 | Q12: 0.1363 | R12: 0.1253 | S12: 0.1348 | T12: 0.1258 | V12: 0.1328 | W12: 0.1317 | X12: 0.1311 | Y12: 0.1344 | Z12: 0.1279 | AA12: 0.1322 | AB12: 0.1332 | AC12: 0.1377 | AD12: 0.1391 | AE12: 0.1317 | AF12: 0.1393 | AG12: 0.1363 | AH12: 0.1269 | AI12: 0.1329 | AJ12: 0.1312 | AK12: 0.1253 | AL12: 0.1348 | AM12: 0.1258
B13: =B12+30 -> 300 | C13: 0.133 | D13: 0.1312 | E13: 0.131 | F13: 0.1333 | G13: 0.1364 | H13: 0.1393 | I13: 0.1267 | J13: 0.1326 | K13: 0.1321 | L13: 0.1337 | M13: 0.1295 | N13: 0.1318 | O13: 0.132 | P13: 0.138 | Q13: 0.1369 | R13: 0.1251 | S13: 0.1341 | T13: 0.1253 | V13: 0.133 | W13: 0.1312 | X13: 0.131 | Y13: 0.1337 | Z13: 0.1295 | AA13: 0.1318 | AB13: 0.1333 | AC13: 0.1364 | AD13: 0.1393 | AE13: 0.132 | AF13: 0.138 | AG13: 0.1369 | AH13: 0.1267 | AI13: 0.1326 | AJ13: 0.1321 | AK13: 0.1251 | AL13: 0.1341 | AM13: 0.1253
B14: =B13+30 -> 330 | C14: 0.1334 | D14: 0.1318 | E14: 0.1311 | F14: 0.1325 | G14: 0.1337 | H14: 0.14 | I14: 0.126 | J14: 0.1321 | K14: 0.132 | L14: 0.135 | M14: 0.1303 | N14: 0.1319 | O14: 0.1303 | P14: 0.1356 | Q14: 0.1373 | R14: 0.1249 | S14: 0.1339 | T14: 0.1254 | V14: 0.1334 | W14: 0.1318 | X14: 0.1311 | Y14: 0.135 | Z14: 0.1303 | AA14: 0.1319 | AB14: 0.1325 | AC14: 0.1337 | AD14: 0.14 | AE14: 0.1303 | AF14: 0.1356 | AG14: 0.1373 | AH14: 0.126 | AI14: 0.1321 | AJ14: 0.132 | AK14: 0.1249 | AL14: 0.1339 | AM14: 0.1254
B15: =B14+30 -> 360 | C15: 0.1335 | D15: 0.131 | E15: 0.131 | F15: 0.1337 | G15: 0.1339 | H15: 0.1397 | I15: 0.1258 | J15: 0.1323 | K15: 0.1323 | L15: 0.1339 | M15: 0.1315 | N15: 0.1327 | O15: 0.1314 | P15: 0.136 | Q15: 0.1362 | R15: 0.1247 | S15: 0.1337 | T15: 0.1263 | V15: 0.1335 | W15: 0.131 | X15: 0.131 | Y15: 0.1339 | Z15: 0.1315 | AA15: 0.1327 | AB15: 0.1337 | AC15: 0.1339 | AD15: 0.1397 | AE15: 0.1314 | AF15: 0.136 | AG15: 0.1362 | AH15: 0.1258 | AI15: 0.1323 | AJ15: 0.1323 | AK15: 0.1247 | AL15: 0.1337 | AM15: 0.1263
B16: =B15+30 -> 390 | C16: 0.1329 | D16: 0.1312 | E16: 0.1308 | F16: 0.1321 | G16: 0.1342 | H16: 0.1401 | I16: 0.1255 | J16: 0.1313 | K16: 0.1309 | L16: 0.1339 | M16: 0.1327 | N16: 0.1335 | O16: 0.1305 | P16: 0.1367 | Q16: 0.135 | R16: 0.1247 | S16: 0.1338 | T16: 0.1264 | V16: 0.1329 | W16: 0.1312 | X16: 0.1308 | Y16: 0.1339 | Z16: 0.1327 | AA16: 0.1335 | AB16: 0.1321 | AC16: 0.1342 | AD16: 0.1401 | AE16: 0.1305 | AF16: 0.1367 | AG16: 0.135 | AH16: 0.1255 | AI16: 0.1313 | AJ16: 0.1309 | AK16: 0.1247 | AL16: 0.1338 | AM16: 0.1264
B17: =B16+30 -> 420 | C17: 0.1331 | D17: 0.1308 | E17: 0.1303 | F17: 0.1323 | G17: 0.1349 | H17: 0.1407 | I17: 0.125 | J17: 0.1294 | K17: 0.1301 | L17: 0.1338 | M17: 0.1317 | N17: 0.1318 | O17: 0.1319 | P17: 0.1368 | Q17: 0.1347 | R17: 0.1245 | S17: 0.1336 | T17: 0.1257 | V17: 0.1331 | W17: 0.1308 | X17: 0.1303 | Y17: 0.1338 | Z17: 0.1317 | AA17: 0.1318 | AB17: 0.1323 | AC17: 0.1349 | AD17: 0.1407 | AE17: 0.1319 | AF17: 0.1368 | AG17: 0.1347 | AH17: 0.125 | AI17: 0.1294 | AJ17: 0.1301 | AK17: 0.1245 | AL17: 0.1336 | AM17: 0.1257
B18: =B17+30 -> 450 | C18: 0.1331 | D18: 0.1315 | E18: 0.1309 | F18: 0.1315 | G18: 0.1344 | H18: 0.1407 | I18: 0.1244 | J18: 0.1302 | K18: 0.1302 | L18: 0.1336 | M18: 0.1318 | N18: 0.1306 | O18: 0.1318 | P18: 0.1365 | Q18: 0.1346 | R18: 0.1244 | S18: 0.1335 | T18: 0.1262 | V18: 0.1331 | W18: 0.1315 | X18: 0.1309 | Y18: 0.1336 | Z18: 0.1318 | AA18: 0.1306 | AB18: 0.1315 | AC18: 0.1344 | AD18: 0.1407 | AE18: 0.1318 | AF18: 0.1365 | AG18: 0.1346 | AH18: 0.1244 | AI18: 0.1302 | AJ18: 0.1302 | AK18: 0.1244 | AL18: 0.1335 | AM18: 0.1262
B19: =B18+30 -> 480 | C19: 0.1329 | D19: 0.1315 | E19: 0.1308 | F19: 0.1327 | G19: 0.1343 | H19: 0.1411 | I19: 0.1242 | J19: 0.1296 | K19: 0.1302 | L19: 0.134 | M19: 0.1312 | N19: 0.1309 | O19: 0.1328 | P19: 0.137 | Q19: 0.1359 | R19: 0.1241 | S19: 0.1335 | T19: 0.1262 | V19: 0.1329 | W19: 0.1315 | X19: 0.1308 | Y19: 0.134 | Z19: 0.1312 | AA19: 0.1309 | AB19: 0.1327 | AC19: 0.1343 | AD19: 0.1411 | AE19: 0.1328 | AF19: 0.137 | AG19: 0.1359 | AH19: 0.1242 | AI19: 0.1296 | AJ19: 0.1302 | AK19: 0.1241 | AL19: 0.1335 | AM19: 0.1262
B20: =B19+30 -> 510 | C20: 0.1334 | D20: 0.1313 | E20: 0.1312 | F20: 0.1332 | G20: 0.135 | H20: 0.1412 | I20: 0.1242 | J20: 0.1293 | K20: 0.1299 | L20: 0.1336 | M20: 0.1306 | N20: 0.1314 | O20: 0.1332 | P20: 0.1372 | Q20: 0.137 | R20: 0.1242 | S20: 0.1337 | T20: 0.1262 | V20: 0.1334 | W20: 0.1313 | X20: 0.1312 | Y20: 0.1336 | Z20: 0.1306 | AA20: 0.1314 | AB20: 0.1332 | AC20: 0.135 | AD20: 0.1412 | AE20: 0.1332 | AF20: 0.1372 | AG20: 0.137 | AH20: 0.1242 | AI20: 0.1293 | AJ20: 0.1299 | AK20: 0.1242 | AL20: 0.1337 | AM20: 0.1262
... B29: =B28+30 -> 780 | C29: 0.1326 | D29: 0.1309 | E29: 0.1302 | F29: 0.1306 | G29: 0.1339 | H29: 0.1401 | I29: 0.1212 | J29: 0.1287 | K29: 0.1279 | L29: 0.1311 | M29: 0.1293 | N29: 0.1293 | O29: 0.1313 | P29: 0.1367 | Q29: 0.1356 | R29: 0.1238 | S29: 0.1334 | T29: 0.1261 | V29: 0.1326 | W29: 0.1309 | X29: 0.1302 | Y29: 0.1311 | Z29: 0.1293 | AA29: 0.1293 | AB29: 0.1306 | AC29: 0.1339 | AD29: 0.1401 | AE29: 0.1313 | AF29: 0.1367 | AG29: 0.1356 | AH29: 0.1212 | AI29: 0.1287 | AJ29: 0.1279 | AK29: 0.1238 | AL29: 0.1334 | AM29: 0.1261
B30: =B29+40 -> 820 | C30: 0.1329 | D30: 0.1309 | E30: 0.1307 | F30: 0.1307 | G30: 0.1338 | H30: 0.1402 | I30: 0.1211 | J30: 0.1291 | K30: 0.1282 | L30: 0.1312 | M30: 0.1298 | N30: 0.1294 | O30: 0.1313 | P30: 0.1368 | Q30: 0.136 | R30: 0.1237 | S30: 0.1333 | T30: 0.1265 | V30: 0.1329 | W30: 0.1309 | X30: 0.1307 | Y30: 0.1312 | Z30: 0.1298 | AA30: 0.1294 | AB30: 0.1307 | AC30: 0.1338 | AD30: 0.1402 | AE30: 0.1313 | AF30: 0.1368 | AG30: 0.136 | AH30: 0.1211 | AI30: 0.1291 | AJ30: 0.1282 | AK30: 0.1237 | AL30: 0.1333 | AM30: 0.1265
B31: =B30+30 -> 850 | C31: 0.1329 | D31: 0.1311 | E31: 0.1304 | F31: 0.1304 | G31: 0.1336 | H31: 0.1401 | I31: 0.121 | J31: 0.1289 | K31: 0.1279 | L31: 0.131 | M31: 0.1297 | N31: 0.1296 | O31: 0.1315 | P31: 0.1373 | Q31: 0.1359 | R31: 0.1235 | S31: 0.1332 | T31: 0.1265 | V31: 0.1329 | W31: 0.1311 | X31: 0.1304 | Y31: 0.131 | Z31: 0.1297 | AA31: 0.1296 | AB31: 0.1304 | AC31: 0.1336 | AD31: 0.1401 | AE31: 0.1315 | AF31: 0.1373 | AG31: 0.1359 | AH31: 0.121 | AI31: 0.1289 | AJ31: 0.1279 | AK31: 0.1235 | AL31: 0.1332 | AM31: 0.1265
B32: =B31+30 -> 880 | C32: 0.1327 | D32: 0.1314 | E32: 0.1302 | F32: 0.1306 | G32: 0.134 | H32: 0.1405 | I32: 0.121 | J32: 0.1286 | K32: 0.1279 | L32: 0.1305 | M32: 0.1293 | N32: 0.1291 | O32: 0.1318 | P32: 0.1371 | Q32: 0.1357 | R32: 0.1235 | S32: 0.1332 | T32: 0.1264 | V32: 0.1327 | W32: 0.1314 | X32: 0.1302 | Y32: 0.1305 | Z32: 0.1293 | AA32: 0.1291 | AB32: 0.1306 | AC32: 0.134 | AD32: 0.1405 | AE32: 0.1318 | AF32: 0.1371 | AG32: 0.1357 | AH32: 0.121 | AI32: 0.1286 | AJ32: 0.1279 | AK32: 0.1235 | AL32: 0.1332 | AM32: 0.1264
B33: =B32+30 -> 910 | C33: 0.1328 | D33: 0.131 | E33: 0.1301 | F33: 0.1302 | G33: 0.1337 | H33: 0.1403 | I33: 0.1209 | J33: 0.1284 | K33: 0.1276 | L33: 0.1304 | M33: 0.1293 | N33: 0.129 | O33: 0.1312 | P33: 0.1368 | Q33: 0.1354 | R33: 0.1235 | S33: 0.1334 | T33: 0.1265 | V33: 0.1328 | W33: 0.131 | X33: 0.1301 | Y33: 0.1304 | Z33: 0.1293 | AA33: 0.129 | AB33: 0.1302 | AC33: 0.1337 | AD33: 0.1403 | AE33: 0.1312 | AF33: 0.1368 | AG33: 0.1354 | AH33: 0.1209 | AI33: 0.1284 | AJ33: 0.1276 | AK33: 0.1235 | AL33: 0.1334 | AM33: 0.1265
